[1766136395.145][INFO]: Starting Microsoft Edge WebDriver 143.0.3650.80 (788579717f688c0cf5ee6a0a56386924d0af7ae8) on port 60390
[1766136395.145][INFO]: Please see https://aka.ms/WebDriverSecurity for suggestions on keeping Microsoft Edge WebDriver safe.
[1766136395.150][INFO]: msedgedriver was started successfully on port 60390
[1766136395.682][INFO]: [8cac16ba8b44337f2ba68d6c6e00a2d1] COMMAND InitSession {
   "capabilities": {
      "alwaysMatch": {
         "acceptInsecureCerts": true,
         "browserName": "MicrosoftEdge",
         "browserVersion": null,
         "ms:edgeOptions": {
            "args": [ "--start-maximized", "--disable-blink-features=AutomationControlled" ],
            "binary": "C:\\Program Files (x86)\\Microsoft\\Edge\\Application\\msedge.exe",
            "detach": true,
            "excludeSwitches": [ "enable-automation" ],
            "extensions": [  ]
         },
         "pageLoadStrategy": "normal",
         "timeouts": {
            "implicit": 2000
         }
      },
      "firstMatch": [ {
      } ]
   }
}
[1766136395.687][INFO]: Populating Preferences file: {
   "alternate_error_pages": {
      "enabled": false
   },
   "autofill": {
      "enabled": false
   },
   "browser": {
      "check_default_browser": false
   },
   "distribution": {
      "import_bookmarks": false,
      "import_history": false,
      "import_search_engine": false,
      "make_chrome_default_for_user": false,
      "skip_first_run_ui": true
   },
   "dns_prefetching": {
      "enabled": false
   },
   "profile": {
      "content_settings": {
         "pattern_pairs": {
            "https://*,*": {
               "media-stream": {
                  "audio": "Default",
                  "video": "Default"
               }
            }
         }
      },
      "default_content_setting_values": {
         "geolocation": 1
      },
      "default_content_settings": {
         "geolocation": 1,
         "mouselock": 1,
         "notifications": 1,
         "popups": 1,
         "ppapi-broker": 1
      },
      "password_manager_enabled": false
   },
   "safebrowsing": {
      "enabled": false
   },
   "search": {
      "suggest_enabled": false
   },
   "translate": {
      "enabled": false
   }
}
[1766136395.688][INFO]: Populating Local State file: {
   "background_mode": {
      "enabled": false
   },
   "ssl": {
      "rev_checking": {
         "enabled": false
      }
   }
}
[1766136395.688][INFO]: ChromeDriver supports communication with Chrome via pipes. This is more reliable and more secure.
[1766136395.688][INFO]: Use the --remote-debugging-pipe Chrome switch instead of the default --remote-debugging-port to enable this communication mode.
[1766136395.690][INFO]: WEBVIEW2_ADDITIONAL_BROWSER_ARGUMENTS = 
[1766136395.690][INFO]: Launching Microsoft Edge: "C:\Program Files (x86)\Microsoft\Edge\Application\msedge.exe" --allow-pre-commit-input --disable-background-networking --disable-backgrounding-occluded-windows --disable-blink-features=AutomationControlled --disable-client-side-phishing-detection --disable-default-apps --disable-features=IgnoreDuplicateNavs,Prewarm --disable-hang-monitor --disable-popup-blocking --disable-prompt-on-repost --disable-sync --edge-skip-compat-layer-relaunch --enable-logging --ignore-certificate-errors --log-level=0 --no-first-run --no-service-autorun --password-store=basic --remote-debugging-port=0 --start-maximized --test-type=webdriver --use-mock-keychain --user-data-dir="C:\Users\34194\AppData\Local\Temp\scoped_dir12572_1767831787" data:,
[1766136395.946][DEBUG]: DevTools HTTP Request: http://localhost:60393/json/version
[1766136396.259][DEBUG]: DevTools HTTP Response: {
   "Browser": "Edg/143.0.3650.80",
   "Protocol-Version": "1.3",
   "User-Agent": "Mozilla/5.0 (Windows NT 10.0; Win64; x64) AppleWebKit/537.36 (KHTML, like Gecko) Chrome/143.0.0.0 Safari/537.36 Edg/143.0.0.0",
   "V8-Version": "14.3.27.6",
   "WebKit-Version": "537.36 (@788579717f688c0cf5ee6a0a56386924d0af7ae8)",
   "webSocketDebuggerUrl": "ws://localhost:60393/devtools/browser/73ab6bea-c789-4268-a4c3-fc126a7c05cd"
}

[1766136396.259][DEBUG]: DevTools HTTP Request: http://localhost:60393/json/list
[1766136396.259][DEBUG]: DevTools HTTP Response: [ {
   "description": "",
   "devtoolsFrontendUrl": "https://aka.ms/docs-landing-page/serve_rev/@788579717f688c0cf5ee6a0a56386924d0af7ae8/inspector.html?ws=localhost:60393/devtools/page/5DE497F544D78911CBD1B96C7216F4D3",
   "id": "5DE497F544D78911CBD1B96C7216F4D3",
   "title": "data:,",
   "type": "page",
   "url": "data:,",
   "webSocketDebuggerUrl": "ws://localhost:60393/devtools/page/5DE497F544D78911CBD1B96C7216F4D3"
} ]

[1766136396.263][INFO]: resolved localhost to ["::1","127.0.0.1"]
[1766136396.264][DEBUG]: DevTools WebSocket Command: Security.setIgnoreCertificateErrors (id=1) (session_id=) browser {
   "ignore": true
}
[1766136396.265][DEBUG]: DevTools WebSocket Response: Security.setIgnoreCertificateErrors (id=1) (session_id=) browser {
}
[1766136396.265][DEBUG]: DevTools WebSocket Command: Target.getTargets (id=2) (session_id=) browser {
   "filter": [ {
      "exclude": true,
      "type": "browser"
   }, {
      "exclude": true,
      "type": "page"
   }, {
      "exclude": false
   } ]
}
[1766136396.265][DEBUG]: DevTools WebSocket Response: Target.getTargets (id=2) (session_id=) browser {
   "targetInfos": [ {
      "attached": false,
      "browserContextId": "6E0E0796634255FD650C6C4820436FE9",
      "canAccessOpener": false,
      "pid": 0,
      "targetId": "8BCEB5B42101D035E790F592FEF784D5",
      "title": "data:,",
      "type": "tab",
      "url": "data:,"
   } ]
}
[1766136396.265][DEBUG]: DevTools WebSocket Command: Target.attachToTarget (id=3) (session_id=) browser {
   "flatten": true,
   "targetId": "8BCEB5B42101D035E790F592FEF784D5"
}
[1766136396.265][DEBUG]: DevTools WebSocket Event: Target.attachedToTarget (session_id=) browser {
   "sessionId": "90E3529A52A349D813FFCEB5E41ED17C",
   "targetInfo": {
      "attached": true,
      "browserContextId": "6E0E0796634255FD650C6C4820436FE9",
      "canAccessOpener": false,
      "pid": 0,
      "targetId": "8BCEB5B42101D035E790F592FEF784D5",
      "title": "data:,",
      "type": "tab",
      "url": "data:,"
   },
   "waitingForDebugger": false
}
[1766136396.265][DEBUG]: DevTools WebSocket Response: Target.attachToTarget (id=3) (session_id=) browser {
   "sessionId": "90E3529A52A349D813FFCEB5E41ED17C"
}
[1766136396.265][DEBUG]: DevTools WebSocket Command: Target.setAutoAttach (id=4) (session_id=90E3529A52A349D813FFCEB5E41ED17C) 8BCEB5B42101D035E790F592FEF784D5 {
   "autoAttach": true,
   "flatten": true,
   "waitForDebuggerOnStart": false
}
[1766136396.266][DEBUG]: DevTools WebSocket Event: Target.attachedToTarget (session_id=90E3529A52A349D813FFCEB5E41ED17C) 8BCEB5B42101D035E790F592FEF784D5 {
   "sessionId": "0AAA18818893BB4F6B34C271151FCEB6",
   "targetInfo": {
      "attached": true,
      "browserContextId": "6E0E0796634255FD650C6C4820436FE9",
      "canAccessOpener": false,
      "pid": 19664,
      "targetId": "5DE497F544D78911CBD1B96C7216F4D3",
      "title": "data:,",
      "type": "page",
      "url": "data:,"
   },
   "waitingForDebugger": false
}
[1766136396.266][DEBUG]: DevTools WebSocket Command: Page.enable (id=5) (session_id=0AAA18818893BB4F6B34C271151FCEB6) 5DE497F544D78911CBD1B96C7216F4D3 {
}
[1766136396.266][DEBUG]: DevTools WebSocket Command: Page.addScriptToEvaluateOnNewDocument (id=6) (session_id=0AAA18818893BB4F6B34C271151FCEB6) 5DE497F544D78911CBD1B96C7216F4D3 {
   "source": "(function () {window.cdc_adoQpoasnfa76pfcZLmcfl_Array = window.Array;window.cdc_adoQpoasnfa76pfcZLmcfl_Object = window.Object;window.cdc_adoQpoasnfa76pfcZLmcfl_Promise = window.Promise;window.cdc_a..."
}
[1766136396.266][DEBUG]: DevTools WebSocket Command: Runtime.evaluate (id=7) (session_id=0AAA18818893BB4F6B34C271151FCEB6) 5DE497F544D78911CBD1B96C7216F4D3 {
   "expression": "(function () {window.cdc_adoQpoasnfa76pfcZLmcfl_Array = window.Array;window.cdc_adoQpoasnfa76pfcZLmcfl_Object = window.Object;window.cdc_adoQpoasnfa76pfcZLmcfl_Promise = window.Promise;window.cdc_a..."
}
[1766136396.266][DEBUG]: DevTools WebSocket Command: Log.enable (id=8) (session_id=0AAA18818893BB4F6B34C271151FCEB6) 5DE497F544D78911CBD1B96C7216F4D3 {
}
[1766136396.266][DEBUG]: DevTools WebSocket Command: Target.setAutoAttach (id=9) (session_id=0AAA18818893BB4F6B34C271151FCEB6) 5DE497F544D78911CBD1B96C7216F4D3 {
   "autoAttach": true,
   "flatten": true,
   "waitForDebuggerOnStart": false
}
[1766136396.266][DEBUG]: DevTools WebSocket Response: Target.setAutoAttach (id=4) (session_id=90E3529A52A349D813FFCEB5E41ED17C) 8BCEB5B42101D035E790F592FEF784D5 {
}
[1766136396.267][DEBUG]: DevTools WebSocket Response: Page.enable (id=5) (session_id=0AAA18818893BB4F6B34C271151FCEB6) 5DE497F544D78911CBD1B96C7216F4D3 {
}
[1766136396.267][DEBUG]: DevTools WebSocket Response: Page.addScriptToEvaluateOnNewDocument (id=6) (session_id=0AAA18818893BB4F6B34C271151FCEB6) 5DE497F544D78911CBD1B96C7216F4D3 {
   "identifier": "1"
}
[1766136396.267][DEBUG]: DevTools WebSocket Response: Runtime.evaluate (id=7) (session_id=0AAA18818893BB4F6B34C271151FCEB6) 5DE497F544D78911CBD1B96C7216F4D3 {
   "result": {
      "type": "undefined"
   }
}
[1766136396.267][DEBUG]: DevTools WebSocket Response: Log.enable (id=8) (session_id=0AAA18818893BB4F6B34C271151FCEB6) 5DE497F544D78911CBD1B96C7216F4D3 {
}
[1766136396.267][DEBUG]: DevTools WebSocket Response: Target.setAutoAttach (id=9) (session_id=0AAA18818893BB4F6B34C271151FCEB6) 5DE497F544D78911CBD1B96C7216F4D3 {
}
[1766136396.267][DEBUG]: DevTools WebSocket Command: Runtime.enable (id=10) (session_id=0AAA18818893BB4F6B34C271151FCEB6) 5DE497F544D78911CBD1B96C7216F4D3 {
}
[1766136396.267][DEBUG]: DevTools WebSocket Event: Runtime.executionContextCreated (session_id=0AAA18818893BB4F6B34C271151FCEB6) 5DE497F544D78911CBD1B96C7216F4D3 {
   "context": {
      "auxData": {
         "frameId": "5DE497F544D78911CBD1B96C7216F4D3",
         "isDefault": true,
         "type": "default"
      },
      "id": 1,
      "name": "",
      "origin": "://",
      "uniqueId": "-580256905953010222.-3539955279674376583"
   }
}
[1766136396.267][DEBUG]: DevTools WebSocket Response: Runtime.enable (id=10) (session_id=0AAA18818893BB4F6B34C271151FCEB6) 5DE497F544D78911CBD1B96C7216F4D3 {
}
[1766136396.267][DEBUG]: DevTools WebSocket Command: Runtime.enable (id=11) (session_id=0AAA18818893BB4F6B34C271151FCEB6) 5DE497F544D78911CBD1B96C7216F4D3 {
}
[1766136396.267][DEBUG]: DevTools WebSocket Response: Runtime.enable (id=11) (session_id=0AAA18818893BB4F6B34C271151FCEB6) 5DE497F544D78911CBD1B96C7216F4D3 {
}
[1766136396.267][INFO]: [8cac16ba8b44337f2ba68d6c6e00a2d1] RESPONSE InitSession {
   "capabilities": {
      "acceptInsecureCerts": true,
      "browserName": "MicrosoftEdge",
      "browserVersion": "143.0.3650.80",
      "fedcm:accounts": true,
      "goog:processID": 3148,
      "ms:edgeOptions": {
         "debuggerAddress": "localhost:60393"
      },
      "msedge": {
         "msedgedriverVersion": "143.0.3650.80 (788579717f688c0cf5ee6a0a56386924d0af7ae8)",
         "userDataDir": "C:\\Users\\34194\\AppData\\Local\\Temp\\scoped_dir12572_1767831787"
      },
      "networkConnectionEnabled": false,
      "pageLoadStrategy": "normal",
      "platformName": "windows",
      "proxy": {
      },
      "setWindowRect": true,
      "strictFileInteractability": false,
      "timeouts": {
         "implicit": 2000,
         "pageLoad": 300000,
         "script": 30000
      },
      "unhandledPromptBehavior": "dismiss and notify",
      "webauthn:extension:credBlob": true,
      "webauthn:extension:largeBlob": true,
      "webauthn:extension:minPinLength": true,
      "webauthn:extension:prf": true,
      "~~~": "..."
   },
   "sessionId": "8cac16ba8b44337f2ba68d6c6e00a2d1"
}
[1766136396.269][INFO]: [8cac16ba8b44337f2ba68d6c6e00a2d1] COMMAND Navigate {
   "url": "https://spa1.scrape.center/"
}
[1766136396.269][INFO]: Waiting for pending navigations...
[1766136396.269][DEBUG]: DevTools WebSocket Command: Runtime.evaluate (id=12) (session_id=0AAA18818893BB4F6B34C271151FCEB6) 5DE497F544D78911CBD1B96C7216F4D3 {
   "expression": "1"
}
[1766136396.269][DEBUG]: DevTools WebSocket Response: Runtime.evaluate (id=12) (session_id=0AAA18818893BB4F6B34C271151FCEB6) 5DE497F544D78911CBD1B96C7216F4D3 {
   "result": {
      "description": "1",
      "type": "number",
      "value": 1
   }
}
[1766136396.269][DEBUG]: DevTools WebSocket Command: Runtime.evaluate (id=13) (session_id=0AAA18818893BB4F6B34C271151FCEB6) 5DE497F544D78911CBD1B96C7216F4D3 {
   "expression": "document",
   "objectGroup": "a74f51d3-7ad0-4018-9aae-17d97269d03c"
}
[1766136396.270][DEBUG]: DevTools WebSocket Response: Runtime.evaluate (id=13) (session_id=0AAA18818893BB4F6B34C271151FCEB6) 5DE497F544D78911CBD1B96C7216F4D3 {
   "result": {
      "className": "HTMLDocument",
      "description": "#document",
      "objectId": "-5282709265314000012.1.1",
      "subtype": "node",
      "type": "object"
   }
}
[1766136396.270][DEBUG]: DevTools WebSocket Command: DOM.describeNode (id=14) (session_id=0AAA18818893BB4F6B34C271151FCEB6) 5DE497F544D78911CBD1B96C7216F4D3 {
   "objectId": "-5282709265314000012.1.1"
}
[1766136396.270][DEBUG]: DevTools WebSocket Response: DOM.describeNode (id=14) (session_id=0AAA18818893BB4F6B34C271151FCEB6) 5DE497F544D78911CBD1B96C7216F4D3 {
   "node": {
      "backendNodeId": 1,
      "baseURL": "data:,",
      "childNodeCount": 1,
      "compatibilityMode": "NoQuirksMode",
      "documentURL": "data:,",
      "localName": "",
      "nodeId": 0,
      "nodeName": "#document",
      "nodeType": 9,
      "nodeValue": "",
      "xmlVersion": ""
   }
}
[1766136396.270][DEBUG]: DevTools WebSocket Command: Runtime.releaseObjectGroup (id=15) (session_id=0AAA18818893BB4F6B34C271151FCEB6) 5DE497F544D78911CBD1B96C7216F4D3 {
   "objectGroup": "a74f51d3-7ad0-4018-9aae-17d97269d03c"
}
[1766136396.270][DEBUG]: DevTools WebSocket Command: Runtime.evaluate (id=16) (session_id=0AAA18818893BB4F6B34C271151FCEB6) 5DE497F544D78911CBD1B96C7216F4D3 {
   "awaitPromise": false,
   "expression": "document.readyState",
   "returnByValue": true,
   "uniqueContextId": "-580256905953010222.-3539955279674376583"
}
[1766136396.271][DEBUG]: DevTools WebSocket Response: Runtime.releaseObjectGroup (id=15) (session_id=0AAA18818893BB4F6B34C271151FCEB6) 5DE497F544D78911CBD1B96C7216F4D3 {
}
[1766136396.271][DEBUG]: DevTools WebSocket Response: Runtime.evaluate (id=16) (session_id=0AAA18818893BB4F6B34C271151FCEB6) 5DE497F544D78911CBD1B96C7216F4D3 {
   "result": {
      "type": "string",
      "value": "complete"
   }
}
[1766136396.271][INFO]: Done waiting for pending navigations. Status: ok
[1766136396.271][DEBUG]: DevTools WebSocket Command: Page.navigate (id=17) (session_id=0AAA18818893BB4F6B34C271151FCEB6) 5DE497F544D78911CBD1B96C7216F4D3 {
   "url": "https://spa1.scrape.center/"
}
[1766136396.277][DEBUG]: DevTools WebSocket Event: Page.frameStartedNavigating (session_id=0AAA18818893BB4F6B34C271151FCEB6) 5DE497F544D78911CBD1B96C7216F4D3 {
   "frameId": "5DE497F544D78911CBD1B96C7216F4D3",
   "loaderId": "5017C2A040EE4D9953D9F7C6D2E8BB92",
   "navigationType": "differentDocument",
   "url": "https://spa1.scrape.center/"
}
[1766136396.279][DEBUG]: DevTools WebSocket Event: Page.frameStartedLoading (session_id=0AAA18818893BB4F6B34C271151FCEB6) 5DE497F544D78911CBD1B96C7216F4D3 {
   "frameId": "5DE497F544D78911CBD1B96C7216F4D3"
}
[1766136397.499][DEBUG]: DevTools WebSocket Response: Page.navigate (id=17) (session_id=0AAA18818893BB4F6B34C271151FCEB6) 5DE497F544D78911CBD1B96C7216F4D3 {
   "frameId": "5DE497F544D78911CBD1B96C7216F4D3",
   "isDownload": false,
   "loaderId": "5017C2A040EE4D9953D9F7C6D2E8BB92"
}
[1766136397.499][INFO]: Waiting for pending navigations...
[1766136397.499][DEBUG]: DevTools WebSocket Command: Runtime.evaluate (id=18) (session_id=0AAA18818893BB4F6B34C271151FCEB6) 5DE497F544D78911CBD1B96C7216F4D3 {
   "expression": "1"
}
[1766136397.500][DEBUG]: DevTools WebSocket Event: Runtime.executionContextsCleared (session_id=0AAA18818893BB4F6B34C271151FCEB6) 5DE497F544D78911CBD1B96C7216F4D3 {
}
[1766136397.501][DEBUG]: DevTools WebSocket Event: Runtime.executionContextsCleared (session_id=0AAA18818893BB4F6B34C271151FCEB6) 5DE497F544D78911CBD1B96C7216F4D3 {
}
[1766136397.501][DEBUG]: DevTools WebSocket Event: Page.frameNavigated (session_id=0AAA18818893BB4F6B34C271151FCEB6) 5DE497F544D78911CBD1B96C7216F4D3 {
   "frame": {
      "adFrameStatus": {
         "adFrameType": "none"
      },
      "crossOriginIsolatedContextType": "NotIsolated",
      "domainAndRegistry": "scrape.center",
      "gatedAPIFeatures": [  ],
      "id": "5DE497F544D78911CBD1B96C7216F4D3",
      "loaderId": "5017C2A040EE4D9953D9F7C6D2E8BB92",
      "mimeType": "text/html",
      "secureContextType": "Secure",
      "securityOrigin": "https://spa1.scrape.center",
      "securityOriginDetails": {
         "isLocalhost": false
      },
      "url": "https://spa1.scrape.center/"
   },
   "type": "Navigation"
}
[1766136397.514][DEBUG]: DevTools WebSocket Event: Runtime.executionContextCreated (session_id=0AAA18818893BB4F6B34C271151FCEB6) 5DE497F544D78911CBD1B96C7216F4D3 {
   "context": {
      "auxData": {
         "frameId": "5DE497F544D78911CBD1B96C7216F4D3",
         "isDefault": true,
         "type": "default"
      },
      "id": 1,
      "name": "",
      "origin": "https://spa1.scrape.center",
      "uniqueId": "-88754438306678378.-5366136884038128798"
   }
}
[1766136397.517][DEBUG]: DevTools WebSocket Response: Runtime.evaluate (id=18) (session_id=0AAA18818893BB4F6B34C271151FCEB6) 5DE497F544D78911CBD1B96C7216F4D3 {
   "result": {
      "description": "1",
      "type": "number",
      "value": 1
   }
}
[1766136397.650][DEBUG]: DevTools WebSocket Event: Page.domContentEventFired (session_id=0AAA18818893BB4F6B34C271151FCEB6) 5DE497F544D78911CBD1B96C7216F4D3 {
   "timestamp": 169309.566679
}
[1766136397.650][DEBUG]: DevTools WebSocket Command: Runtime.evaluate (id=19) (session_id=0AAA18818893BB4F6B34C271151FCEB6) 5DE497F544D78911CBD1B96C7216F4D3 {
   "expression": "1"
}
[1766136397.655][DEBUG]: DevTools WebSocket Response: Runtime.evaluate (id=19) (session_id=0AAA18818893BB4F6B34C271151FCEB6) 5DE497F544D78911CBD1B96C7216F4D3 {
   "result": {
      "description": "1",
      "type": "number",
      "value": 1
   }
}
[1766136398.159][DEBUG]: DevTools WebSocket Command: Runtime.evaluate (id=20) (session_id=0AAA18818893BB4F6B34C271151FCEB6) 5DE497F544D78911CBD1B96C7216F4D3 {
   "expression": "1"
}
[1766136398.212][DEBUG]: DevTools WebSocket Response: Runtime.evaluate (id=20) (session_id=0AAA18818893BB4F6B34C271151FCEB6) 5DE497F544D78911CBD1B96C7216F4D3 {
   "result": {
      "description": "1",
      "type": "number",
      "value": 1
   }
}
[1766136398.302][DEBUG]: DevTools WebSocket Event: Page.loadEventFired (session_id=0AAA18818893BB4F6B34C271151FCEB6) 5DE497F544D78911CBD1B96C7216F4D3 {
   "timestamp": 169310.218719
}
[1766136398.302][DEBUG]: DevTools WebSocket Command: Runtime.evaluate (id=21) (session_id=0AAA18818893BB4F6B34C271151FCEB6) 5DE497F544D78911CBD1B96C7216F4D3 {
   "awaitPromise": false,
   "expression": "document.readyState",
   "returnByValue": true,
   "uniqueContextId": "-88754438306678378.-5366136884038128798"
}
[1766136398.303][DEBUG]: DevTools WebSocket Event: Page.frameStoppedLoading (session_id=0AAA18818893BB4F6B34C271151FCEB6) 5DE497F544D78911CBD1B96C7216F4D3 {
   "frameId": "5DE497F544D78911CBD1B96C7216F4D3"
}
[1766136398.304][DEBUG]: DevTools WebSocket Response: Runtime.evaluate (id=21) (session_id=0AAA18818893BB4F6B34C271151FCEB6) 5DE497F544D78911CBD1B96C7216F4D3 {
   "result": {
      "type": "string",
      "value": "complete"
   }
}
[1766136398.304][DEBUG]: DevTools WebSocket Command: Runtime.evaluate (id=22) (session_id=0AAA18818893BB4F6B34C271151FCEB6) 5DE497F544D78911CBD1B96C7216F4D3 {
   "expression": "1"
}
[1766136398.304][DEBUG]: DevTools WebSocket Response: Runtime.evaluate (id=22) (session_id=0AAA18818893BB4F6B34C271151FCEB6) 5DE497F544D78911CBD1B96C7216F4D3 {
   "result": {
      "description": "1",
      "type": "number",
      "value": 1
   }
}
[1766136398.304][INFO]: Done waiting for pending navigations. Status: ok
[1766136398.304][INFO]: [8cac16ba8b44337f2ba68d6c6e00a2d1] RESPONSE Navigate
[1766136398.305][INFO]: [8cac16ba8b44337f2ba68d6c6e00a2d1] COMMAND FindElements {
   "using": "css selector",
   "value": ".el-card__body"
}
[1766136398.305][INFO]: Waiting for pending navigations...
[1766136398.305][DEBUG]: DevTools WebSocket Command: Runtime.evaluate (id=23) (session_id=0AAA18818893BB4F6B34C271151FCEB6) 5DE497F544D78911CBD1B96C7216F4D3 {
   "expression": "1"
}
[1766136398.308][DEBUG]: DevTools WebSocket Response: Runtime.evaluate (id=23) (session_id=0AAA18818893BB4F6B34C271151FCEB6) 5DE497F544D78911CBD1B96C7216F4D3 {
   "result": {
      "description": "1",
      "type": "number",
      "value": 1
   }
}
[1766136398.308][INFO]: Done waiting for pending navigations. Status: ok
[1766136398.308][DEBUG]: DevTools WebSocket Command: Page.getFrameTree (id=24) (session_id=0AAA18818893BB4F6B34C271151FCEB6) 5DE497F544D78911CBD1B96C7216F4D3 {
}
[1766136398.309][DEBUG]: DevTools WebSocket Response: Page.getFrameTree (id=24) (session_id=0AAA18818893BB4F6B34C271151FCEB6) 5DE497F544D78911CBD1B96C7216F4D3 {
   "frameTree": {
      "frame": {
         "adFrameStatus": {
            "adFrameType": "none"
         },
         "crossOriginIsolatedContextType": "NotIsolated",
         "domainAndRegistry": "scrape.center",
         "gatedAPIFeatures": [  ],
         "id": "5DE497F544D78911CBD1B96C7216F4D3",
         "loaderId": "5017C2A040EE4D9953D9F7C6D2E8BB92",
         "mimeType": "text/html",
         "secureContextType": "Secure",
         "securityOrigin": "https://spa1.scrape.center",
         "securityOriginDetails": {
            "isLocalhost": false
         },
         "url": "https://spa1.scrape.center/"
      }
   }
}
[1766136398.309][DEBUG]: DevTools WebSocket Command: Page.getFrameTree (id=25) (session_id=0AAA18818893BB4F6B34C271151FCEB6) 5DE497F544D78911CBD1B96C7216F4D3 {
}
[1766136398.309][DEBUG]: DevTools WebSocket Response: Page.getFrameTree (id=25) (session_id=0AAA18818893BB4F6B34C271151FCEB6) 5DE497F544D78911CBD1B96C7216F4D3 {
   "frameTree": {
      "frame": {
         "adFrameStatus": {
            "adFrameType": "none"
         },
         "crossOriginIsolatedContextType": "NotIsolated",
         "domainAndRegistry": "scrape.center",
         "gatedAPIFeatures": [  ],
         "id": "5DE497F544D78911CBD1B96C7216F4D3",
         "loaderId": "5017C2A040EE4D9953D9F7C6D2E8BB92",
         "mimeType": "text/html",
         "secureContextType": "Secure",
         "securityOrigin": "https://spa1.scrape.center",
         "securityOriginDetails": {
            "isLocalhost": false
         },
         "url": "https://spa1.scrape.center/"
      }
   }
}
[1766136398.310][DEBUG]: DevTools WebSocket Command: Runtime.callFunctionOn (id=26) (session_id=0AAA18818893BB4F6B34C271151FCEB6) 5DE497F544D78911CBD1B96C7216F4D3 {
   "arguments": [  ],
   "awaitPromise": true,
   "functionDeclaration": "function(){ return (function() { // Copyright 2012 The Chromium Authors\n// Use of this source code is governed by a BSD-style license that can be\n// found in the LICENSE file.\n\n/**\n * Enum for WebD...",
   "serializationOptions": {
      "serialization": "deep"
   },
   "uniqueContextId": "-88754438306678378.-5366136884038128798"
}
[1766136398.316][DEBUG]: DevTools WebSocket Response: Runtime.callFunctionOn (id=26) (session_id=0AAA18818893BB4F6B34C271151FCEB6) 5DE497F544D78911CBD1B96C7216F4D3 {
   "result": {
      "className": "Array",
      "deepSerializedValue": {
         "type": "array",
         "value": [ {
            "type": "string",
            "value": "{\"status\":0,\"value\":[]}"
         } ]
      },
      "description": "Array(1)",
      "objectId": "1667652473473659487.1.1",
      "subtype": "array",
      "type": "object"
   }
}
[1766136398.377][DEBUG]: DevTools WebSocket Command: Page.getFrameTree (id=27) (session_id=0AAA18818893BB4F6B34C271151FCEB6) 5DE497F544D78911CBD1B96C7216F4D3 {
}
[1766136398.378][DEBUG]: DevTools WebSocket Response: Page.getFrameTree (id=27) (session_id=0AAA18818893BB4F6B34C271151FCEB6) 5DE497F544D78911CBD1B96C7216F4D3 {
   "frameTree": {
      "frame": {
         "adFrameStatus": {
            "adFrameType": "none"
         },
         "crossOriginIsolatedContextType": "NotIsolated",
         "domainAndRegistry": "scrape.center",
         "gatedAPIFeatures": [  ],
         "id": "5DE497F544D78911CBD1B96C7216F4D3",
         "loaderId": "5017C2A040EE4D9953D9F7C6D2E8BB92",
         "mimeType": "text/html",
         "secureContextType": "Secure",
         "securityOrigin": "https://spa1.scrape.center",
         "securityOriginDetails": {
            "isLocalhost": false
         },
         "url": "https://spa1.scrape.center/"
      }
   }
}
[1766136398.378][DEBUG]: DevTools WebSocket Command: Page.getFrameTree (id=28) (session_id=0AAA18818893BB4F6B34C271151FCEB6) 5DE497F544D78911CBD1B96C7216F4D3 {
}
[1766136398.378][DEBUG]: DevTools WebSocket Response: Page.getFrameTree (id=28) (session_id=0AAA18818893BB4F6B34C271151FCEB6) 5DE497F544D78911CBD1B96C7216F4D3 {
   "frameTree": {
      "frame": {
         "adFrameStatus": {
            "adFrameType": "none"
         },
         "crossOriginIsolatedContextType": "NotIsolated",
         "domainAndRegistry": "scrape.center",
         "gatedAPIFeatures": [  ],
         "id": "5DE497F544D78911CBD1B96C7216F4D3",
         "loaderId": "5017C2A040EE4D9953D9F7C6D2E8BB92",
         "mimeType": "text/html",
         "secureContextType": "Secure",
         "securityOrigin": "https://spa1.scrape.center",
         "securityOriginDetails": {
            "isLocalhost": false
         },
         "url": "https://spa1.scrape.center/"
      }
   }
}
[1766136398.379][DEBUG]: DevTools WebSocket Command: Runtime.callFunctionOn (id=29) (session_id=0AAA18818893BB4F6B34C271151FCEB6) 5DE497F544D78911CBD1B96C7216F4D3 {
   "arguments": [  ],
   "awaitPromise": true,
   "functionDeclaration": "function(){ return (function() { // Copyright 2012 The Chromium Authors\n// Use of this source code is governed by a BSD-style license that can be\n// found in the LICENSE file.\n\n/**\n * Enum for WebD...",
   "serializationOptions": {
      "serialization": "deep"
   },
   "uniqueContextId": "-88754438306678378.-5366136884038128798"
}
[1766136398.382][DEBUG]: DevTools WebSocket Response: Runtime.callFunctionOn (id=29) (session_id=0AAA18818893BB4F6B34C271151FCEB6) 5DE497F544D78911CBD1B96C7216F4D3 {
   "result": {
      "className": "Array",
      "deepSerializedValue": {
         "type": "array",
         "value": [ {
            "type": "string",
            "value": "{\"status\":0,\"value\":[]}"
         } ]
      },
      "description": "Array(1)",
      "objectId": "1667652473473659487.1.2",
      "subtype": "array",
      "type": "object"
   }
}
[1766136398.439][DEBUG]: DevTools WebSocket Command: Page.getFrameTree (id=30) (session_id=0AAA18818893BB4F6B34C271151FCEB6) 5DE497F544D78911CBD1B96C7216F4D3 {
}
[1766136398.440][DEBUG]: DevTools WebSocket Response: Page.getFrameTree (id=30) (session_id=0AAA18818893BB4F6B34C271151FCEB6) 5DE497F544D78911CBD1B96C7216F4D3 {
   "frameTree": {
      "frame": {
         "adFrameStatus": {
            "adFrameType": "none"
         },
         "crossOriginIsolatedContextType": "NotIsolated",
         "domainAndRegistry": "scrape.center",
         "gatedAPIFeatures": [  ],
         "id": "5DE497F544D78911CBD1B96C7216F4D3",
         "loaderId": "5017C2A040EE4D9953D9F7C6D2E8BB92",
         "mimeType": "text/html",
         "secureContextType": "Secure",
         "securityOrigin": "https://spa1.scrape.center",
         "securityOriginDetails": {
            "isLocalhost": false
         },
         "url": "https://spa1.scrape.center/"
      }
   }
}
[1766136398.440][DEBUG]: DevTools WebSocket Command: Page.getFrameTree (id=31) (session_id=0AAA18818893BB4F6B34C271151FCEB6) 5DE497F544D78911CBD1B96C7216F4D3 {
}
[1766136398.441][DEBUG]: DevTools WebSocket Response: Page.getFrameTree (id=31) (session_id=0AAA18818893BB4F6B34C271151FCEB6) 5DE497F544D78911CBD1B96C7216F4D3 {
   "frameTree": {
      "frame": {
         "adFrameStatus": {
            "adFrameType": "none"
         },
         "crossOriginIsolatedContextType": "NotIsolated",
         "domainAndRegistry": "scrape.center",
         "gatedAPIFeatures": [  ],
         "id": "5DE497F544D78911CBD1B96C7216F4D3",
         "loaderId": "5017C2A040EE4D9953D9F7C6D2E8BB92",
         "mimeType": "text/html",
         "secureContextType": "Secure",
         "securityOrigin": "https://spa1.scrape.center",
         "securityOriginDetails": {
            "isLocalhost": false
         },
         "url": "https://spa1.scrape.center/"
      }
   }
}
[1766136398.442][DEBUG]: DevTools WebSocket Command: Runtime.callFunctionOn (id=32) (session_id=0AAA18818893BB4F6B34C271151FCEB6) 5DE497F544D78911CBD1B96C7216F4D3 {
   "arguments": [  ],
   "awaitPromise": true,
   "functionDeclaration": "function(){ return (function() { // Copyright 2012 The Chromium Authors\n// Use of this source code is governed by a BSD-style license that can be\n// found in the LICENSE file.\n\n/**\n * Enum for WebD...",
   "serializationOptions": {
      "serialization": "deep"
   },
   "uniqueContextId": "-88754438306678378.-5366136884038128798"
}
[1766136398.445][DEBUG]: DevTools WebSocket Response: Runtime.callFunctionOn (id=32) (session_id=0AAA18818893BB4F6B34C271151FCEB6) 5DE497F544D78911CBD1B96C7216F4D3 {
   "result": {
      "className": "Array",
      "deepSerializedValue": {
         "type": "array",
         "value": [ {
            "type": "string",
            "value": "{\"status\":0,\"value\":[]}"
         } ]
      },
      "description": "Array(1)",
      "objectId": "1667652473473659487.1.3",
      "subtype": "array",
      "type": "object"
   }
}
[1766136398.500][DEBUG]: DevTools WebSocket Command: Page.getFrameTree (id=33) (session_id=0AAA18818893BB4F6B34C271151FCEB6) 5DE497F544D78911CBD1B96C7216F4D3 {
}
[1766136398.501][DEBUG]: DevTools WebSocket Response: Page.getFrameTree (id=33) (session_id=0AAA18818893BB4F6B34C271151FCEB6) 5DE497F544D78911CBD1B96C7216F4D3 {
   "frameTree": {
      "frame": {
         "adFrameStatus": {
            "adFrameType": "none"
         },
         "crossOriginIsolatedContextType": "NotIsolated",
         "domainAndRegistry": "scrape.center",
         "gatedAPIFeatures": [  ],
         "id": "5DE497F544D78911CBD1B96C7216F4D3",
         "loaderId": "5017C2A040EE4D9953D9F7C6D2E8BB92",
         "mimeType": "text/html",
         "secureContextType": "Secure",
         "securityOrigin": "https://spa1.scrape.center",
         "securityOriginDetails": {
            "isLocalhost": false
         },
         "url": "https://spa1.scrape.center/"
      }
   }
}
[1766136398.501][DEBUG]: DevTools WebSocket Command: Page.getFrameTree (id=34) (session_id=0AAA18818893BB4F6B34C271151FCEB6) 5DE497F544D78911CBD1B96C7216F4D3 {
}
[1766136398.502][DEBUG]: DevTools WebSocket Response: Page.getFrameTree (id=34) (session_id=0AAA18818893BB4F6B34C271151FCEB6) 5DE497F544D78911CBD1B96C7216F4D3 {
   "frameTree": {
      "frame": {
         "adFrameStatus": {
            "adFrameType": "none"
         },
         "crossOriginIsolatedContextType": "NotIsolated",
         "domainAndRegistry": "scrape.center",
         "gatedAPIFeatures": [  ],
         "id": "5DE497F544D78911CBD1B96C7216F4D3",
         "loaderId": "5017C2A040EE4D9953D9F7C6D2E8BB92",
         "mimeType": "text/html",
         "secureContextType": "Secure",
         "securityOrigin": "https://spa1.scrape.center",
         "securityOriginDetails": {
            "isLocalhost": false
         },
         "url": "https://spa1.scrape.center/"
      }
   }
}
[1766136398.503][DEBUG]: DevTools WebSocket Command: Runtime.callFunctionOn (id=35) (session_id=0AAA18818893BB4F6B34C271151FCEB6) 5DE497F544D78911CBD1B96C7216F4D3 {
   "arguments": [  ],
   "awaitPromise": true,
   "functionDeclaration": "function(){ return (function() { // Copyright 2012 The Chromium Authors\n// Use of this source code is governed by a BSD-style license that can be\n// found in the LICENSE file.\n\n/**\n * Enum for WebD...",
   "serializationOptions": {
      "serialization": "deep"
   },
   "uniqueContextId": "-88754438306678378.-5366136884038128798"
}
[1766136398.507][DEBUG]: DevTools WebSocket Response: Runtime.callFunctionOn (id=35) (session_id=0AAA18818893BB4F6B34C271151FCEB6) 5DE497F544D78911CBD1B96C7216F4D3 {
   "result": {
      "className": "Array",
      "deepSerializedValue": {
         "type": "array",
         "value": [ {
            "type": "string",
            "value": "{\"status\":0,\"value\":[]}"
         } ]
      },
      "description": "Array(1)",
      "objectId": "1667652473473659487.1.4",
      "subtype": "array",
      "type": "object"
   }
}
[1766136398.561][DEBUG]: DevTools WebSocket Command: Page.getFrameTree (id=36) (session_id=0AAA18818893BB4F6B34C271151FCEB6) 5DE497F544D78911CBD1B96C7216F4D3 {
}
[1766136398.562][DEBUG]: DevTools WebSocket Response: Page.getFrameTree (id=36) (session_id=0AAA18818893BB4F6B34C271151FCEB6) 5DE497F544D78911CBD1B96C7216F4D3 {
   "frameTree": {
      "frame": {
         "adFrameStatus": {
            "adFrameType": "none"
         },
         "crossOriginIsolatedContextType": "NotIsolated",
         "domainAndRegistry": "scrape.center",
         "gatedAPIFeatures": [  ],
         "id": "5DE497F544D78911CBD1B96C7216F4D3",
         "loaderId": "5017C2A040EE4D9953D9F7C6D2E8BB92",
         "mimeType": "text/html",
         "secureContextType": "Secure",
         "securityOrigin": "https://spa1.scrape.center",
         "securityOriginDetails": {
            "isLocalhost": false
         },
         "url": "https://spa1.scrape.center/"
      }
   }
}
[1766136398.562][DEBUG]: DevTools WebSocket Command: Page.getFrameTree (id=37) (session_id=0AAA18818893BB4F6B34C271151FCEB6) 5DE497F544D78911CBD1B96C7216F4D3 {
}
[1766136398.563][DEBUG]: DevTools WebSocket Response: Page.getFrameTree (id=37) (session_id=0AAA18818893BB4F6B34C271151FCEB6) 5DE497F544D78911CBD1B96C7216F4D3 {
   "frameTree": {
      "frame": {
         "adFrameStatus": {
            "adFrameType": "none"
         },
         "crossOriginIsolatedContextType": "NotIsolated",
         "domainAndRegistry": "scrape.center",
         "gatedAPIFeatures": [  ],
         "id": "5DE497F544D78911CBD1B96C7216F4D3",
         "loaderId": "5017C2A040EE4D9953D9F7C6D2E8BB92",
         "mimeType": "text/html",
         "secureContextType": "Secure",
         "securityOrigin": "https://spa1.scrape.center",
         "securityOriginDetails": {
            "isLocalhost": false
         },
         "url": "https://spa1.scrape.center/"
      }
   }
}
[1766136398.564][DEBUG]: DevTools WebSocket Command: Runtime.callFunctionOn (id=38) (session_id=0AAA18818893BB4F6B34C271151FCEB6) 5DE497F544D78911CBD1B96C7216F4D3 {
   "arguments": [  ],
   "awaitPromise": true,
   "functionDeclaration": "function(){ return (function() { // Copyright 2012 The Chromium Authors\n// Use of this source code is governed by a BSD-style license that can be\n// found in the LICENSE file.\n\n/**\n * Enum for WebD...",
   "serializationOptions": {
      "serialization": "deep"
   },
   "uniqueContextId": "-88754438306678378.-5366136884038128798"
}
[1766136398.567][DEBUG]: DevTools WebSocket Response: Runtime.callFunctionOn (id=38) (session_id=0AAA18818893BB4F6B34C271151FCEB6) 5DE497F544D78911CBD1B96C7216F4D3 {
   "result": {
      "className": "Array",
      "deepSerializedValue": {
         "type": "array",
         "value": [ {
            "type": "string",
            "value": "{\"status\":0,\"value\":[]}"
         } ]
      },
      "description": "Array(1)",
      "objectId": "1667652473473659487.1.5",
      "subtype": "array",
      "type": "object"
   }
}
[1766136398.623][DEBUG]: DevTools WebSocket Command: Page.getFrameTree (id=39) (session_id=0AAA18818893BB4F6B34C271151FCEB6) 5DE497F544D78911CBD1B96C7216F4D3 {
}
[1766136398.624][DEBUG]: DevTools WebSocket Response: Page.getFrameTree (id=39) (session_id=0AAA18818893BB4F6B34C271151FCEB6) 5DE497F544D78911CBD1B96C7216F4D3 {
   "frameTree": {
      "frame": {
         "adFrameStatus": {
            "adFrameType": "none"
         },
         "crossOriginIsolatedContextType": "NotIsolated",
         "domainAndRegistry": "scrape.center",
         "gatedAPIFeatures": [  ],
         "id": "5DE497F544D78911CBD1B96C7216F4D3",
         "loaderId": "5017C2A040EE4D9953D9F7C6D2E8BB92",
         "mimeType": "text/html",
         "secureContextType": "Secure",
         "securityOrigin": "https://spa1.scrape.center",
         "securityOriginDetails": {
            "isLocalhost": false
         },
         "url": "https://spa1.scrape.center/"
      }
   }
}
[1766136398.624][DEBUG]: DevTools WebSocket Command: Page.getFrameTree (id=40) (session_id=0AAA18818893BB4F6B34C271151FCEB6) 5DE497F544D78911CBD1B96C7216F4D3 {
}
[1766136398.625][DEBUG]: DevTools WebSocket Response: Page.getFrameTree (id=40) (session_id=0AAA18818893BB4F6B34C271151FCEB6) 5DE497F544D78911CBD1B96C7216F4D3 {
   "frameTree": {
      "frame": {
         "adFrameStatus": {
            "adFrameType": "none"
         },
         "crossOriginIsolatedContextType": "NotIsolated",
         "domainAndRegistry": "scrape.center",
         "gatedAPIFeatures": [  ],
         "id": "5DE497F544D78911CBD1B96C7216F4D3",
         "loaderId": "5017C2A040EE4D9953D9F7C6D2E8BB92",
         "mimeType": "text/html",
         "secureContextType": "Secure",
         "securityOrigin": "https://spa1.scrape.center",
         "securityOriginDetails": {
            "isLocalhost": false
         },
         "url": "https://spa1.scrape.center/"
      }
   }
}
[1766136398.626][DEBUG]: DevTools WebSocket Command: Runtime.callFunctionOn (id=41) (session_id=0AAA18818893BB4F6B34C271151FCEB6) 5DE497F544D78911CBD1B96C7216F4D3 {
   "arguments": [  ],
   "awaitPromise": true,
   "functionDeclaration": "function(){ return (function() { // Copyright 2012 The Chromium Authors\n// Use of this source code is governed by a BSD-style license that can be\n// found in the LICENSE file.\n\n/**\n * Enum for WebD...",
   "serializationOptions": {
      "serialization": "deep"
   },
   "uniqueContextId": "-88754438306678378.-5366136884038128798"
}
[1766136398.628][DEBUG]: DevTools WebSocket Response: Runtime.callFunctionOn (id=41) (session_id=0AAA18818893BB4F6B34C271151FCEB6) 5DE497F544D78911CBD1B96C7216F4D3 {
   "result": {
      "className": "Array",
      "deepSerializedValue": {
         "type": "array",
         "value": [ {
            "type": "string",
            "value": "{\"status\":0,\"value\":[]}"
         } ]
      },
      "description": "Array(1)",
      "objectId": "1667652473473659487.1.6",
      "subtype": "array",
      "type": "object"
   }
}
[1766136398.687][DEBUG]: DevTools WebSocket Command: Page.getFrameTree (id=42) (session_id=0AAA18818893BB4F6B34C271151FCEB6) 5DE497F544D78911CBD1B96C7216F4D3 {
}
[1766136398.688][DEBUG]: DevTools WebSocket Response: Page.getFrameTree (id=42) (session_id=0AAA18818893BB4F6B34C271151FCEB6) 5DE497F544D78911CBD1B96C7216F4D3 {
   "frameTree": {
      "frame": {
         "adFrameStatus": {
            "adFrameType": "none"
         },
         "crossOriginIsolatedContextType": "NotIsolated",
         "domainAndRegistry": "scrape.center",
         "gatedAPIFeatures": [  ],
         "id": "5DE497F544D78911CBD1B96C7216F4D3",
         "loaderId": "5017C2A040EE4D9953D9F7C6D2E8BB92",
         "mimeType": "text/html",
         "secureContextType": "Secure",
         "securityOrigin": "https://spa1.scrape.center",
         "securityOriginDetails": {
            "isLocalhost": false
         },
         "url": "https://spa1.scrape.center/"
      }
   }
}
[1766136398.688][DEBUG]: DevTools WebSocket Command: Page.getFrameTree (id=43) (session_id=0AAA18818893BB4F6B34C271151FCEB6) 5DE497F544D78911CBD1B96C7216F4D3 {
}
[1766136398.689][DEBUG]: DevTools WebSocket Response: Page.getFrameTree (id=43) (session_id=0AAA18818893BB4F6B34C271151FCEB6) 5DE497F544D78911CBD1B96C7216F4D3 {
   "frameTree": {
      "frame": {
         "adFrameStatus": {
            "adFrameType": "none"
         },
         "crossOriginIsolatedContextType": "NotIsolated",
         "domainAndRegistry": "scrape.center",
         "gatedAPIFeatures": [  ],
         "id": "5DE497F544D78911CBD1B96C7216F4D3",
         "loaderId": "5017C2A040EE4D9953D9F7C6D2E8BB92",
         "mimeType": "text/html",
         "secureContextType": "Secure",
         "securityOrigin": "https://spa1.scrape.center",
         "securityOriginDetails": {
            "isLocalhost": false
         },
         "url": "https://spa1.scrape.center/"
      }
   }
}
[1766136398.690][DEBUG]: DevTools WebSocket Command: Runtime.callFunctionOn (id=44) (session_id=0AAA18818893BB4F6B34C271151FCEB6) 5DE497F544D78911CBD1B96C7216F4D3 {
   "arguments": [  ],
   "awaitPromise": true,
   "functionDeclaration": "function(){ return (function() { // Copyright 2012 The Chromium Authors\n// Use of this source code is governed by a BSD-style license that can be\n// found in the LICENSE file.\n\n/**\n * Enum for WebD...",
   "serializationOptions": {
      "serialization": "deep"
   },
   "uniqueContextId": "-88754438306678378.-5366136884038128798"
}
[1766136398.692][DEBUG]: DevTools WebSocket Response: Runtime.callFunctionOn (id=44) (session_id=0AAA18818893BB4F6B34C271151FCEB6) 5DE497F544D78911CBD1B96C7216F4D3 {
   "result": {
      "className": "Array",
      "deepSerializedValue": {
         "type": "array",
         "value": [ {
            "type": "string",
            "value": "{\"status\":0,\"value\":[]}"
         } ]
      },
      "description": "Array(1)",
      "objectId": "1667652473473659487.1.7",
      "subtype": "array",
      "type": "object"
   }
}
[1766136398.749][DEBUG]: DevTools WebSocket Command: Page.getFrameTree (id=45) (session_id=0AAA18818893BB4F6B34C271151FCEB6) 5DE497F544D78911CBD1B96C7216F4D3 {
}
[1766136398.750][DEBUG]: DevTools WebSocket Response: Page.getFrameTree (id=45) (session_id=0AAA18818893BB4F6B34C271151FCEB6) 5DE497F544D78911CBD1B96C7216F4D3 {
   "frameTree": {
      "frame": {
         "adFrameStatus": {
            "adFrameType": "none"
         },
         "crossOriginIsolatedContextType": "NotIsolated",
         "domainAndRegistry": "scrape.center",
         "gatedAPIFeatures": [  ],
         "id": "5DE497F544D78911CBD1B96C7216F4D3",
         "loaderId": "5017C2A040EE4D9953D9F7C6D2E8BB92",
         "mimeType": "text/html",
         "secureContextType": "Secure",
         "securityOrigin": "https://spa1.scrape.center",
         "securityOriginDetails": {
            "isLocalhost": false
         },
         "url": "https://spa1.scrape.center/"
      }
   }
}
[1766136398.750][DEBUG]: DevTools WebSocket Command: Page.getFrameTree (id=46) (session_id=0AAA18818893BB4F6B34C271151FCEB6) 5DE497F544D78911CBD1B96C7216F4D3 {
}
[1766136398.751][DEBUG]: DevTools WebSocket Response: Page.getFrameTree (id=46) (session_id=0AAA18818893BB4F6B34C271151FCEB6) 5DE497F544D78911CBD1B96C7216F4D3 {
   "frameTree": {
      "frame": {
         "adFrameStatus": {
            "adFrameType": "none"
         },
         "crossOriginIsolatedContextType": "NotIsolated",
         "domainAndRegistry": "scrape.center",
         "gatedAPIFeatures": [  ],
         "id": "5DE497F544D78911CBD1B96C7216F4D3",
         "loaderId": "5017C2A040EE4D9953D9F7C6D2E8BB92",
         "mimeType": "text/html",
         "secureContextType": "Secure",
         "securityOrigin": "https://spa1.scrape.center",
         "securityOriginDetails": {
            "isLocalhost": false
         },
         "url": "https://spa1.scrape.center/"
      }
   }
}
[1766136398.752][DEBUG]: DevTools WebSocket Command: Runtime.callFunctionOn (id=47) (session_id=0AAA18818893BB4F6B34C271151FCEB6) 5DE497F544D78911CBD1B96C7216F4D3 {
   "arguments": [  ],
   "awaitPromise": true,
   "functionDeclaration": "function(){ return (function() { // Copyright 2012 The Chromium Authors\n// Use of this source code is governed by a BSD-style license that can be\n// found in the LICENSE file.\n\n/**\n * Enum for WebD...",
   "serializationOptions": {
      "serialization": "deep"
   },
   "uniqueContextId": "-88754438306678378.-5366136884038128798"
}
[1766136398.754][DEBUG]: DevTools WebSocket Response: Runtime.callFunctionOn (id=47) (session_id=0AAA18818893BB4F6B34C271151FCEB6) 5DE497F544D78911CBD1B96C7216F4D3 {
   "result": {
      "className": "Array",
      "deepSerializedValue": {
         "type": "array",
         "value": [ {
            "type": "string",
            "value": "{\"status\":0,\"value\":[]}"
         } ]
      },
      "description": "Array(1)",
      "objectId": "1667652473473659487.1.8",
      "subtype": "array",
      "type": "object"
   }
}
[1766136398.810][DEBUG]: DevTools WebSocket Command: Page.getFrameTree (id=48) (session_id=0AAA18818893BB4F6B34C271151FCEB6) 5DE497F544D78911CBD1B96C7216F4D3 {
}
[1766136398.811][DEBUG]: DevTools WebSocket Response: Page.getFrameTree (id=48) (session_id=0AAA18818893BB4F6B34C271151FCEB6) 5DE497F544D78911CBD1B96C7216F4D3 {
   "frameTree": {
      "frame": {
         "adFrameStatus": {
            "adFrameType": "none"
         },
         "crossOriginIsolatedContextType": "NotIsolated",
         "domainAndRegistry": "scrape.center",
         "gatedAPIFeatures": [  ],
         "id": "5DE497F544D78911CBD1B96C7216F4D3",
         "loaderId": "5017C2A040EE4D9953D9F7C6D2E8BB92",
         "mimeType": "text/html",
         "secureContextType": "Secure",
         "securityOrigin": "https://spa1.scrape.center",
         "securityOriginDetails": {
            "isLocalhost": false
         },
         "url": "https://spa1.scrape.center/"
      }
   }
}
[1766136398.811][DEBUG]: DevTools WebSocket Command: Page.getFrameTree (id=49) (session_id=0AAA18818893BB4F6B34C271151FCEB6) 5DE497F544D78911CBD1B96C7216F4D3 {
}
[1766136398.812][DEBUG]: DevTools WebSocket Response: Page.getFrameTree (id=49) (session_id=0AAA18818893BB4F6B34C271151FCEB6) 5DE497F544D78911CBD1B96C7216F4D3 {
   "frameTree": {
      "frame": {
         "adFrameStatus": {
            "adFrameType": "none"
         },
         "crossOriginIsolatedContextType": "NotIsolated",
         "domainAndRegistry": "scrape.center",
         "gatedAPIFeatures": [  ],
         "id": "5DE497F544D78911CBD1B96C7216F4D3",
         "loaderId": "5017C2A040EE4D9953D9F7C6D2E8BB92",
         "mimeType": "text/html",
         "secureContextType": "Secure",
         "securityOrigin": "https://spa1.scrape.center",
         "securityOriginDetails": {
            "isLocalhost": false
         },
         "url": "https://spa1.scrape.center/"
      }
   }
}
[1766136398.813][DEBUG]: DevTools WebSocket Command: Runtime.callFunctionOn (id=50) (session_id=0AAA18818893BB4F6B34C271151FCEB6) 5DE497F544D78911CBD1B96C7216F4D3 {
   "arguments": [  ],
   "awaitPromise": true,
   "functionDeclaration": "function(){ return (function() { // Copyright 2012 The Chromium Authors\n// Use of this source code is governed by a BSD-style license that can be\n// found in the LICENSE file.\n\n/**\n * Enum for WebD...",
   "serializationOptions": {
      "serialization": "deep"
   },
   "uniqueContextId": "-88754438306678378.-5366136884038128798"
}
[1766136398.816][DEBUG]: DevTools WebSocket Response: Runtime.callFunctionOn (id=50) (session_id=0AAA18818893BB4F6B34C271151FCEB6) 5DE497F544D78911CBD1B96C7216F4D3 {
   "result": {
      "className": "Array",
      "deepSerializedValue": {
         "type": "array",
         "value": [ {
            "type": "string",
            "value": "{\"status\":0,\"value\":[]}"
         } ]
      },
      "description": "Array(1)",
      "objectId": "1667652473473659487.1.9",
      "subtype": "array",
      "type": "object"
   }
}
[1766136398.873][DEBUG]: DevTools WebSocket Command: Page.getFrameTree (id=51) (session_id=0AAA18818893BB4F6B34C271151FCEB6) 5DE497F544D78911CBD1B96C7216F4D3 {
}
[1766136398.874][DEBUG]: DevTools WebSocket Response: Page.getFrameTree (id=51) (session_id=0AAA18818893BB4F6B34C271151FCEB6) 5DE497F544D78911CBD1B96C7216F4D3 {
   "frameTree": {
      "frame": {
         "adFrameStatus": {
            "adFrameType": "none"
         },
         "crossOriginIsolatedContextType": "NotIsolated",
         "domainAndRegistry": "scrape.center",
         "gatedAPIFeatures": [  ],
         "id": "5DE497F544D78911CBD1B96C7216F4D3",
         "loaderId": "5017C2A040EE4D9953D9F7C6D2E8BB92",
         "mimeType": "text/html",
         "secureContextType": "Secure",
         "securityOrigin": "https://spa1.scrape.center",
         "securityOriginDetails": {
            "isLocalhost": false
         },
         "url": "https://spa1.scrape.center/"
      }
   }
}
[1766136398.874][DEBUG]: DevTools WebSocket Command: Page.getFrameTree (id=52) (session_id=0AAA18818893BB4F6B34C271151FCEB6) 5DE497F544D78911CBD1B96C7216F4D3 {
}
[1766136398.874][DEBUG]: DevTools WebSocket Response: Page.getFrameTree (id=52) (session_id=0AAA18818893BB4F6B34C271151FCEB6) 5DE497F544D78911CBD1B96C7216F4D3 {
   "frameTree": {
      "frame": {
         "adFrameStatus": {
            "adFrameType": "none"
         },
         "crossOriginIsolatedContextType": "NotIsolated",
         "domainAndRegistry": "scrape.center",
         "gatedAPIFeatures": [  ],
         "id": "5DE497F544D78911CBD1B96C7216F4D3",
         "loaderId": "5017C2A040EE4D9953D9F7C6D2E8BB92",
         "mimeType": "text/html",
         "secureContextType": "Secure",
         "securityOrigin": "https://spa1.scrape.center",
         "securityOriginDetails": {
            "isLocalhost": false
         },
         "url": "https://spa1.scrape.center/"
      }
   }
}
[1766136398.875][DEBUG]: DevTools WebSocket Command: Runtime.callFunctionOn (id=53) (session_id=0AAA18818893BB4F6B34C271151FCEB6) 5DE497F544D78911CBD1B96C7216F4D3 {
   "arguments": [  ],
   "awaitPromise": true,
   "functionDeclaration": "function(){ return (function() { // Copyright 2012 The Chromium Authors\n// Use of this source code is governed by a BSD-style license that can be\n// found in the LICENSE file.\n\n/**\n * Enum for WebD...",
   "serializationOptions": {
      "serialization": "deep"
   },
   "uniqueContextId": "-88754438306678378.-5366136884038128798"
}
[1766136398.878][DEBUG]: DevTools WebSocket Response: Runtime.callFunctionOn (id=53) (session_id=0AAA18818893BB4F6B34C271151FCEB6) 5DE497F544D78911CBD1B96C7216F4D3 {
   "result": {
      "className": "Array",
      "deepSerializedValue": {
         "type": "array",
         "value": [ {
            "type": "string",
            "value": "{\"status\":0,\"value\":[]}"
         } ]
      },
      "description": "Array(1)",
      "objectId": "1667652473473659487.1.10",
      "subtype": "array",
      "type": "object"
   }
}
[1766136398.934][DEBUG]: DevTools WebSocket Command: Page.getFrameTree (id=54) (session_id=0AAA18818893BB4F6B34C271151FCEB6) 5DE497F544D78911CBD1B96C7216F4D3 {
}
[1766136398.935][DEBUG]: DevTools WebSocket Response: Page.getFrameTree (id=54) (session_id=0AAA18818893BB4F6B34C271151FCEB6) 5DE497F544D78911CBD1B96C7216F4D3 {
   "frameTree": {
      "frame": {
         "adFrameStatus": {
            "adFrameType": "none"
         },
         "crossOriginIsolatedContextType": "NotIsolated",
         "domainAndRegistry": "scrape.center",
         "gatedAPIFeatures": [  ],
         "id": "5DE497F544D78911CBD1B96C7216F4D3",
         "loaderId": "5017C2A040EE4D9953D9F7C6D2E8BB92",
         "mimeType": "text/html",
         "secureContextType": "Secure",
         "securityOrigin": "https://spa1.scrape.center",
         "securityOriginDetails": {
            "isLocalhost": false
         },
         "url": "https://spa1.scrape.center/"
      }
   }
}
[1766136398.935][DEBUG]: DevTools WebSocket Command: Page.getFrameTree (id=55) (session_id=0AAA18818893BB4F6B34C271151FCEB6) 5DE497F544D78911CBD1B96C7216F4D3 {
}
[1766136398.936][DEBUG]: DevTools WebSocket Response: Page.getFrameTree (id=55) (session_id=0AAA18818893BB4F6B34C271151FCEB6) 5DE497F544D78911CBD1B96C7216F4D3 {
   "frameTree": {
      "frame": {
         "adFrameStatus": {
            "adFrameType": "none"
         },
         "crossOriginIsolatedContextType": "NotIsolated",
         "domainAndRegistry": "scrape.center",
         "gatedAPIFeatures": [  ],
         "id": "5DE497F544D78911CBD1B96C7216F4D3",
         "loaderId": "5017C2A040EE4D9953D9F7C6D2E8BB92",
         "mimeType": "text/html",
         "secureContextType": "Secure",
         "securityOrigin": "https://spa1.scrape.center",
         "securityOriginDetails": {
            "isLocalhost": false
         },
         "url": "https://spa1.scrape.center/"
      }
   }
}
[1766136398.937][DEBUG]: DevTools WebSocket Command: Runtime.callFunctionOn (id=56) (session_id=0AAA18818893BB4F6B34C271151FCEB6) 5DE497F544D78911CBD1B96C7216F4D3 {
   "arguments": [  ],
   "awaitPromise": true,
   "functionDeclaration": "function(){ return (function() { // Copyright 2012 The Chromium Authors\n// Use of this source code is governed by a BSD-style license that can be\n// found in the LICENSE file.\n\n/**\n * Enum for WebD...",
   "serializationOptions": {
      "serialization": "deep"
   },
   "uniqueContextId": "-88754438306678378.-5366136884038128798"
}
[1766136398.940][DEBUG]: DevTools WebSocket Response: Runtime.callFunctionOn (id=56) (session_id=0AAA18818893BB4F6B34C271151FCEB6) 5DE497F544D78911CBD1B96C7216F4D3 {
   "result": {
      "className": "Array",
      "deepSerializedValue": {
         "type": "array",
         "value": [ {
            "type": "string",
            "value": "{\"status\":0,\"value\":[]}"
         } ]
      },
      "description": "Array(1)",
      "objectId": "1667652473473659487.1.11",
      "subtype": "array",
      "type": "object"
   }
}
[1766136398.998][DEBUG]: DevTools WebSocket Command: Page.getFrameTree (id=57) (session_id=0AAA18818893BB4F6B34C271151FCEB6) 5DE497F544D78911CBD1B96C7216F4D3 {
}
[1766136399.136][DEBUG]: DevTools WebSocket Response: Page.getFrameTree (id=57) (session_id=0AAA18818893BB4F6B34C271151FCEB6) 5DE497F544D78911CBD1B96C7216F4D3 {
   "frameTree": {
      "frame": {
         "adFrameStatus": {
            "adFrameType": "none"
         },
         "crossOriginIsolatedContextType": "NotIsolated",
         "domainAndRegistry": "scrape.center",
         "gatedAPIFeatures": [  ],
         "id": "5DE497F544D78911CBD1B96C7216F4D3",
         "loaderId": "5017C2A040EE4D9953D9F7C6D2E8BB92",
         "mimeType": "text/html",
         "secureContextType": "Secure",
         "securityOrigin": "https://spa1.scrape.center",
         "securityOriginDetails": {
            "isLocalhost": false
         },
         "url": "https://spa1.scrape.center/"
      }
   }
}
[1766136399.137][DEBUG]: DevTools WebSocket Command: Page.getFrameTree (id=58) (session_id=0AAA18818893BB4F6B34C271151FCEB6) 5DE497F544D78911CBD1B96C7216F4D3 {
}
[1766136399.137][DEBUG]: DevTools WebSocket Response: Page.getFrameTree (id=58) (session_id=0AAA18818893BB4F6B34C271151FCEB6) 5DE497F544D78911CBD1B96C7216F4D3 {
   "frameTree": {
      "frame": {
         "adFrameStatus": {
            "adFrameType": "none"
         },
         "crossOriginIsolatedContextType": "NotIsolated",
         "domainAndRegistry": "scrape.center",
         "gatedAPIFeatures": [  ],
         "id": "5DE497F544D78911CBD1B96C7216F4D3",
         "loaderId": "5017C2A040EE4D9953D9F7C6D2E8BB92",
         "mimeType": "text/html",
         "secureContextType": "Secure",
         "securityOrigin": "https://spa1.scrape.center",
         "securityOriginDetails": {
            "isLocalhost": false
         },
         "url": "https://spa1.scrape.center/"
      }
   }
}
[1766136399.138][DEBUG]: DevTools WebSocket Command: Runtime.callFunctionOn (id=59) (session_id=0AAA18818893BB4F6B34C271151FCEB6) 5DE497F544D78911CBD1B96C7216F4D3 {
   "arguments": [  ],
   "awaitPromise": true,
   "functionDeclaration": "function(){ return (function() { // Copyright 2012 The Chromium Authors\n// Use of this source code is governed by a BSD-style license that can be\n// found in the LICENSE file.\n\n/**\n * Enum for WebD...",
   "serializationOptions": {
      "serialization": "deep"
   },
   "uniqueContextId": "-88754438306678378.-5366136884038128798"
}
[1766136399.141][DEBUG]: DevTools WebSocket Response: Runtime.callFunctionOn (id=59) (session_id=0AAA18818893BB4F6B34C271151FCEB6) 5DE497F544D78911CBD1B96C7216F4D3 {
   "result": {
      "className": "Array",
      "deepSerializedValue": {
         "type": "array",
         "value": [ {
            "type": "string",
            "value": "{\"status\":0,\"value\":[{\"element-6066-11e4-a52e-4f735466cecf\":0},{\"element-6066-11e4-a52e-4f735466cecf\":1},{\"element-6066-11e4-a52e-4f735466cecf\":2},{\"element-6066-11e4-a52e-4f735466cecf\":3},{\"elemen..."
         }, {
            "type": "node",
            "value": {
               "attributes": {
                  "class": "el-card__body"
               },
               "backendNodeId": 9,
               "childNodeCount": 1,
               "loaderId": "5017C2A040EE4D9953D9F7C6D2E8BB92",
               "localName": "div",
               "namespaceURI": "http://www.w3.org/1999/xhtml",
               "nodeType": 1,
               "shadowRoot": null
            }
         }, {
            "type": "node",
            "value": {
               "attributes": {
                  "class": "el-card__body"
               },
               "backendNodeId": 10,
               "childNodeCount": 1,
               "loaderId": "5017C2A040EE4D9953D9F7C6D2E8BB92",
               "localName": "div",
               "namespaceURI": "http://www.w3.org/1999/xhtml",
               "nodeType": 1,
               "shadowRoot": null
            }
         }, {
            "type": "node",
            "value": {
               "attributes": {
                  "class": "el-card__body"
               },
               "backendNodeId": 11,
               "childNodeCount": 1,
               "loaderId": "5017C2A040EE4D9953D9F7C6D2E8BB92",
               "localName": "div",
               "namespaceURI": "http://www.w3.org/1999/xhtml",
               "nodeType": 1,
               "shadowRoot": null
            }
         }, {
            "type": "node",
            "value": {
               "attributes": {
                  "class": "el-card__body"
               },
               "backendNodeId": 12,
               "childNodeCount": 1,
               "loaderId": "5017C2A040EE4D9953D9F7C6D2E8BB92",
               "localName": "div",
               "namespaceURI": "http://www.w3.org/1999/xhtml",
               "nodeType": 1,
               "shadowRoot": null
            }
         }, {
            "type": "node",
            "value": {
               "attributes": {
                  "class": "el-card__body"
               },
               "backendNodeId": 13,
               "childNodeCount": 1,
               "loaderId": "5017C2A040EE4D9953D9F7C6D2E8BB92",
               "localName": "div",
               "namespaceURI": "http://www.w3.org/1999/xhtml",
               "nodeType": 1,
               "shadowRoot": null
            }
         }, {
            "type": "node",
            "value": {
               "attributes": {
                  "class": "el-card__body"
               },
               "backendNodeId": 14,
               "childNodeCount": 1,
               "loaderId": "5017C2A040EE4D9953D9F7C6D2E8BB92",
               "localName": "div",
               "namespaceURI": "http://www.w3.org/1999/xhtml",
               "nodeType": 1,
               "shadowRoot": null
            }
         }, {
            "type": "node",
            "value": {
               "attributes": {
                  "class": "el-card__body"
               },
               "backendNodeId": 15,
               "childNodeCount": 1,
               "loaderId": "5017C2A040EE4D9953D9F7C6D2E8BB92",
               "localName": "div",
               "namespaceURI": "http://www.w3.org/1999/xhtml",
               "nodeType": 1,
               "shadowRoot": null
            }
         }, {
            "type": "node",
            "value": {
               "attributes": {
                  "class": "el-card__body"
               },
               "backendNodeId": 16,
               "childNodeCount": 1,
               "loaderId": "5017C2A040EE4D9953D9F7C6D2E8BB92",
               "localName": "div",
               "namespaceURI": "http://www.w3.org/1999/xhtml",
               "nodeType": 1,
               "shadowRoot": null
            }
         }, {
            "type": "node",
            "value": {
               "attributes": {
                  "class": "el-card__body"
               },
               "backendNodeId": 17,
               "childNodeCount": 1,
               "loaderId": "5017C2A040EE4D9953D9F7C6D2E8BB92",
               "localName": "div",
               "namespaceURI": "http://www.w3.org/1999/xhtml",
               "nodeType": 1,
               "shadowRoot": null
            }
         }, {
            "type": "node",
            "value": {
               "attributes": {
                  "class": "el-card__body"
               },
               "backendNodeId": 18,
               "childNodeCount": 1,
               "loaderId": "5017C2A040EE4D9953D9F7C6D2E8BB92",
               "localName": "div",
               "namespaceURI": "http://www.w3.org/1999/xhtml",
               "nodeType": 1,
               "shadowRoot": null
            }
         } ]
      },
      "description": "Array(11)",
      "objectId": "1667652473473659487.1.12",
      "subtype": "array",
      "type": "object"
   }
}
[1766136399.141][INFO]: Waiting for pending navigations...
[1766136399.141][DEBUG]: DevTools WebSocket Command: Runtime.evaluate (id=60) (session_id=0AAA18818893BB4F6B34C271151FCEB6) 5DE497F544D78911CBD1B96C7216F4D3 {
   "expression": "1"
}
[1766136399.142][DEBUG]: DevTools WebSocket Response: Runtime.evaluate (id=60) (session_id=0AAA18818893BB4F6B34C271151FCEB6) 5DE497F544D78911CBD1B96C7216F4D3 {
   "result": {
      "description": "1",
      "type": "number",
      "value": 1
   }
}
[1766136399.142][INFO]: Done waiting for pending navigations. Status: ok
[1766136399.142][INFO]: [8cac16ba8b44337f2ba68d6c6e00a2d1] RESPONSE FindElements [ {
   "element-6066-11e4-a52e-4f735466cecf": "f.5DE497F544D78911CBD1B96C7216F4D3.d.5017C2A040EE4D9953D9F7C6D2E8BB92.e.9"
}, {
   "element-6066-11e4-a52e-4f735466cecf": "f.5DE497F544D78911CBD1B96C7216F4D3.d.5017C2A040EE4D9953D9F7C6D2E8BB92.e.10"
}, {
   "element-6066-11e4-a52e-4f735466cecf": "f.5DE497F544D78911CBD1B96C7216F4D3.d.5017C2A040EE4D9953D9F7C6D2E8BB92.e.11"
}, {
   "element-6066-11e4-a52e-4f735466cecf": "f.5DE497F544D78911CBD1B96C7216F4D3.d.5017C2A040EE4D9953D9F7C6D2E8BB92.e.12"
}, {
   "element-6066-11e4-a52e-4f735466cecf": "f.5DE497F544D78911CBD1B96C7216F4D3.d.5017C2A040EE4D9953D9F7C6D2E8BB92.e.13"
}, {
   "element-6066-11e4-a52e-4f735466cecf": "f.5DE497F544D78911CBD1B96C7216F4D3.d.5017C2A040EE4D9953D9F7C6D2E8BB92.e.14"
}, {
   "element-6066-11e4-a52e-4f735466cecf": "f.5DE497F544D78911CBD1B96C7216F4D3.d.5017C2A040EE4D9953D9F7C6D2E8BB92.e.15"
}, {
   "element-6066-11e4-a52e-4f735466cecf": "f.5DE497F544D78911CBD1B96C7216F4D3.d.5017C2A040EE4D9953D9F7C6D2E8BB92.e.16"
}, {
   "element-6066-11e4-a52e-4f735466cecf": "f.5DE497F544D78911CBD1B96C7216F4D3.d.5017C2A040EE4D9953D9F7C6D2E8BB92.e.17"
}, {
   "element-6066-11e4-a52e-4f735466cecf": "f.5DE497F544D78911CBD1B96C7216F4D3.d.5017C2A040EE4D9953D9F7C6D2E8BB92.e.18"
} ]
[1766136399.143][INFO]: [8cac16ba8b44337f2ba68d6c6e00a2d1] COMMAND FindChildElement {
   "id": "f.5DE497F544D78911CBD1B96C7216F4D3.d.5017C2A040EE4D9953D9F7C6D2E8BB92.e.9",
   "using": "css selector",
   "value": ".m-b-sm"
}
[1766136399.143][INFO]: Waiting for pending navigations...
[1766136399.143][DEBUG]: DevTools WebSocket Command: Runtime.evaluate (id=61) (session_id=0AAA18818893BB4F6B34C271151FCEB6) 5DE497F544D78911CBD1B96C7216F4D3 {
   "expression": "1"
}
[1766136399.144][DEBUG]: DevTools WebSocket Response: Runtime.evaluate (id=61) (session_id=0AAA18818893BB4F6B34C271151FCEB6) 5DE497F544D78911CBD1B96C7216F4D3 {
   "result": {
      "description": "1",
      "type": "number",
      "value": 1
   }
}
[1766136399.144][INFO]: Done waiting for pending navigations. Status: ok
[1766136399.144][DEBUG]: DevTools WebSocket Command: Page.getFrameTree (id=62) (session_id=0AAA18818893BB4F6B34C271151FCEB6) 5DE497F544D78911CBD1B96C7216F4D3 {
}
[1766136399.145][DEBUG]: DevTools WebSocket Response: Page.getFrameTree (id=62) (session_id=0AAA18818893BB4F6B34C271151FCEB6) 5DE497F544D78911CBD1B96C7216F4D3 {
   "frameTree": {
      "frame": {
         "adFrameStatus": {
            "adFrameType": "none"
         },
         "crossOriginIsolatedContextType": "NotIsolated",
         "domainAndRegistry": "scrape.center",
         "gatedAPIFeatures": [  ],
         "id": "5DE497F544D78911CBD1B96C7216F4D3",
         "loaderId": "5017C2A040EE4D9953D9F7C6D2E8BB92",
         "mimeType": "text/html",
         "secureContextType": "Secure",
         "securityOrigin": "https://spa1.scrape.center",
         "securityOriginDetails": {
            "isLocalhost": false
         },
         "url": "https://spa1.scrape.center/"
      }
   }
}
[1766136399.145][DEBUG]: DevTools WebSocket Command: DOM.resolveNode (id=63) (session_id=0AAA18818893BB4F6B34C271151FCEB6) 5DE497F544D78911CBD1B96C7216F4D3 {
   "backendNodeId": 9,
   "objectGroup": "83e0dbc9-c77b-4482-8c22-2c1d9fbcae6b"
}
[1766136399.145][DEBUG]: DevTools WebSocket Response: DOM.resolveNode (id=63) (session_id=0AAA18818893BB4F6B34C271151FCEB6) 5DE497F544D78911CBD1B96C7216F4D3 {
   "object": {
      "className": "HTMLDivElement",
      "description": "div.el-card__body",
      "objectId": "1667652473473659487.1.13",
      "subtype": "node",
      "type": "object"
   }
}
[1766136399.145][DEBUG]: DevTools WebSocket Command: Page.getFrameTree (id=64) (session_id=0AAA18818893BB4F6B34C271151FCEB6) 5DE497F544D78911CBD1B96C7216F4D3 {
}
[1766136399.146][DEBUG]: DevTools WebSocket Response: Page.getFrameTree (id=64) (session_id=0AAA18818893BB4F6B34C271151FCEB6) 5DE497F544D78911CBD1B96C7216F4D3 {
   "frameTree": {
      "frame": {
         "adFrameStatus": {
            "adFrameType": "none"
         },
         "crossOriginIsolatedContextType": "NotIsolated",
         "domainAndRegistry": "scrape.center",
         "gatedAPIFeatures": [  ],
         "id": "5DE497F544D78911CBD1B96C7216F4D3",
         "loaderId": "5017C2A040EE4D9953D9F7C6D2E8BB92",
         "mimeType": "text/html",
         "secureContextType": "Secure",
         "securityOrigin": "https://spa1.scrape.center",
         "securityOriginDetails": {
            "isLocalhost": false
         },
         "url": "https://spa1.scrape.center/"
      }
   }
}
[1766136399.147][DEBUG]: DevTools WebSocket Command: Runtime.callFunctionOn (id=65) (session_id=0AAA18818893BB4F6B34C271151FCEB6) 5DE497F544D78911CBD1B96C7216F4D3 {
   "arguments": [ {
      "objectId": "1667652473473659487.1.13"
   } ],
   "awaitPromise": true,
   "functionDeclaration": "function(){ return (function() { // Copyright 2012 The Chromium Authors\n// Use of this source code is governed by a BSD-style license that can be\n// found in the LICENSE file.\n\n/**\n * Enum for WebD...",
   "objectGroup": "83e0dbc9-c77b-4482-8c22-2c1d9fbcae6b",
   "serializationOptions": {
      "serialization": "deep"
   },
   "uniqueContextId": "-88754438306678378.-5366136884038128798"
}
[1766136399.152][DEBUG]: DevTools WebSocket Response: Runtime.callFunctionOn (id=65) (session_id=0AAA18818893BB4F6B34C271151FCEB6) 5DE497F544D78911CBD1B96C7216F4D3 {
   "result": {
      "className": "Array",
      "deepSerializedValue": {
         "type": "array",
         "value": [ {
            "type": "string",
            "value": "{\"status\":0,\"value\":{\"element-6066-11e4-a52e-4f735466cecf\":0}}"
         }, {
            "type": "node",
            "value": {
               "attributes": {
                  "class": "m-b-sm",
                  "data-v-1a647406": ""
               },
               "backendNodeId": 19,
               "childNodeCount": 1,
               "loaderId": "5017C2A040EE4D9953D9F7C6D2E8BB92",
               "localName": "h2",
               "namespaceURI": "http://www.w3.org/1999/xhtml",
               "nodeType": 1,
               "shadowRoot": null
            }
         } ]
      },
      "description": "Array(2)",
      "objectId": "1667652473473659487.1.14",
      "subtype": "array",
      "type": "object"
   }
}
[1766136399.153][DEBUG]: DevTools WebSocket Command: Runtime.releaseObjectGroup (id=66) (session_id=0AAA18818893BB4F6B34C271151FCEB6) 5DE497F544D78911CBD1B96C7216F4D3 {
   "objectGroup": "83e0dbc9-c77b-4482-8c22-2c1d9fbcae6b"
}
[1766136399.153][INFO]: Waiting for pending navigations...
[1766136399.153][DEBUG]: DevTools WebSocket Command: Runtime.evaluate (id=67) (session_id=0AAA18818893BB4F6B34C271151FCEB6) 5DE497F544D78911CBD1B96C7216F4D3 {
   "expression": "1"
}
[1766136399.153][DEBUG]: DevTools WebSocket Response: Runtime.releaseObjectGroup (id=66) (session_id=0AAA18818893BB4F6B34C271151FCEB6) 5DE497F544D78911CBD1B96C7216F4D3 {
}
[1766136399.153][DEBUG]: DevTools WebSocket Response: Runtime.evaluate (id=67) (session_id=0AAA18818893BB4F6B34C271151FCEB6) 5DE497F544D78911CBD1B96C7216F4D3 {
   "result": {
      "description": "1",
      "type": "number",
      "value": 1
   }
}
[1766136399.153][INFO]: Done waiting for pending navigations. Status: ok
[1766136399.153][INFO]: [8cac16ba8b44337f2ba68d6c6e00a2d1] RESPONSE FindChildElement {
   "element-6066-11e4-a52e-4f735466cecf": "f.5DE497F544D78911CBD1B96C7216F4D3.d.5017C2A040EE4D9953D9F7C6D2E8BB92.e.19"
}
[1766136399.154][INFO]: [8cac16ba8b44337f2ba68d6c6e00a2d1] COMMAND GetElementText {
   "id": "f.5DE497F544D78911CBD1B96C7216F4D3.d.5017C2A040EE4D9953D9F7C6D2E8BB92.e.19"
}
[1766136399.154][INFO]: Waiting for pending navigations...
[1766136399.154][DEBUG]: DevTools WebSocket Command: Runtime.evaluate (id=68) (session_id=0AAA18818893BB4F6B34C271151FCEB6) 5DE497F544D78911CBD1B96C7216F4D3 {
   "expression": "1"
}
[1766136399.155][DEBUG]: DevTools WebSocket Response: Runtime.evaluate (id=68) (session_id=0AAA18818893BB4F6B34C271151FCEB6) 5DE497F544D78911CBD1B96C7216F4D3 {
   "result": {
      "description": "1",
      "type": "number",
      "value": 1
   }
}
[1766136399.155][INFO]: Done waiting for pending navigations. Status: ok
[1766136399.155][DEBUG]: DevTools WebSocket Command: Page.getFrameTree (id=69) (session_id=0AAA18818893BB4F6B34C271151FCEB6) 5DE497F544D78911CBD1B96C7216F4D3 {
}
[1766136399.155][DEBUG]: DevTools WebSocket Response: Page.getFrameTree (id=69) (session_id=0AAA18818893BB4F6B34C271151FCEB6) 5DE497F544D78911CBD1B96C7216F4D3 {
   "frameTree": {
      "frame": {
         "adFrameStatus": {
            "adFrameType": "none"
         },
         "crossOriginIsolatedContextType": "NotIsolated",
         "domainAndRegistry": "scrape.center",
         "gatedAPIFeatures": [  ],
         "id": "5DE497F544D78911CBD1B96C7216F4D3",
         "loaderId": "5017C2A040EE4D9953D9F7C6D2E8BB92",
         "mimeType": "text/html",
         "secureContextType": "Secure",
         "securityOrigin": "https://spa1.scrape.center",
         "securityOriginDetails": {
            "isLocalhost": false
         },
         "url": "https://spa1.scrape.center/"
      }
   }
}
[1766136399.156][DEBUG]: DevTools WebSocket Command: DOM.resolveNode (id=70) (session_id=0AAA18818893BB4F6B34C271151FCEB6) 5DE497F544D78911CBD1B96C7216F4D3 {
   "backendNodeId": 19,
   "objectGroup": "d72e0c71-6894-424b-abdc-09874153d5d9"
}
[1766136399.156][DEBUG]: DevTools WebSocket Response: DOM.resolveNode (id=70) (session_id=0AAA18818893BB4F6B34C271151FCEB6) 5DE497F544D78911CBD1B96C7216F4D3 {
   "object": {
      "className": "HTMLHeadingElement",
      "description": "h2.m-b-sm",
      "objectId": "1667652473473659487.1.15",
      "subtype": "node",
      "type": "object"
   }
}
[1766136399.156][DEBUG]: DevTools WebSocket Command: Page.getFrameTree (id=71) (session_id=0AAA18818893BB4F6B34C271151FCEB6) 5DE497F544D78911CBD1B96C7216F4D3 {
}
[1766136399.156][DEBUG]: DevTools WebSocket Response: Page.getFrameTree (id=71) (session_id=0AAA18818893BB4F6B34C271151FCEB6) 5DE497F544D78911CBD1B96C7216F4D3 {
   "frameTree": {
      "frame": {
         "adFrameStatus": {
            "adFrameType": "none"
         },
         "crossOriginIsolatedContextType": "NotIsolated",
         "domainAndRegistry": "scrape.center",
         "gatedAPIFeatures": [  ],
         "id": "5DE497F544D78911CBD1B96C7216F4D3",
         "loaderId": "5017C2A040EE4D9953D9F7C6D2E8BB92",
         "mimeType": "text/html",
         "secureContextType": "Secure",
         "securityOrigin": "https://spa1.scrape.center",
         "securityOriginDetails": {
            "isLocalhost": false
         },
         "url": "https://spa1.scrape.center/"
      }
   }
}
[1766136399.157][DEBUG]: DevTools WebSocket Command: Runtime.callFunctionOn (id=72) (session_id=0AAA18818893BB4F6B34C271151FCEB6) 5DE497F544D78911CBD1B96C7216F4D3 {
   "arguments": [ {
      "objectId": "1667652473473659487.1.15"
   } ],
   "awaitPromise": true,
   "functionDeclaration": "function(){ return (function() { // Copyright 2012 The Chromium Authors\n// Use of this source code is governed by a BSD-style license that can be\n// found in the LICENSE file.\n\n/**\n * Enum for WebD...",
   "objectGroup": "d72e0c71-6894-424b-abdc-09874153d5d9",
   "serializationOptions": {
      "serialization": "deep"
   },
   "uniqueContextId": "-88754438306678378.-5366136884038128798"
}
[1766136399.163][DEBUG]: DevTools WebSocket Response: Runtime.callFunctionOn (id=72) (session_id=0AAA18818893BB4F6B34C271151FCEB6) 5DE497F544D78911CBD1B96C7216F4D3 {
   "result": {
      "className": "Array",
      "deepSerializedValue": {
         "type": "array",
         "value": [ {
            "type": "string",
            "value": "{\"status\":0,\"value\":\"霸王别姬 - Farewell My Concubine\"}"
         } ]
      },
      "description": "Array(1)",
      "objectId": "1667652473473659487.1.16",
      "subtype": "array",
      "type": "object"
   }
}
[1766136399.164][DEBUG]: DevTools WebSocket Command: Runtime.releaseObjectGroup (id=73) (session_id=0AAA18818893BB4F6B34C271151FCEB6) 5DE497F544D78911CBD1B96C7216F4D3 {
   "objectGroup": "d72e0c71-6894-424b-abdc-09874153d5d9"
}
[1766136399.164][INFO]: Waiting for pending navigations...
[1766136399.164][DEBUG]: DevTools WebSocket Command: Runtime.evaluate (id=74) (session_id=0AAA18818893BB4F6B34C271151FCEB6) 5DE497F544D78911CBD1B96C7216F4D3 {
   "expression": "1"
}
[1766136399.164][DEBUG]: DevTools WebSocket Response: Runtime.releaseObjectGroup (id=73) (session_id=0AAA18818893BB4F6B34C271151FCEB6) 5DE497F544D78911CBD1B96C7216F4D3 {
}
[1766136399.164][DEBUG]: DevTools WebSocket Response: Runtime.evaluate (id=74) (session_id=0AAA18818893BB4F6B34C271151FCEB6) 5DE497F544D78911CBD1B96C7216F4D3 {
   "result": {
      "description": "1",
      "type": "number",
      "value": 1
   }
}
[1766136399.164][INFO]: Done waiting for pending navigations. Status: ok
[1766136399.164][INFO]: [8cac16ba8b44337f2ba68d6c6e00a2d1] RESPONSE GetElementText "霸王别姬 - Farewell My Concubine"
[1766136399.165][INFO]: [8cac16ba8b44337f2ba68d6c6e00a2d1] COMMAND FindChildElement {
   "id": "f.5DE497F544D78911CBD1B96C7216F4D3.d.5017C2A040EE4D9953D9F7C6D2E8BB92.e.9",
   "using": "css selector",
   "value": "a[href*='/detail/']"
}
[1766136399.166][INFO]: Waiting for pending navigations...
[1766136399.166][DEBUG]: DevTools WebSocket Command: Runtime.evaluate (id=75) (session_id=0AAA18818893BB4F6B34C271151FCEB6) 5DE497F544D78911CBD1B96C7216F4D3 {
   "expression": "1"
}
[1766136399.166][DEBUG]: DevTools WebSocket Response: Runtime.evaluate (id=75) (session_id=0AAA18818893BB4F6B34C271151FCEB6) 5DE497F544D78911CBD1B96C7216F4D3 {
   "result": {
      "description": "1",
      "type": "number",
      "value": 1
   }
}
[1766136399.166][INFO]: Done waiting for pending navigations. Status: ok
[1766136399.166][DEBUG]: DevTools WebSocket Command: Page.getFrameTree (id=76) (session_id=0AAA18818893BB4F6B34C271151FCEB6) 5DE497F544D78911CBD1B96C7216F4D3 {
}
[1766136399.167][DEBUG]: DevTools WebSocket Response: Page.getFrameTree (id=76) (session_id=0AAA18818893BB4F6B34C271151FCEB6) 5DE497F544D78911CBD1B96C7216F4D3 {
   "frameTree": {
      "frame": {
         "adFrameStatus": {
            "adFrameType": "none"
         },
         "crossOriginIsolatedContextType": "NotIsolated",
         "domainAndRegistry": "scrape.center",
         "gatedAPIFeatures": [  ],
         "id": "5DE497F544D78911CBD1B96C7216F4D3",
         "loaderId": "5017C2A040EE4D9953D9F7C6D2E8BB92",
         "mimeType": "text/html",
         "secureContextType": "Secure",
         "securityOrigin": "https://spa1.scrape.center",
         "securityOriginDetails": {
            "isLocalhost": false
         },
         "url": "https://spa1.scrape.center/"
      }
   }
}
[1766136399.167][DEBUG]: DevTools WebSocket Command: DOM.resolveNode (id=77) (session_id=0AAA18818893BB4F6B34C271151FCEB6) 5DE497F544D78911CBD1B96C7216F4D3 {
   "backendNodeId": 9,
   "objectGroup": "47d96b37-791a-4b1f-927e-a5cad0ffe29f"
}
[1766136399.167][DEBUG]: DevTools WebSocket Response: DOM.resolveNode (id=77) (session_id=0AAA18818893BB4F6B34C271151FCEB6) 5DE497F544D78911CBD1B96C7216F4D3 {
   "object": {
      "className": "HTMLDivElement",
      "description": "div.el-card__body",
      "objectId": "1667652473473659487.1.17",
      "subtype": "node",
      "type": "object"
   }
}
[1766136399.167][DEBUG]: DevTools WebSocket Command: Page.getFrameTree (id=78) (session_id=0AAA18818893BB4F6B34C271151FCEB6) 5DE497F544D78911CBD1B96C7216F4D3 {
}
[1766136399.168][DEBUG]: DevTools WebSocket Response: Page.getFrameTree (id=78) (session_id=0AAA18818893BB4F6B34C271151FCEB6) 5DE497F544D78911CBD1B96C7216F4D3 {
   "frameTree": {
      "frame": {
         "adFrameStatus": {
            "adFrameType": "none"
         },
         "crossOriginIsolatedContextType": "NotIsolated",
         "domainAndRegistry": "scrape.center",
         "gatedAPIFeatures": [  ],
         "id": "5DE497F544D78911CBD1B96C7216F4D3",
         "loaderId": "5017C2A040EE4D9953D9F7C6D2E8BB92",
         "mimeType": "text/html",
         "secureContextType": "Secure",
         "securityOrigin": "https://spa1.scrape.center",
         "securityOriginDetails": {
            "isLocalhost": false
         },
         "url": "https://spa1.scrape.center/"
      }
   }
}
[1766136399.169][DEBUG]: DevTools WebSocket Command: Runtime.callFunctionOn (id=79) (session_id=0AAA18818893BB4F6B34C271151FCEB6) 5DE497F544D78911CBD1B96C7216F4D3 {
   "arguments": [ {
      "objectId": "1667652473473659487.1.17"
   } ],
   "awaitPromise": true,
   "functionDeclaration": "function(){ return (function() { // Copyright 2012 The Chromium Authors\n// Use of this source code is governed by a BSD-style license that can be\n// found in the LICENSE file.\n\n/**\n * Enum for WebD...",
   "objectGroup": "47d96b37-791a-4b1f-927e-a5cad0ffe29f",
   "serializationOptions": {
      "serialization": "deep"
   },
   "uniqueContextId": "-88754438306678378.-5366136884038128798"
}
[1766136399.173][DEBUG]: DevTools WebSocket Response: Runtime.callFunctionOn (id=79) (session_id=0AAA18818893BB4F6B34C271151FCEB6) 5DE497F544D78911CBD1B96C7216F4D3 {
   "result": {
      "className": "Array",
      "deepSerializedValue": {
         "type": "array",
         "value": [ {
            "type": "string",
            "value": "{\"status\":0,\"value\":{\"element-6066-11e4-a52e-4f735466cecf\":0}}"
         }, {
            "type": "node",
            "value": {
               "attributes": {
                  "class": "",
                  "data-v-1a647406": "",
                  "href": "/detail/1"
               },
               "backendNodeId": 20,
               "childNodeCount": 1,
               "loaderId": "5017C2A040EE4D9953D9F7C6D2E8BB92",
               "localName": "a",
               "namespaceURI": "http://www.w3.org/1999/xhtml",
               "nodeType": 1,
               "shadowRoot": null
            }
         } ]
      },
      "description": "Array(2)",
      "objectId": "1667652473473659487.1.18",
      "subtype": "array",
      "type": "object"
   }
}
[1766136399.174][DEBUG]: DevTools WebSocket Command: Runtime.releaseObjectGroup (id=80) (session_id=0AAA18818893BB4F6B34C271151FCEB6) 5DE497F544D78911CBD1B96C7216F4D3 {
   "objectGroup": "47d96b37-791a-4b1f-927e-a5cad0ffe29f"
}
[1766136399.174][INFO]: Waiting for pending navigations...
[1766136399.174][DEBUG]: DevTools WebSocket Command: Runtime.evaluate (id=81) (session_id=0AAA18818893BB4F6B34C271151FCEB6) 5DE497F544D78911CBD1B96C7216F4D3 {
   "expression": "1"
}
[1766136399.175][DEBUG]: DevTools WebSocket Response: Runtime.releaseObjectGroup (id=80) (session_id=0AAA18818893BB4F6B34C271151FCEB6) 5DE497F544D78911CBD1B96C7216F4D3 {
}
[1766136399.175][DEBUG]: DevTools WebSocket Response: Runtime.evaluate (id=81) (session_id=0AAA18818893BB4F6B34C271151FCEB6) 5DE497F544D78911CBD1B96C7216F4D3 {
   "result": {
      "description": "1",
      "type": "number",
      "value": 1
   }
}
[1766136399.175][INFO]: Done waiting for pending navigations. Status: ok
[1766136399.175][INFO]: [8cac16ba8b44337f2ba68d6c6e00a2d1] RESPONSE FindChildElement {
   "element-6066-11e4-a52e-4f735466cecf": "f.5DE497F544D78911CBD1B96C7216F4D3.d.5017C2A040EE4D9953D9F7C6D2E8BB92.e.20"
}
[1766136399.177][INFO]: [8cac16ba8b44337f2ba68d6c6e00a2d1] COMMAND ExecuteScript {
   "args": [ {
      "element-6066-11e4-a52e-4f735466cecf": "f.5DE497F544D78911CBD1B96C7216F4D3.d.5017C2A040EE4D9953D9F7C6D2E8BB92.e.20"
   }, "href" ],
   "script": "/* getAttribute */return (function(){return (function(){var d=this||self;function f(a,b){function c(){}c.prototype=b.prototype;a.prototype=new c;a.prototype.constructor=a};var h=Array.prototype.indexOf?function(a,b){return Array.prototype.indexOf.call(a,b,void 0)}:function(a,b){if(\"string\"===typeof a)return\"string\"!==typeof b||1!=b.length?-1:a.indexOf(b,0);for(var c=0;c\u003Ca.length;c++)if(c in a&&a[c]===b)return c;return-1},k=Array.prototype.forEach?function(a,b){Array.prototype.forEach.call(a,b,void 0)}:function(a,b){for(var c=a.length,e=\"string\"===typeof a?a.split(\"\"):a,g=0;g\u003Cc;g++)g in e&&b.call(void 0,e[g],g,a)};function l(a,b){this.code=a;this.a=m[a]||n;this.message=b||\"\";a=this.a.replace(/((?:^|\\s+)[a-z])/g,function(c){return c.toUpperCase().replace(/^[\\s\\xa0]+/g,\"\")});b=a.length-5;if(0>b||a.indexOf(\"Error\",b)!=b)a+=\"Error\";this.name=a;a=Error(this.message);a.name=this.name;this.stack=a.stack||\"\"}f(l,Error);var n=\"unknown error\",m={15:\"element not selectable\",11:\"element not visible\"};m[31]=n;m[30]=n;m[24]=\"invalid cookie domain\";m[29]=\"invalid element coordinates\";m[12]=\"invalid element state\";m[32]=\"invalid selector\";\nm[51]=\"invalid selector\";m[52]=\"invalid selector\";m[17]=\"javascript error\";m[405]=\"unsupported operation\";m[34]=\"move target out of bounds\";m[27]=\"no such alert\";m[7]=\"no such element\";m[8]=\"no such frame\";m[23]=\"no such window\";m[28]=\"script timeout\";m[33]=\"session not created\";m[10]=\"stale element reference\";m[21]=\"timeout\";m[25]=\"unable to set cookie\";m[26]=\"unexpected alert open\";m[13]=n;m[9]=\"unknown command\";var p;a:{var q=d.navigator;if(q){var r=q.userAgent;if(r){p=r;break a}}p=\"\"}function t(a){return-1!=p.indexOf(a)};function u(){return t(\"Firefox\")||t(\"FxiOS\")}function v(){return(t(\"Chrome\")||t(\"CriOS\"))&&!t(\"Edge\")};function w(){return t(\"iPhone\")&&!t(\"iPod\")&&!t(\"iPad\")};var y=t(\"Opera\"),z=t(\"Trident\")||t(\"MSIE\"),A=t(\"Edge\"),B=t(\"Gecko\")&&!(-1!=p.toLowerCase().indexOf(\"webkit\")&&!t(\"Edge\"))&&!(t(\"Trident\")||t(\"MSIE\"))&&!t(\"Edge\"),C=-1!=p.toLowerCase().indexOf(\"webkit\")&&!t(\"Edge\");function D(){var a=d.document;return a?a.documentMode:void 0}var E;\na:{var F=\"\",G=function(){var a=p;if(B)return/rv:([^\\);]+)(\\)|;)/.exec(a);if(A)return/Edge\\/([\\d\\.]+)/.exec(a);if(z)return/\\b(?:MSIE|rv)[: ]([^\\);]+)(\\)|;)/.exec(a);if(C)return/WebKit\\/(\\S+)/.exec(a);if(y)return/(?:Version)[ \\/]?(\\S+)/.exec(a)}();G&&(F=G?G[1]:\"\");if(z){var H=D();if(null!=H&&H>parseFloat(F)){E=String(H);break a}}E=F}var I;I=d.document&&z?D():void 0;var J=u(),K=w()||t(\"iPod\"),L=t(\"iPad\"),M=t(\"Android\")&&!(v()||u()||t(\"Opera\")||t(\"Silk\")),N=v(),aa=t(\"Safari\")&&!(v()||t(\"Coast\")||t(\"Opera\")||t(\"Edge\")||t(\"Edg/\")||t(\"OPR\")||u()||t(\"Silk\")||t(\"Android\"))&&!(w()||t(\"iPad\")||t(\"iPod\"));function O(a){return(a=a.exec(p))?a[1]:\"\"}(function(){if(J)return O(/Firefox\\/([0-9.]+)/);if(z||A||y)return E;if(N)return w()||t(\"iPad\")||t(\"iPod\")?O(/CriOS\\/([0-9.]+)/):O(/Chrome\\/([0-9.]+)/);if(aa&&!(w()||t(\"iPad\")||t(\"iPod\")))return O(/Version\\/([0-9.]+)/);if(K||L){var a=/Version\\/(\\S+).*Mobile\\/(\\S+)/.exec(p);if(a)return a[1]+\".\"+a[2]}else if(M)return(a=O(/Android\\s+([0-9.]+)/))?a:O(/Version\\/([0-9.]+)/);return\"\"})();var P=z&&!(8\u003C=Number(I)),ba=z&&!(9\u003C=Number(I));var ca={SCRIPT:1,STYLE:1,HEAD:1,IFRAME:1,OBJECT:1},Q={IMG:\" \",BR:\"\\n\"};function R(a,b,c){if(!(a.nodeName in ca))if(3==a.nodeType)c?b.push(String(a.nodeValue).replace(/(\\r\\n|\\r|\\n)/g,\"\")):b.push(a.nodeValue);else if(a.nodeName in Q)b.push(Q[a.nodeName]);else for(a=a.firstChild;a;)R(a,b,c),a=a.nextSibling};function S(a,b){b=b.toLowerCase();return\"style\"==b?da(a.style.cssText):P&&\"value\"==b&&T(a,\"INPUT\")?a.value:ba&&!0===a[b]?String(a.getAttribute(b)):(a=a.getAttributeNode(b))&&a.specified?a.value:null}var ea=/[;]+(?=(?:(?:[^\"]*\"){2})*[^\"]*$)(?=(?:(?:[^']*'){2})*[^']*$)(?=(?:[^()]*\\([^()]*\\))*[^()]*$)/;\nfunction da(a){var b=[];k(a.split(ea),function(c){var e=c.indexOf(\":\");0\u003Ce&&(c=[c.slice(0,e),c.slice(e+1)],2==c.length&&b.push(c[0].toLowerCase(),\":\",c[1],\";\"))});b=b.join(\"\");return b=\";\"==b.charAt(b.length-1)?b:b+\";\"}function U(a,b){P&&\"value\"==b&&T(a,\"OPTION\")&&null===S(a,\"value\")?(b=[],R(a,b,!1),a=b.join(\"\")):a=a[b];return a}\nfunction T(a,b){b&&\"string\"!==typeof b&&(b=b.toString());return a instanceof HTMLFormElement?!!a&&1==a.nodeType&&(!b||\"FORM\"==b):!!a&&1==a.nodeType&&(!b||a.tagName.toUpperCase()==b)}function V(a){return T(a,\"OPTION\")?!0:T(a,\"INPUT\")?(a=a.type.toLowerCase(),\"checkbox\"==a||\"radio\"==a):!1};var fa={\"class\":\"className\",readonly:\"readOnly\"},ha=\"allowfullscreen allowpaymentrequest allowusermedia async autofocus autoplay checked compact complete controls declare default defaultchecked defaultselected defer disabled ended formnovalidate hidden indeterminate iscontenteditable ismap itemscope loop multiple muted nohref nomodule noresize noshade novalidate nowrap open paused playsinline pubdate readonly required reversed scoped seamless seeking selected truespeed typemustmatch willvalidate\".split(\" \");function W(a,b){var c=null,e=b.toLowerCase();if(\"style\"==e)return(c=a.style)&&\"string\"!=typeof c&&(c=c.cssText),c;if((\"selected\"==e||\"checked\"==e)&&V(a)){if(!V(a))throw new l(15,\"Element is not selectable\");b=\"selected\";c=a.type&&a.type.toLowerCase();if(\"checkbox\"==c||\"radio\"==c)b=\"checked\";return U(a,b)?\"true\":null}var g=T(a,\"A\");if(T(a,\"IMG\")&&\"src\"==e||g&&\"href\"==e)return(c=S(a,e))&&(c=U(a,e)),c;if(\"spellcheck\"==e){c=S(a,e);if(null!==c){if(\"false\"==c.toLowerCase())return\"false\";if(\"true\"==c.toLowerCase())return\"true\"}return U(a,\ne)+\"\"}g=fa[b]||b;if(0\u003C=h(ha,e))return(c=null!==S(a,b)||U(a,g))?\"true\":null;try{var x=U(a,g)}catch(ia){}(e=null==x)||(e=typeof x,e=\"object\"==e&&null!=x||\"function\"==e);e?c=S(a,b):c=x;return null!=c?c.toString():null}var X=[\"se_exportedFunctionSymbol\"],Y=d;X[0]in Y||\"undefined\"==typeof Y.execScript||Y.execScript(\"var \"+X[0]);for(var Z;X.length&&(Z=X.shift());)X.length||void 0===W?Y[Z]&&Y[Z]!==Object.prototype[Z]?Y=Y[Z]:Y=Y[Z]={}:Y[Z]=W;; return this.se_exportedFunctionSymbol.apply(null,arguments);}).apply(window, arguments);}\n).apply(null, arguments);"
}
[1766136399.177][INFO]: Waiting for pending navigations...
[1766136399.177][DEBUG]: DevTools WebSocket Command: Runtime.evaluate (id=82) (session_id=0AAA18818893BB4F6B34C271151FCEB6) 5DE497F544D78911CBD1B96C7216F4D3 {
   "expression": "1"
}
[1766136399.178][DEBUG]: DevTools WebSocket Response: Runtime.evaluate (id=82) (session_id=0AAA18818893BB4F6B34C271151FCEB6) 5DE497F544D78911CBD1B96C7216F4D3 {
   "result": {
      "description": "1",
      "type": "number",
      "value": 1
   }
}
[1766136399.178][INFO]: Done waiting for pending navigations. Status: ok
[1766136399.178][DEBUG]: DevTools WebSocket Command: Page.getFrameTree (id=83) (session_id=0AAA18818893BB4F6B34C271151FCEB6) 5DE497F544D78911CBD1B96C7216F4D3 {
}
[1766136399.178][DEBUG]: DevTools WebSocket Response: Page.getFrameTree (id=83) (session_id=0AAA18818893BB4F6B34C271151FCEB6) 5DE497F544D78911CBD1B96C7216F4D3 {
   "frameTree": {
      "frame": {
         "adFrameStatus": {
            "adFrameType": "none"
         },
         "crossOriginIsolatedContextType": "NotIsolated",
         "domainAndRegistry": "scrape.center",
         "gatedAPIFeatures": [  ],
         "id": "5DE497F544D78911CBD1B96C7216F4D3",
         "loaderId": "5017C2A040EE4D9953D9F7C6D2E8BB92",
         "mimeType": "text/html",
         "secureContextType": "Secure",
         "securityOrigin": "https://spa1.scrape.center",
         "securityOriginDetails": {
            "isLocalhost": false
         },
         "url": "https://spa1.scrape.center/"
      }
   }
}
[1766136399.178][DEBUG]: DevTools WebSocket Command: DOM.resolveNode (id=84) (session_id=0AAA18818893BB4F6B34C271151FCEB6) 5DE497F544D78911CBD1B96C7216F4D3 {
   "backendNodeId": 20,
   "objectGroup": "cdbd5f26-212c-4bbe-a5bc-c1393aa01dc6"
}
[1766136399.178][DEBUG]: DevTools WebSocket Response: DOM.resolveNode (id=84) (session_id=0AAA18818893BB4F6B34C271151FCEB6) 5DE497F544D78911CBD1B96C7216F4D3 {
   "object": {
      "className": "HTMLAnchorElement",
      "description": "a",
      "objectId": "1667652473473659487.1.19",
      "subtype": "node",
      "type": "object"
   }
}
[1766136399.178][DEBUG]: DevTools WebSocket Command: Page.getFrameTree (id=85) (session_id=0AAA18818893BB4F6B34C271151FCEB6) 5DE497F544D78911CBD1B96C7216F4D3 {
}
[1766136399.179][DEBUG]: DevTools WebSocket Response: Page.getFrameTree (id=85) (session_id=0AAA18818893BB4F6B34C271151FCEB6) 5DE497F544D78911CBD1B96C7216F4D3 {
   "frameTree": {
      "frame": {
         "adFrameStatus": {
            "adFrameType": "none"
         },
         "crossOriginIsolatedContextType": "NotIsolated",
         "domainAndRegistry": "scrape.center",
         "gatedAPIFeatures": [  ],
         "id": "5DE497F544D78911CBD1B96C7216F4D3",
         "loaderId": "5017C2A040EE4D9953D9F7C6D2E8BB92",
         "mimeType": "text/html",
         "secureContextType": "Secure",
         "securityOrigin": "https://spa1.scrape.center",
         "securityOriginDetails": {
            "isLocalhost": false
         },
         "url": "https://spa1.scrape.center/"
      }
   }
}
[1766136399.179][DEBUG]: DevTools WebSocket Command: Runtime.callFunctionOn (id=86) (session_id=0AAA18818893BB4F6B34C271151FCEB6) 5DE497F544D78911CBD1B96C7216F4D3 {
   "arguments": [ {
      "objectId": "1667652473473659487.1.19"
   } ],
   "awaitPromise": true,
   "functionDeclaration": "function(){ return (function() { // Copyright 2012 The Chromium Authors\n// Use of this source code is governed by a BSD-style license that can be\n// found in the LICENSE file.\n\n/**\n * Enum for WebD...",
   "objectGroup": "cdbd5f26-212c-4bbe-a5bc-c1393aa01dc6",
   "serializationOptions": {
      "serialization": "deep"
   },
   "uniqueContextId": "-88754438306678378.-5366136884038128798"
}
[1766136399.181][DEBUG]: DevTools WebSocket Response: Runtime.callFunctionOn (id=86) (session_id=0AAA18818893BB4F6B34C271151FCEB6) 5DE497F544D78911CBD1B96C7216F4D3 {
   "result": {
      "className": "Array",
      "deepSerializedValue": {
         "type": "array",
         "value": [ {
            "type": "string",
            "value": "{\"status\":0,\"value\":\"https://spa1.scrape.center/detail/1\"}"
         } ]
      },
      "description": "Array(1)",
      "objectId": "1667652473473659487.1.20",
      "subtype": "array",
      "type": "object"
   }
}
[1766136399.181][DEBUG]: DevTools WebSocket Command: Runtime.releaseObjectGroup (id=87) (session_id=0AAA18818893BB4F6B34C271151FCEB6) 5DE497F544D78911CBD1B96C7216F4D3 {
   "objectGroup": "cdbd5f26-212c-4bbe-a5bc-c1393aa01dc6"
}
[1766136399.181][INFO]: Waiting for pending navigations...
[1766136399.182][DEBUG]: DevTools WebSocket Command: Runtime.evaluate (id=88) (session_id=0AAA18818893BB4F6B34C271151FCEB6) 5DE497F544D78911CBD1B96C7216F4D3 {
   "expression": "1"
}
[1766136399.182][DEBUG]: DevTools WebSocket Response: Runtime.releaseObjectGroup (id=87) (session_id=0AAA18818893BB4F6B34C271151FCEB6) 5DE497F544D78911CBD1B96C7216F4D3 {
}
[1766136399.182][DEBUG]: DevTools WebSocket Response: Runtime.evaluate (id=88) (session_id=0AAA18818893BB4F6B34C271151FCEB6) 5DE497F544D78911CBD1B96C7216F4D3 {
   "result": {
      "description": "1",
      "type": "number",
      "value": 1
   }
}
[1766136399.182][INFO]: Done waiting for pending navigations. Status: ok
[1766136399.182][INFO]: [8cac16ba8b44337f2ba68d6c6e00a2d1] RESPONSE ExecuteScript "https://spa1.scrape.center/detail/1"
[1766136399.183][INFO]: [8cac16ba8b44337f2ba68d6c6e00a2d1] COMMAND FindChildElements {
   "id": "f.5DE497F544D78911CBD1B96C7216F4D3.d.5017C2A040EE4D9953D9F7C6D2E8BB92.e.9",
   "using": "css selector",
   "value": ".m-v-sm"
}
[1766136399.183][INFO]: Waiting for pending navigations...
[1766136399.183][DEBUG]: DevTools WebSocket Command: Runtime.evaluate (id=89) (session_id=0AAA18818893BB4F6B34C271151FCEB6) 5DE497F544D78911CBD1B96C7216F4D3 {
   "expression": "1"
}
[1766136399.183][DEBUG]: DevTools WebSocket Response: Runtime.evaluate (id=89) (session_id=0AAA18818893BB4F6B34C271151FCEB6) 5DE497F544D78911CBD1B96C7216F4D3 {
   "result": {
      "description": "1",
      "type": "number",
      "value": 1
   }
}
[1766136399.183][INFO]: Done waiting for pending navigations. Status: ok
[1766136399.183][DEBUG]: DevTools WebSocket Command: Page.getFrameTree (id=90) (session_id=0AAA18818893BB4F6B34C271151FCEB6) 5DE497F544D78911CBD1B96C7216F4D3 {
}
[1766136399.184][DEBUG]: DevTools WebSocket Response: Page.getFrameTree (id=90) (session_id=0AAA18818893BB4F6B34C271151FCEB6) 5DE497F544D78911CBD1B96C7216F4D3 {
   "frameTree": {
      "frame": {
         "adFrameStatus": {
            "adFrameType": "none"
         },
         "crossOriginIsolatedContextType": "NotIsolated",
         "domainAndRegistry": "scrape.center",
         "gatedAPIFeatures": [  ],
         "id": "5DE497F544D78911CBD1B96C7216F4D3",
         "loaderId": "5017C2A040EE4D9953D9F7C6D2E8BB92",
         "mimeType": "text/html",
         "secureContextType": "Secure",
         "securityOrigin": "https://spa1.scrape.center",
         "securityOriginDetails": {
            "isLocalhost": false
         },
         "url": "https://spa1.scrape.center/"
      }
   }
}
[1766136399.184][DEBUG]: DevTools WebSocket Command: DOM.resolveNode (id=91) (session_id=0AAA18818893BB4F6B34C271151FCEB6) 5DE497F544D78911CBD1B96C7216F4D3 {
   "backendNodeId": 9,
   "objectGroup": "c3ece524-ae0d-4840-a61d-c90b45c19264"
}
[1766136399.184][DEBUG]: DevTools WebSocket Response: DOM.resolveNode (id=91) (session_id=0AAA18818893BB4F6B34C271151FCEB6) 5DE497F544D78911CBD1B96C7216F4D3 {
   "object": {
      "className": "HTMLDivElement",
      "description": "div.el-card__body",
      "objectId": "1667652473473659487.1.21",
      "subtype": "node",
      "type": "object"
   }
}
[1766136399.184][DEBUG]: DevTools WebSocket Command: Page.getFrameTree (id=92) (session_id=0AAA18818893BB4F6B34C271151FCEB6) 5DE497F544D78911CBD1B96C7216F4D3 {
}
[1766136399.185][DEBUG]: DevTools WebSocket Response: Page.getFrameTree (id=92) (session_id=0AAA18818893BB4F6B34C271151FCEB6) 5DE497F544D78911CBD1B96C7216F4D3 {
   "frameTree": {
      "frame": {
         "adFrameStatus": {
            "adFrameType": "none"
         },
         "crossOriginIsolatedContextType": "NotIsolated",
         "domainAndRegistry": "scrape.center",
         "gatedAPIFeatures": [  ],
         "id": "5DE497F544D78911CBD1B96C7216F4D3",
         "loaderId": "5017C2A040EE4D9953D9F7C6D2E8BB92",
         "mimeType": "text/html",
         "secureContextType": "Secure",
         "securityOrigin": "https://spa1.scrape.center",
         "securityOriginDetails": {
            "isLocalhost": false
         },
         "url": "https://spa1.scrape.center/"
      }
   }
}
[1766136399.186][DEBUG]: DevTools WebSocket Command: Runtime.callFunctionOn (id=93) (session_id=0AAA18818893BB4F6B34C271151FCEB6) 5DE497F544D78911CBD1B96C7216F4D3 {
   "arguments": [ {
      "objectId": "1667652473473659487.1.21"
   } ],
   "awaitPromise": true,
   "functionDeclaration": "function(){ return (function() { // Copyright 2012 The Chromium Authors\n// Use of this source code is governed by a BSD-style license that can be\n// found in the LICENSE file.\n\n/**\n * Enum for WebD...",
   "objectGroup": "c3ece524-ae0d-4840-a61d-c90b45c19264",
   "serializationOptions": {
      "serialization": "deep"
   },
   "uniqueContextId": "-88754438306678378.-5366136884038128798"
}
[1766136399.190][DEBUG]: DevTools WebSocket Response: Runtime.callFunctionOn (id=93) (session_id=0AAA18818893BB4F6B34C271151FCEB6) 5DE497F544D78911CBD1B96C7216F4D3 {
   "result": {
      "className": "Array",
      "deepSerializedValue": {
         "type": "array",
         "value": [ {
            "type": "string",
            "value": "{\"status\":0,\"value\":[{\"element-6066-11e4-a52e-4f735466cecf\":0},{\"element-6066-11e4-a52e-4f735466cecf\":1}]}"
         }, {
            "type": "node",
            "value": {
               "attributes": {
                  "class": "m-v-sm info",
                  "data-v-1a647406": ""
               },
               "backendNodeId": 21,
               "childNodeCount": 3,
               "loaderId": "5017C2A040EE4D9953D9F7C6D2E8BB92",
               "localName": "div",
               "namespaceURI": "http://www.w3.org/1999/xhtml",
               "nodeType": 1,
               "shadowRoot": null
            }
         }, {
            "type": "node",
            "value": {
               "attributes": {
                  "class": "m-v-sm info",
                  "data-v-1a647406": ""
               },
               "backendNodeId": 22,
               "childNodeCount": 1,
               "loaderId": "5017C2A040EE4D9953D9F7C6D2E8BB92",
               "localName": "div",
               "namespaceURI": "http://www.w3.org/1999/xhtml",
               "nodeType": 1,
               "shadowRoot": null
            }
         } ]
      },
      "description": "Array(3)",
      "objectId": "1667652473473659487.1.22",
      "subtype": "array",
      "type": "object"
   }
}
[1766136399.190][DEBUG]: DevTools WebSocket Command: Runtime.releaseObjectGroup (id=94) (session_id=0AAA18818893BB4F6B34C271151FCEB6) 5DE497F544D78911CBD1B96C7216F4D3 {
   "objectGroup": "c3ece524-ae0d-4840-a61d-c90b45c19264"
}
[1766136399.191][INFO]: Waiting for pending navigations...
[1766136399.191][DEBUG]: DevTools WebSocket Command: Runtime.evaluate (id=95) (session_id=0AAA18818893BB4F6B34C271151FCEB6) 5DE497F544D78911CBD1B96C7216F4D3 {
   "expression": "1"
}
[1766136399.192][DEBUG]: DevTools WebSocket Response: Runtime.releaseObjectGroup (id=94) (session_id=0AAA18818893BB4F6B34C271151FCEB6) 5DE497F544D78911CBD1B96C7216F4D3 {
}
[1766136399.192][DEBUG]: DevTools WebSocket Response: Runtime.evaluate (id=95) (session_id=0AAA18818893BB4F6B34C271151FCEB6) 5DE497F544D78911CBD1B96C7216F4D3 {
   "result": {
      "description": "1",
      "type": "number",
      "value": 1
   }
}
[1766136399.192][INFO]: Done waiting for pending navigations. Status: ok
[1766136399.192][INFO]: [8cac16ba8b44337f2ba68d6c6e00a2d1] RESPONSE FindChildElements [ {
   "element-6066-11e4-a52e-4f735466cecf": "f.5DE497F544D78911CBD1B96C7216F4D3.d.5017C2A040EE4D9953D9F7C6D2E8BB92.e.21"
}, {
   "element-6066-11e4-a52e-4f735466cecf": "f.5DE497F544D78911CBD1B96C7216F4D3.d.5017C2A040EE4D9953D9F7C6D2E8BB92.e.22"
} ]
[1766136399.193][INFO]: [8cac16ba8b44337f2ba68d6c6e00a2d1] COMMAND GetElementText {
   "id": "f.5DE497F544D78911CBD1B96C7216F4D3.d.5017C2A040EE4D9953D9F7C6D2E8BB92.e.21"
}
[1766136399.193][INFO]: Waiting for pending navigations...
[1766136399.193][DEBUG]: DevTools WebSocket Command: Runtime.evaluate (id=96) (session_id=0AAA18818893BB4F6B34C271151FCEB6) 5DE497F544D78911CBD1B96C7216F4D3 {
   "expression": "1"
}
[1766136399.194][DEBUG]: DevTools WebSocket Response: Runtime.evaluate (id=96) (session_id=0AAA18818893BB4F6B34C271151FCEB6) 5DE497F544D78911CBD1B96C7216F4D3 {
   "result": {
      "description": "1",
      "type": "number",
      "value": 1
   }
}
[1766136399.194][INFO]: Done waiting for pending navigations. Status: ok
[1766136399.194][DEBUG]: DevTools WebSocket Command: Page.getFrameTree (id=97) (session_id=0AAA18818893BB4F6B34C271151FCEB6) 5DE497F544D78911CBD1B96C7216F4D3 {
}
[1766136399.195][DEBUG]: DevTools WebSocket Response: Page.getFrameTree (id=97) (session_id=0AAA18818893BB4F6B34C271151FCEB6) 5DE497F544D78911CBD1B96C7216F4D3 {
   "frameTree": {
      "frame": {
         "adFrameStatus": {
            "adFrameType": "none"
         },
         "crossOriginIsolatedContextType": "NotIsolated",
         "domainAndRegistry": "scrape.center",
         "gatedAPIFeatures": [  ],
         "id": "5DE497F544D78911CBD1B96C7216F4D3",
         "loaderId": "5017C2A040EE4D9953D9F7C6D2E8BB92",
         "mimeType": "text/html",
         "secureContextType": "Secure",
         "securityOrigin": "https://spa1.scrape.center",
         "securityOriginDetails": {
            "isLocalhost": false
         },
         "url": "https://spa1.scrape.center/"
      }
   }
}
[1766136399.195][DEBUG]: DevTools WebSocket Command: DOM.resolveNode (id=98) (session_id=0AAA18818893BB4F6B34C271151FCEB6) 5DE497F544D78911CBD1B96C7216F4D3 {
   "backendNodeId": 21,
   "objectGroup": "0d22e9bc-0d2f-47b6-9e78-a4b98678b820"
}
[1766136399.195][DEBUG]: DevTools WebSocket Response: DOM.resolveNode (id=98) (session_id=0AAA18818893BB4F6B34C271151FCEB6) 5DE497F544D78911CBD1B96C7216F4D3 {
   "object": {
      "className": "HTMLDivElement",
      "description": "div.m-v-sm.info",
      "objectId": "1667652473473659487.1.23",
      "subtype": "node",
      "type": "object"
   }
}
[1766136399.195][DEBUG]: DevTools WebSocket Command: Page.getFrameTree (id=99) (session_id=0AAA18818893BB4F6B34C271151FCEB6) 5DE497F544D78911CBD1B96C7216F4D3 {
}
[1766136399.195][DEBUG]: DevTools WebSocket Response: Page.getFrameTree (id=99) (session_id=0AAA18818893BB4F6B34C271151FCEB6) 5DE497F544D78911CBD1B96C7216F4D3 {
   "frameTree": {
      "frame": {
         "adFrameStatus": {
            "adFrameType": "none"
         },
         "crossOriginIsolatedContextType": "NotIsolated",
         "domainAndRegistry": "scrape.center",
         "gatedAPIFeatures": [  ],
         "id": "5DE497F544D78911CBD1B96C7216F4D3",
         "loaderId": "5017C2A040EE4D9953D9F7C6D2E8BB92",
         "mimeType": "text/html",
         "secureContextType": "Secure",
         "securityOrigin": "https://spa1.scrape.center",
         "securityOriginDetails": {
            "isLocalhost": false
         },
         "url": "https://spa1.scrape.center/"
      }
   }
}
[1766136399.197][DEBUG]: DevTools WebSocket Command: Runtime.callFunctionOn (id=100) (session_id=0AAA18818893BB4F6B34C271151FCEB6) 5DE497F544D78911CBD1B96C7216F4D3 {
   "arguments": [ {
      "objectId": "1667652473473659487.1.23"
   } ],
   "awaitPromise": true,
   "functionDeclaration": "function(){ return (function() { // Copyright 2012 The Chromium Authors\n// Use of this source code is governed by a BSD-style license that can be\n// found in the LICENSE file.\n\n/**\n * Enum for WebD...",
   "objectGroup": "0d22e9bc-0d2f-47b6-9e78-a4b98678b820",
   "serializationOptions": {
      "serialization": "deep"
   },
   "uniqueContextId": "-88754438306678378.-5366136884038128798"
}
[1766136399.201][DEBUG]: DevTools WebSocket Response: Runtime.callFunctionOn (id=100) (session_id=0AAA18818893BB4F6B34C271151FCEB6) 5DE497F544D78911CBD1B96C7216F4D3 {
   "result": {
      "className": "Array",
      "deepSerializedValue": {
         "type": "array",
         "value": [ {
            "type": "string",
            "value": "{\"status\":0,\"value\":\"中国内地、中国香港 / 171 分钟\"}"
         } ]
      },
      "description": "Array(1)",
      "objectId": "1667652473473659487.1.24",
      "subtype": "array",
      "type": "object"
   }
}
[1766136399.201][DEBUG]: DevTools WebSocket Command: Runtime.releaseObjectGroup (id=101) (session_id=0AAA18818893BB4F6B34C271151FCEB6) 5DE497F544D78911CBD1B96C7216F4D3 {
   "objectGroup": "0d22e9bc-0d2f-47b6-9e78-a4b98678b820"
}
[1766136399.201][INFO]: Waiting for pending navigations...
[1766136399.201][DEBUG]: DevTools WebSocket Command: Runtime.evaluate (id=102) (session_id=0AAA18818893BB4F6B34C271151FCEB6) 5DE497F544D78911CBD1B96C7216F4D3 {
   "expression": "1"
}
[1766136399.202][DEBUG]: DevTools WebSocket Response: Runtime.releaseObjectGroup (id=101) (session_id=0AAA18818893BB4F6B34C271151FCEB6) 5DE497F544D78911CBD1B96C7216F4D3 {
}
[1766136399.202][DEBUG]: DevTools WebSocket Response: Runtime.evaluate (id=102) (session_id=0AAA18818893BB4F6B34C271151FCEB6) 5DE497F544D78911CBD1B96C7216F4D3 {
   "result": {
      "description": "1",
      "type": "number",
      "value": 1
   }
}
[1766136399.202][INFO]: Done waiting for pending navigations. Status: ok
[1766136399.202][INFO]: [8cac16ba8b44337f2ba68d6c6e00a2d1] RESPONSE GetElementText "中国内地、中国香港 / 171 分钟"
[1766136399.203][INFO]: [8cac16ba8b44337f2ba68d6c6e00a2d1] COMMAND FindChildElements {
   "id": "f.5DE497F544D78911CBD1B96C7216F4D3.d.5017C2A040EE4D9953D9F7C6D2E8BB92.e.9",
   "using": "css selector",
   "value": ".m-v-sm"
}
[1766136399.203][INFO]: Waiting for pending navigations...
[1766136399.203][DEBUG]: DevTools WebSocket Command: Runtime.evaluate (id=103) (session_id=0AAA18818893BB4F6B34C271151FCEB6) 5DE497F544D78911CBD1B96C7216F4D3 {
   "expression": "1"
}
[1766136399.203][DEBUG]: DevTools WebSocket Response: Runtime.evaluate (id=103) (session_id=0AAA18818893BB4F6B34C271151FCEB6) 5DE497F544D78911CBD1B96C7216F4D3 {
   "result": {
      "description": "1",
      "type": "number",
      "value": 1
   }
}
[1766136399.203][INFO]: Done waiting for pending navigations. Status: ok
[1766136399.204][DEBUG]: DevTools WebSocket Command: Page.getFrameTree (id=104) (session_id=0AAA18818893BB4F6B34C271151FCEB6) 5DE497F544D78911CBD1B96C7216F4D3 {
}
[1766136399.204][DEBUG]: DevTools WebSocket Response: Page.getFrameTree (id=104) (session_id=0AAA18818893BB4F6B34C271151FCEB6) 5DE497F544D78911CBD1B96C7216F4D3 {
   "frameTree": {
      "frame": {
         "adFrameStatus": {
            "adFrameType": "none"
         },
         "crossOriginIsolatedContextType": "NotIsolated",
         "domainAndRegistry": "scrape.center",
         "gatedAPIFeatures": [  ],
         "id": "5DE497F544D78911CBD1B96C7216F4D3",
         "loaderId": "5017C2A040EE4D9953D9F7C6D2E8BB92",
         "mimeType": "text/html",
         "secureContextType": "Secure",
         "securityOrigin": "https://spa1.scrape.center",
         "securityOriginDetails": {
            "isLocalhost": false
         },
         "url": "https://spa1.scrape.center/"
      }
   }
}
[1766136399.204][DEBUG]: DevTools WebSocket Command: DOM.resolveNode (id=105) (session_id=0AAA18818893BB4F6B34C271151FCEB6) 5DE497F544D78911CBD1B96C7216F4D3 {
   "backendNodeId": 9,
   "objectGroup": "438fe0b9-d87a-4691-ab70-9fed320ed8b7"
}
[1766136399.205][DEBUG]: DevTools WebSocket Response: DOM.resolveNode (id=105) (session_id=0AAA18818893BB4F6B34C271151FCEB6) 5DE497F544D78911CBD1B96C7216F4D3 {
   "object": {
      "className": "HTMLDivElement",
      "description": "div.el-card__body",
      "objectId": "1667652473473659487.1.25",
      "subtype": "node",
      "type": "object"
   }
}
[1766136399.205][DEBUG]: DevTools WebSocket Command: Page.getFrameTree (id=106) (session_id=0AAA18818893BB4F6B34C271151FCEB6) 5DE497F544D78911CBD1B96C7216F4D3 {
}
[1766136399.205][DEBUG]: DevTools WebSocket Response: Page.getFrameTree (id=106) (session_id=0AAA18818893BB4F6B34C271151FCEB6) 5DE497F544D78911CBD1B96C7216F4D3 {
   "frameTree": {
      "frame": {
         "adFrameStatus": {
            "adFrameType": "none"
         },
         "crossOriginIsolatedContextType": "NotIsolated",
         "domainAndRegistry": "scrape.center",
         "gatedAPIFeatures": [  ],
         "id": "5DE497F544D78911CBD1B96C7216F4D3",
         "loaderId": "5017C2A040EE4D9953D9F7C6D2E8BB92",
         "mimeType": "text/html",
         "secureContextType": "Secure",
         "securityOrigin": "https://spa1.scrape.center",
         "securityOriginDetails": {
            "isLocalhost": false
         },
         "url": "https://spa1.scrape.center/"
      }
   }
}
[1766136399.207][DEBUG]: DevTools WebSocket Command: Runtime.callFunctionOn (id=107) (session_id=0AAA18818893BB4F6B34C271151FCEB6) 5DE497F544D78911CBD1B96C7216F4D3 {
   "arguments": [ {
      "objectId": "1667652473473659487.1.25"
   } ],
   "awaitPromise": true,
   "functionDeclaration": "function(){ return (function() { // Copyright 2012 The Chromium Authors\n// Use of this source code is governed by a BSD-style license that can be\n// found in the LICENSE file.\n\n/**\n * Enum for WebD...",
   "objectGroup": "438fe0b9-d87a-4691-ab70-9fed320ed8b7",
   "serializationOptions": {
      "serialization": "deep"
   },
   "uniqueContextId": "-88754438306678378.-5366136884038128798"
}
[1766136399.210][DEBUG]: DevTools WebSocket Response: Runtime.callFunctionOn (id=107) (session_id=0AAA18818893BB4F6B34C271151FCEB6) 5DE497F544D78911CBD1B96C7216F4D3 {
   "result": {
      "className": "Array",
      "deepSerializedValue": {
         "type": "array",
         "value": [ {
            "type": "string",
            "value": "{\"status\":0,\"value\":[{\"element-6066-11e4-a52e-4f735466cecf\":0},{\"element-6066-11e4-a52e-4f735466cecf\":1}]}"
         }, {
            "type": "node",
            "value": {
               "attributes": {
                  "class": "m-v-sm info",
                  "data-v-1a647406": ""
               },
               "backendNodeId": 21,
               "childNodeCount": 3,
               "loaderId": "5017C2A040EE4D9953D9F7C6D2E8BB92",
               "localName": "div",
               "namespaceURI": "http://www.w3.org/1999/xhtml",
               "nodeType": 1,
               "shadowRoot": null
            }
         }, {
            "type": "node",
            "value": {
               "attributes": {
                  "class": "m-v-sm info",
                  "data-v-1a647406": ""
               },
               "backendNodeId": 22,
               "childNodeCount": 1,
               "loaderId": "5017C2A040EE4D9953D9F7C6D2E8BB92",
               "localName": "div",
               "namespaceURI": "http://www.w3.org/1999/xhtml",
               "nodeType": 1,
               "shadowRoot": null
            }
         } ]
      },
      "description": "Array(3)",
      "objectId": "1667652473473659487.1.26",
      "subtype": "array",
      "type": "object"
   }
}
[1766136399.210][DEBUG]: DevTools WebSocket Command: Runtime.releaseObjectGroup (id=108) (session_id=0AAA18818893BB4F6B34C271151FCEB6) 5DE497F544D78911CBD1B96C7216F4D3 {
   "objectGroup": "438fe0b9-d87a-4691-ab70-9fed320ed8b7"
}
[1766136399.211][INFO]: Waiting for pending navigations...
[1766136399.211][DEBUG]: DevTools WebSocket Command: Runtime.evaluate (id=109) (session_id=0AAA18818893BB4F6B34C271151FCEB6) 5DE497F544D78911CBD1B96C7216F4D3 {
   "expression": "1"
}
[1766136399.211][DEBUG]: DevTools WebSocket Response: Runtime.releaseObjectGroup (id=108) (session_id=0AAA18818893BB4F6B34C271151FCEB6) 5DE497F544D78911CBD1B96C7216F4D3 {
}
[1766136399.211][DEBUG]: DevTools WebSocket Response: Runtime.evaluate (id=109) (session_id=0AAA18818893BB4F6B34C271151FCEB6) 5DE497F544D78911CBD1B96C7216F4D3 {
   "result": {
      "description": "1",
      "type": "number",
      "value": 1
   }
}
[1766136399.211][INFO]: Done waiting for pending navigations. Status: ok
[1766136399.211][INFO]: [8cac16ba8b44337f2ba68d6c6e00a2d1] RESPONSE FindChildElements [ {
   "element-6066-11e4-a52e-4f735466cecf": "f.5DE497F544D78911CBD1B96C7216F4D3.d.5017C2A040EE4D9953D9F7C6D2E8BB92.e.21"
}, {
   "element-6066-11e4-a52e-4f735466cecf": "f.5DE497F544D78911CBD1B96C7216F4D3.d.5017C2A040EE4D9953D9F7C6D2E8BB92.e.22"
} ]
[1766136399.213][INFO]: [8cac16ba8b44337f2ba68d6c6e00a2d1] COMMAND GetElementText {
   "id": "f.5DE497F544D78911CBD1B96C7216F4D3.d.5017C2A040EE4D9953D9F7C6D2E8BB92.e.22"
}
[1766136399.213][INFO]: Waiting for pending navigations...
[1766136399.213][DEBUG]: DevTools WebSocket Command: Runtime.evaluate (id=110) (session_id=0AAA18818893BB4F6B34C271151FCEB6) 5DE497F544D78911CBD1B96C7216F4D3 {
   "expression": "1"
}
[1766136399.214][DEBUG]: DevTools WebSocket Response: Runtime.evaluate (id=110) (session_id=0AAA18818893BB4F6B34C271151FCEB6) 5DE497F544D78911CBD1B96C7216F4D3 {
   "result": {
      "description": "1",
      "type": "number",
      "value": 1
   }
}
[1766136399.214][INFO]: Done waiting for pending navigations. Status: ok
[1766136399.214][DEBUG]: DevTools WebSocket Command: Page.getFrameTree (id=111) (session_id=0AAA18818893BB4F6B34C271151FCEB6) 5DE497F544D78911CBD1B96C7216F4D3 {
}
[1766136399.215][DEBUG]: DevTools WebSocket Response: Page.getFrameTree (id=111) (session_id=0AAA18818893BB4F6B34C271151FCEB6) 5DE497F544D78911CBD1B96C7216F4D3 {
   "frameTree": {
      "frame": {
         "adFrameStatus": {
            "adFrameType": "none"
         },
         "crossOriginIsolatedContextType": "NotIsolated",
         "domainAndRegistry": "scrape.center",
         "gatedAPIFeatures": [  ],
         "id": "5DE497F544D78911CBD1B96C7216F4D3",
         "loaderId": "5017C2A040EE4D9953D9F7C6D2E8BB92",
         "mimeType": "text/html",
         "secureContextType": "Secure",
         "securityOrigin": "https://spa1.scrape.center",
         "securityOriginDetails": {
            "isLocalhost": false
         },
         "url": "https://spa1.scrape.center/"
      }
   }
}
[1766136399.215][DEBUG]: DevTools WebSocket Command: DOM.resolveNode (id=112) (session_id=0AAA18818893BB4F6B34C271151FCEB6) 5DE497F544D78911CBD1B96C7216F4D3 {
   "backendNodeId": 22,
   "objectGroup": "5c3c875a-e464-4325-8540-82514fe6b0c9"
}
[1766136399.215][DEBUG]: DevTools WebSocket Response: DOM.resolveNode (id=112) (session_id=0AAA18818893BB4F6B34C271151FCEB6) 5DE497F544D78911CBD1B96C7216F4D3 {
   "object": {
      "className": "HTMLDivElement",
      "description": "div.m-v-sm.info",
      "objectId": "1667652473473659487.1.27",
      "subtype": "node",
      "type": "object"
   }
}
[1766136399.215][DEBUG]: DevTools WebSocket Command: Page.getFrameTree (id=113) (session_id=0AAA18818893BB4F6B34C271151FCEB6) 5DE497F544D78911CBD1B96C7216F4D3 {
}
[1766136399.216][DEBUG]: DevTools WebSocket Response: Page.getFrameTree (id=113) (session_id=0AAA18818893BB4F6B34C271151FCEB6) 5DE497F544D78911CBD1B96C7216F4D3 {
   "frameTree": {
      "frame": {
         "adFrameStatus": {
            "adFrameType": "none"
         },
         "crossOriginIsolatedContextType": "NotIsolated",
         "domainAndRegistry": "scrape.center",
         "gatedAPIFeatures": [  ],
         "id": "5DE497F544D78911CBD1B96C7216F4D3",
         "loaderId": "5017C2A040EE4D9953D9F7C6D2E8BB92",
         "mimeType": "text/html",
         "secureContextType": "Secure",
         "securityOrigin": "https://spa1.scrape.center",
         "securityOriginDetails": {
            "isLocalhost": false
         },
         "url": "https://spa1.scrape.center/"
      }
   }
}
[1766136399.218][DEBUG]: DevTools WebSocket Command: Runtime.callFunctionOn (id=114) (session_id=0AAA18818893BB4F6B34C271151FCEB6) 5DE497F544D78911CBD1B96C7216F4D3 {
   "arguments": [ {
      "objectId": "1667652473473659487.1.27"
   } ],
   "awaitPromise": true,
   "functionDeclaration": "function(){ return (function() { // Copyright 2012 The Chromium Authors\n// Use of this source code is governed by a BSD-style license that can be\n// found in the LICENSE file.\n\n/**\n * Enum for WebD...",
   "objectGroup": "5c3c875a-e464-4325-8540-82514fe6b0c9",
   "serializationOptions": {
      "serialization": "deep"
   },
   "uniqueContextId": "-88754438306678378.-5366136884038128798"
}
[1766136399.221][DEBUG]: DevTools WebSocket Response: Runtime.callFunctionOn (id=114) (session_id=0AAA18818893BB4F6B34C271151FCEB6) 5DE497F544D78911CBD1B96C7216F4D3 {
   "result": {
      "className": "Array",
      "deepSerializedValue": {
         "type": "array",
         "value": [ {
            "type": "string",
            "value": "{\"status\":0,\"value\":\"1993-07-26 上映\"}"
         } ]
      },
      "description": "Array(1)",
      "objectId": "1667652473473659487.1.28",
      "subtype": "array",
      "type": "object"
   }
}
[1766136399.221][DEBUG]: DevTools WebSocket Command: Runtime.releaseObjectGroup (id=115) (session_id=0AAA18818893BB4F6B34C271151FCEB6) 5DE497F544D78911CBD1B96C7216F4D3 {
   "objectGroup": "5c3c875a-e464-4325-8540-82514fe6b0c9"
}
[1766136399.221][INFO]: Waiting for pending navigations...
[1766136399.221][DEBUG]: DevTools WebSocket Command: Runtime.evaluate (id=116) (session_id=0AAA18818893BB4F6B34C271151FCEB6) 5DE497F544D78911CBD1B96C7216F4D3 {
   "expression": "1"
}
[1766136399.221][DEBUG]: DevTools WebSocket Response: Runtime.releaseObjectGroup (id=115) (session_id=0AAA18818893BB4F6B34C271151FCEB6) 5DE497F544D78911CBD1B96C7216F4D3 {
}
[1766136399.221][DEBUG]: DevTools WebSocket Response: Runtime.evaluate (id=116) (session_id=0AAA18818893BB4F6B34C271151FCEB6) 5DE497F544D78911CBD1B96C7216F4D3 {
   "result": {
      "description": "1",
      "type": "number",
      "value": 1
   }
}
[1766136399.221][INFO]: Done waiting for pending navigations. Status: ok
[1766136399.221][INFO]: [8cac16ba8b44337f2ba68d6c6e00a2d1] RESPONSE GetElementText "1993-07-26 上映"
[1766136399.223][INFO]: [8cac16ba8b44337f2ba68d6c6e00a2d1] COMMAND FindChildElement {
   "id": "f.5DE497F544D78911CBD1B96C7216F4D3.d.5017C2A040EE4D9953D9F7C6D2E8BB92.e.9",
   "using": "css selector",
   "value": ".score"
}
[1766136399.223][INFO]: Waiting for pending navigations...
[1766136399.223][DEBUG]: DevTools WebSocket Command: Runtime.evaluate (id=117) (session_id=0AAA18818893BB4F6B34C271151FCEB6) 5DE497F544D78911CBD1B96C7216F4D3 {
   "expression": "1"
}
[1766136399.223][DEBUG]: DevTools WebSocket Response: Runtime.evaluate (id=117) (session_id=0AAA18818893BB4F6B34C271151FCEB6) 5DE497F544D78911CBD1B96C7216F4D3 {
   "result": {
      "description": "1",
      "type": "number",
      "value": 1
   }
}
[1766136399.223][INFO]: Done waiting for pending navigations. Status: ok
[1766136399.223][DEBUG]: DevTools WebSocket Command: Page.getFrameTree (id=118) (session_id=0AAA18818893BB4F6B34C271151FCEB6) 5DE497F544D78911CBD1B96C7216F4D3 {
}
[1766136399.225][DEBUG]: DevTools WebSocket Response: Page.getFrameTree (id=118) (session_id=0AAA18818893BB4F6B34C271151FCEB6) 5DE497F544D78911CBD1B96C7216F4D3 {
   "frameTree": {
      "frame": {
         "adFrameStatus": {
            "adFrameType": "none"
         },
         "crossOriginIsolatedContextType": "NotIsolated",
         "domainAndRegistry": "scrape.center",
         "gatedAPIFeatures": [  ],
         "id": "5DE497F544D78911CBD1B96C7216F4D3",
         "loaderId": "5017C2A040EE4D9953D9F7C6D2E8BB92",
         "mimeType": "text/html",
         "secureContextType": "Secure",
         "securityOrigin": "https://spa1.scrape.center",
         "securityOriginDetails": {
            "isLocalhost": false
         },
         "url": "https://spa1.scrape.center/"
      }
   }
}
[1766136399.225][DEBUG]: DevTools WebSocket Command: DOM.resolveNode (id=119) (session_id=0AAA18818893BB4F6B34C271151FCEB6) 5DE497F544D78911CBD1B96C7216F4D3 {
   "backendNodeId": 9,
   "objectGroup": "49d7ffa0-ebf3-40e2-8c57-a54fc656a743"
}
[1766136399.225][DEBUG]: DevTools WebSocket Response: DOM.resolveNode (id=119) (session_id=0AAA18818893BB4F6B34C271151FCEB6) 5DE497F544D78911CBD1B96C7216F4D3 {
   "object": {
      "className": "HTMLDivElement",
      "description": "div.el-card__body",
      "objectId": "1667652473473659487.1.29",
      "subtype": "node",
      "type": "object"
   }
}
[1766136399.225][DEBUG]: DevTools WebSocket Command: Page.getFrameTree (id=120) (session_id=0AAA18818893BB4F6B34C271151FCEB6) 5DE497F544D78911CBD1B96C7216F4D3 {
}
[1766136399.226][DEBUG]: DevTools WebSocket Response: Page.getFrameTree (id=120) (session_id=0AAA18818893BB4F6B34C271151FCEB6) 5DE497F544D78911CBD1B96C7216F4D3 {
   "frameTree": {
      "frame": {
         "adFrameStatus": {
            "adFrameType": "none"
         },
         "crossOriginIsolatedContextType": "NotIsolated",
         "domainAndRegistry": "scrape.center",
         "gatedAPIFeatures": [  ],
         "id": "5DE497F544D78911CBD1B96C7216F4D3",
         "loaderId": "5017C2A040EE4D9953D9F7C6D2E8BB92",
         "mimeType": "text/html",
         "secureContextType": "Secure",
         "securityOrigin": "https://spa1.scrape.center",
         "securityOriginDetails": {
            "isLocalhost": false
         },
         "url": "https://spa1.scrape.center/"
      }
   }
}
[1766136399.226][DEBUG]: DevTools WebSocket Command: Runtime.callFunctionOn (id=121) (session_id=0AAA18818893BB4F6B34C271151FCEB6) 5DE497F544D78911CBD1B96C7216F4D3 {
   "arguments": [ {
      "objectId": "1667652473473659487.1.29"
   } ],
   "awaitPromise": true,
   "functionDeclaration": "function(){ return (function() { // Copyright 2012 The Chromium Authors\n// Use of this source code is governed by a BSD-style license that can be\n// found in the LICENSE file.\n\n/**\n * Enum for WebD...",
   "objectGroup": "49d7ffa0-ebf3-40e2-8c57-a54fc656a743",
   "serializationOptions": {
      "serialization": "deep"
   },
   "uniqueContextId": "-88754438306678378.-5366136884038128798"
}
[1766136399.232][DEBUG]: DevTools WebSocket Response: Runtime.callFunctionOn (id=121) (session_id=0AAA18818893BB4F6B34C271151FCEB6) 5DE497F544D78911CBD1B96C7216F4D3 {
   "result": {
      "className": "Array",
      "deepSerializedValue": {
         "type": "array",
         "value": [ {
            "type": "string",
            "value": "{\"status\":0,\"value\":{\"element-6066-11e4-a52e-4f735466cecf\":0}}"
         }, {
            "type": "node",
            "value": {
               "attributes": {
                  "class": "score m-t-md m-b-n-sm",
                  "data-v-1a647406": ""
               },
               "backendNodeId": 23,
               "childNodeCount": 1,
               "loaderId": "5017C2A040EE4D9953D9F7C6D2E8BB92",
               "localName": "p",
               "namespaceURI": "http://www.w3.org/1999/xhtml",
               "nodeType": 1,
               "shadowRoot": null
            }
         } ]
      },
      "description": "Array(2)",
      "objectId": "1667652473473659487.1.30",
      "subtype": "array",
      "type": "object"
   }
}
[1766136399.232][DEBUG]: DevTools WebSocket Command: Runtime.releaseObjectGroup (id=122) (session_id=0AAA18818893BB4F6B34C271151FCEB6) 5DE497F544D78911CBD1B96C7216F4D3 {
   "objectGroup": "49d7ffa0-ebf3-40e2-8c57-a54fc656a743"
}
[1766136399.232][INFO]: Waiting for pending navigations...
[1766136399.232][DEBUG]: DevTools WebSocket Command: Runtime.evaluate (id=123) (session_id=0AAA18818893BB4F6B34C271151FCEB6) 5DE497F544D78911CBD1B96C7216F4D3 {
   "expression": "1"
}
[1766136399.232][DEBUG]: DevTools WebSocket Response: Runtime.releaseObjectGroup (id=122) (session_id=0AAA18818893BB4F6B34C271151FCEB6) 5DE497F544D78911CBD1B96C7216F4D3 {
}
[1766136399.232][DEBUG]: DevTools WebSocket Response: Runtime.evaluate (id=123) (session_id=0AAA18818893BB4F6B34C271151FCEB6) 5DE497F544D78911CBD1B96C7216F4D3 {
   "result": {
      "description": "1",
      "type": "number",
      "value": 1
   }
}
[1766136399.233][INFO]: Done waiting for pending navigations. Status: ok
[1766136399.233][INFO]: [8cac16ba8b44337f2ba68d6c6e00a2d1] RESPONSE FindChildElement {
   "element-6066-11e4-a52e-4f735466cecf": "f.5DE497F544D78911CBD1B96C7216F4D3.d.5017C2A040EE4D9953D9F7C6D2E8BB92.e.23"
}
[1766136399.234][INFO]: [8cac16ba8b44337f2ba68d6c6e00a2d1] COMMAND GetElementText {
   "id": "f.5DE497F544D78911CBD1B96C7216F4D3.d.5017C2A040EE4D9953D9F7C6D2E8BB92.e.23"
}
[1766136399.234][INFO]: Waiting for pending navigations...
[1766136399.234][DEBUG]: DevTools WebSocket Command: Runtime.evaluate (id=124) (session_id=0AAA18818893BB4F6B34C271151FCEB6) 5DE497F544D78911CBD1B96C7216F4D3 {
   "expression": "1"
}
[1766136399.234][DEBUG]: DevTools WebSocket Response: Runtime.evaluate (id=124) (session_id=0AAA18818893BB4F6B34C271151FCEB6) 5DE497F544D78911CBD1B96C7216F4D3 {
   "result": {
      "description": "1",
      "type": "number",
      "value": 1
   }
}
[1766136399.234][INFO]: Done waiting for pending navigations. Status: ok
[1766136399.235][DEBUG]: DevTools WebSocket Command: Page.getFrameTree (id=125) (session_id=0AAA18818893BB4F6B34C271151FCEB6) 5DE497F544D78911CBD1B96C7216F4D3 {
}
[1766136399.235][DEBUG]: DevTools WebSocket Response: Page.getFrameTree (id=125) (session_id=0AAA18818893BB4F6B34C271151FCEB6) 5DE497F544D78911CBD1B96C7216F4D3 {
   "frameTree": {
      "frame": {
         "adFrameStatus": {
            "adFrameType": "none"
         },
         "crossOriginIsolatedContextType": "NotIsolated",
         "domainAndRegistry": "scrape.center",
         "gatedAPIFeatures": [  ],
         "id": "5DE497F544D78911CBD1B96C7216F4D3",
         "loaderId": "5017C2A040EE4D9953D9F7C6D2E8BB92",
         "mimeType": "text/html",
         "secureContextType": "Secure",
         "securityOrigin": "https://spa1.scrape.center",
         "securityOriginDetails": {
            "isLocalhost": false
         },
         "url": "https://spa1.scrape.center/"
      }
   }
}
[1766136399.235][DEBUG]: DevTools WebSocket Command: DOM.resolveNode (id=126) (session_id=0AAA18818893BB4F6B34C271151FCEB6) 5DE497F544D78911CBD1B96C7216F4D3 {
   "backendNodeId": 23,
   "objectGroup": "e2581720-2bd1-456c-8b40-0bbd8db2fbcd"
}
[1766136399.235][DEBUG]: DevTools WebSocket Response: DOM.resolveNode (id=126) (session_id=0AAA18818893BB4F6B34C271151FCEB6) 5DE497F544D78911CBD1B96C7216F4D3 {
   "object": {
      "className": "HTMLParagraphElement",
      "description": "p.score.m-t-md.m-b-n-sm",
      "objectId": "1667652473473659487.1.31",
      "subtype": "node",
      "type": "object"
   }
}
[1766136399.235][DEBUG]: DevTools WebSocket Command: Page.getFrameTree (id=127) (session_id=0AAA18818893BB4F6B34C271151FCEB6) 5DE497F544D78911CBD1B96C7216F4D3 {
}
[1766136399.236][DEBUG]: DevTools WebSocket Response: Page.getFrameTree (id=127) (session_id=0AAA18818893BB4F6B34C271151FCEB6) 5DE497F544D78911CBD1B96C7216F4D3 {
   "frameTree": {
      "frame": {
         "adFrameStatus": {
            "adFrameType": "none"
         },
         "crossOriginIsolatedContextType": "NotIsolated",
         "domainAndRegistry": "scrape.center",
         "gatedAPIFeatures": [  ],
         "id": "5DE497F544D78911CBD1B96C7216F4D3",
         "loaderId": "5017C2A040EE4D9953D9F7C6D2E8BB92",
         "mimeType": "text/html",
         "secureContextType": "Secure",
         "securityOrigin": "https://spa1.scrape.center",
         "securityOriginDetails": {
            "isLocalhost": false
         },
         "url": "https://spa1.scrape.center/"
      }
   }
}
[1766136399.237][DEBUG]: DevTools WebSocket Command: Runtime.callFunctionOn (id=128) (session_id=0AAA18818893BB4F6B34C271151FCEB6) 5DE497F544D78911CBD1B96C7216F4D3 {
   "arguments": [ {
      "objectId": "1667652473473659487.1.31"
   } ],
   "awaitPromise": true,
   "functionDeclaration": "function(){ return (function() { // Copyright 2012 The Chromium Authors\n// Use of this source code is governed by a BSD-style license that can be\n// found in the LICENSE file.\n\n/**\n * Enum for WebD...",
   "objectGroup": "e2581720-2bd1-456c-8b40-0bbd8db2fbcd",
   "serializationOptions": {
      "serialization": "deep"
   },
   "uniqueContextId": "-88754438306678378.-5366136884038128798"
}
[1766136399.239][DEBUG]: DevTools WebSocket Response: Runtime.callFunctionOn (id=128) (session_id=0AAA18818893BB4F6B34C271151FCEB6) 5DE497F544D78911CBD1B96C7216F4D3 {
   "result": {
      "className": "Array",
      "deepSerializedValue": {
         "type": "array",
         "value": [ {
            "type": "string",
            "value": "{\"status\":0,\"value\":\"9.5\"}"
         } ]
      },
      "description": "Array(1)",
      "objectId": "1667652473473659487.1.32",
      "subtype": "array",
      "type": "object"
   }
}
[1766136399.240][DEBUG]: DevTools WebSocket Command: Runtime.releaseObjectGroup (id=129) (session_id=0AAA18818893BB4F6B34C271151FCEB6) 5DE497F544D78911CBD1B96C7216F4D3 {
   "objectGroup": "e2581720-2bd1-456c-8b40-0bbd8db2fbcd"
}
[1766136399.240][INFO]: Waiting for pending navigations...
[1766136399.240][DEBUG]: DevTools WebSocket Command: Runtime.evaluate (id=130) (session_id=0AAA18818893BB4F6B34C271151FCEB6) 5DE497F544D78911CBD1B96C7216F4D3 {
   "expression": "1"
}
[1766136399.240][DEBUG]: DevTools WebSocket Response: Runtime.releaseObjectGroup (id=129) (session_id=0AAA18818893BB4F6B34C271151FCEB6) 5DE497F544D78911CBD1B96C7216F4D3 {
}
[1766136399.240][DEBUG]: DevTools WebSocket Response: Runtime.evaluate (id=130) (session_id=0AAA18818893BB4F6B34C271151FCEB6) 5DE497F544D78911CBD1B96C7216F4D3 {
   "result": {
      "description": "1",
      "type": "number",
      "value": 1
   }
}
[1766136399.240][INFO]: Done waiting for pending navigations. Status: ok
[1766136399.240][INFO]: [8cac16ba8b44337f2ba68d6c6e00a2d1] RESPONSE GetElementText "9.5"
[1766136399.242][INFO]: [8cac16ba8b44337f2ba68d6c6e00a2d1] COMMAND FindChildElement {
   "id": "f.5DE497F544D78911CBD1B96C7216F4D3.d.5017C2A040EE4D9953D9F7C6D2E8BB92.e.10",
   "using": "css selector",
   "value": ".m-b-sm"
}
[1766136399.242][INFO]: Waiting for pending navigations...
[1766136399.242][DEBUG]: DevTools WebSocket Command: Runtime.evaluate (id=131) (session_id=0AAA18818893BB4F6B34C271151FCEB6) 5DE497F544D78911CBD1B96C7216F4D3 {
   "expression": "1"
}
[1766136399.242][DEBUG]: DevTools WebSocket Response: Runtime.evaluate (id=131) (session_id=0AAA18818893BB4F6B34C271151FCEB6) 5DE497F544D78911CBD1B96C7216F4D3 {
   "result": {
      "description": "1",
      "type": "number",
      "value": 1
   }
}
[1766136399.242][INFO]: Done waiting for pending navigations. Status: ok
[1766136399.242][DEBUG]: DevTools WebSocket Command: Page.getFrameTree (id=132) (session_id=0AAA18818893BB4F6B34C271151FCEB6) 5DE497F544D78911CBD1B96C7216F4D3 {
}
[1766136399.243][DEBUG]: DevTools WebSocket Response: Page.getFrameTree (id=132) (session_id=0AAA18818893BB4F6B34C271151FCEB6) 5DE497F544D78911CBD1B96C7216F4D3 {
   "frameTree": {
      "frame": {
         "adFrameStatus": {
            "adFrameType": "none"
         },
         "crossOriginIsolatedContextType": "NotIsolated",
         "domainAndRegistry": "scrape.center",
         "gatedAPIFeatures": [  ],
         "id": "5DE497F544D78911CBD1B96C7216F4D3",
         "loaderId": "5017C2A040EE4D9953D9F7C6D2E8BB92",
         "mimeType": "text/html",
         "secureContextType": "Secure",
         "securityOrigin": "https://spa1.scrape.center",
         "securityOriginDetails": {
            "isLocalhost": false
         },
         "url": "https://spa1.scrape.center/"
      }
   }
}
[1766136399.243][DEBUG]: DevTools WebSocket Command: DOM.resolveNode (id=133) (session_id=0AAA18818893BB4F6B34C271151FCEB6) 5DE497F544D78911CBD1B96C7216F4D3 {
   "backendNodeId": 10,
   "objectGroup": "0fce4866-9da0-4ae4-a61a-6091cb285c80"
}
[1766136399.244][DEBUG]: DevTools WebSocket Response: DOM.resolveNode (id=133) (session_id=0AAA18818893BB4F6B34C271151FCEB6) 5DE497F544D78911CBD1B96C7216F4D3 {
   "object": {
      "className": "HTMLDivElement",
      "description": "div.el-card__body",
      "objectId": "1667652473473659487.1.33",
      "subtype": "node",
      "type": "object"
   }
}
[1766136399.244][DEBUG]: DevTools WebSocket Command: Page.getFrameTree (id=134) (session_id=0AAA18818893BB4F6B34C271151FCEB6) 5DE497F544D78911CBD1B96C7216F4D3 {
}
[1766136399.244][DEBUG]: DevTools WebSocket Response: Page.getFrameTree (id=134) (session_id=0AAA18818893BB4F6B34C271151FCEB6) 5DE497F544D78911CBD1B96C7216F4D3 {
   "frameTree": {
      "frame": {
         "adFrameStatus": {
            "adFrameType": "none"
         },
         "crossOriginIsolatedContextType": "NotIsolated",
         "domainAndRegistry": "scrape.center",
         "gatedAPIFeatures": [  ],
         "id": "5DE497F544D78911CBD1B96C7216F4D3",
         "loaderId": "5017C2A040EE4D9953D9F7C6D2E8BB92",
         "mimeType": "text/html",
         "secureContextType": "Secure",
         "securityOrigin": "https://spa1.scrape.center",
         "securityOriginDetails": {
            "isLocalhost": false
         },
         "url": "https://spa1.scrape.center/"
      }
   }
}
[1766136399.245][DEBUG]: DevTools WebSocket Command: Runtime.callFunctionOn (id=135) (session_id=0AAA18818893BB4F6B34C271151FCEB6) 5DE497F544D78911CBD1B96C7216F4D3 {
   "arguments": [ {
      "objectId": "1667652473473659487.1.33"
   } ],
   "awaitPromise": true,
   "functionDeclaration": "function(){ return (function() { // Copyright 2012 The Chromium Authors\n// Use of this source code is governed by a BSD-style license that can be\n// found in the LICENSE file.\n\n/**\n * Enum for WebD...",
   "objectGroup": "0fce4866-9da0-4ae4-a61a-6091cb285c80",
   "serializationOptions": {
      "serialization": "deep"
   },
   "uniqueContextId": "-88754438306678378.-5366136884038128798"
}
[1766136399.247][DEBUG]: DevTools WebSocket Response: Runtime.callFunctionOn (id=135) (session_id=0AAA18818893BB4F6B34C271151FCEB6) 5DE497F544D78911CBD1B96C7216F4D3 {
   "result": {
      "className": "Array",
      "deepSerializedValue": {
         "type": "array",
         "value": [ {
            "type": "string",
            "value": "{\"status\":0,\"value\":{\"element-6066-11e4-a52e-4f735466cecf\":0}}"
         }, {
            "type": "node",
            "value": {
               "attributes": {
                  "class": "m-b-sm",
                  "data-v-1a647406": ""
               },
               "backendNodeId": 24,
               "childNodeCount": 1,
               "loaderId": "5017C2A040EE4D9953D9F7C6D2E8BB92",
               "localName": "h2",
               "namespaceURI": "http://www.w3.org/1999/xhtml",
               "nodeType": 1,
               "shadowRoot": null
            }
         } ]
      },
      "description": "Array(2)",
      "objectId": "1667652473473659487.1.34",
      "subtype": "array",
      "type": "object"
   }
}
[1766136399.248][DEBUG]: DevTools WebSocket Command: Runtime.releaseObjectGroup (id=136) (session_id=0AAA18818893BB4F6B34C271151FCEB6) 5DE497F544D78911CBD1B96C7216F4D3 {
   "objectGroup": "0fce4866-9da0-4ae4-a61a-6091cb285c80"
}
[1766136399.248][INFO]: Waiting for pending navigations...
[1766136399.248][DEBUG]: DevTools WebSocket Command: Runtime.evaluate (id=137) (session_id=0AAA18818893BB4F6B34C271151FCEB6) 5DE497F544D78911CBD1B96C7216F4D3 {
   "expression": "1"
}
[1766136399.248][DEBUG]: DevTools WebSocket Response: Runtime.releaseObjectGroup (id=136) (session_id=0AAA18818893BB4F6B34C271151FCEB6) 5DE497F544D78911CBD1B96C7216F4D3 {
}
[1766136399.248][DEBUG]: DevTools WebSocket Response: Runtime.evaluate (id=137) (session_id=0AAA18818893BB4F6B34C271151FCEB6) 5DE497F544D78911CBD1B96C7216F4D3 {
   "result": {
      "description": "1",
      "type": "number",
      "value": 1
   }
}
[1766136399.248][INFO]: Done waiting for pending navigations. Status: ok
[1766136399.248][INFO]: [8cac16ba8b44337f2ba68d6c6e00a2d1] RESPONSE FindChildElement {
   "element-6066-11e4-a52e-4f735466cecf": "f.5DE497F544D78911CBD1B96C7216F4D3.d.5017C2A040EE4D9953D9F7C6D2E8BB92.e.24"
}
[1766136399.249][INFO]: [8cac16ba8b44337f2ba68d6c6e00a2d1] COMMAND GetElementText {
   "id": "f.5DE497F544D78911CBD1B96C7216F4D3.d.5017C2A040EE4D9953D9F7C6D2E8BB92.e.24"
}
[1766136399.249][INFO]: Waiting for pending navigations...
[1766136399.249][DEBUG]: DevTools WebSocket Command: Runtime.evaluate (id=138) (session_id=0AAA18818893BB4F6B34C271151FCEB6) 5DE497F544D78911CBD1B96C7216F4D3 {
   "expression": "1"
}
[1766136399.250][DEBUG]: DevTools WebSocket Response: Runtime.evaluate (id=138) (session_id=0AAA18818893BB4F6B34C271151FCEB6) 5DE497F544D78911CBD1B96C7216F4D3 {
   "result": {
      "description": "1",
      "type": "number",
      "value": 1
   }
}
[1766136399.250][INFO]: Done waiting for pending navigations. Status: ok
[1766136399.250][DEBUG]: DevTools WebSocket Command: Page.getFrameTree (id=139) (session_id=0AAA18818893BB4F6B34C271151FCEB6) 5DE497F544D78911CBD1B96C7216F4D3 {
}
[1766136399.250][DEBUG]: DevTools WebSocket Response: Page.getFrameTree (id=139) (session_id=0AAA18818893BB4F6B34C271151FCEB6) 5DE497F544D78911CBD1B96C7216F4D3 {
   "frameTree": {
      "frame": {
         "adFrameStatus": {
            "adFrameType": "none"
         },
         "crossOriginIsolatedContextType": "NotIsolated",
         "domainAndRegistry": "scrape.center",
         "gatedAPIFeatures": [  ],
         "id": "5DE497F544D78911CBD1B96C7216F4D3",
         "loaderId": "5017C2A040EE4D9953D9F7C6D2E8BB92",
         "mimeType": "text/html",
         "secureContextType": "Secure",
         "securityOrigin": "https://spa1.scrape.center",
         "securityOriginDetails": {
            "isLocalhost": false
         },
         "url": "https://spa1.scrape.center/"
      }
   }
}
[1766136399.251][DEBUG]: DevTools WebSocket Command: DOM.resolveNode (id=140) (session_id=0AAA18818893BB4F6B34C271151FCEB6) 5DE497F544D78911CBD1B96C7216F4D3 {
   "backendNodeId": 24,
   "objectGroup": "ee3f7580-ab35-46ef-a207-6f68773bb229"
}
[1766136399.251][DEBUG]: DevTools WebSocket Response: DOM.resolveNode (id=140) (session_id=0AAA18818893BB4F6B34C271151FCEB6) 5DE497F544D78911CBD1B96C7216F4D3 {
   "object": {
      "className": "HTMLHeadingElement",
      "description": "h2.m-b-sm",
      "objectId": "1667652473473659487.1.35",
      "subtype": "node",
      "type": "object"
   }
}
[1766136399.251][DEBUG]: DevTools WebSocket Command: Page.getFrameTree (id=141) (session_id=0AAA18818893BB4F6B34C271151FCEB6) 5DE497F544D78911CBD1B96C7216F4D3 {
}
[1766136399.251][DEBUG]: DevTools WebSocket Response: Page.getFrameTree (id=141) (session_id=0AAA18818893BB4F6B34C271151FCEB6) 5DE497F544D78911CBD1B96C7216F4D3 {
   "frameTree": {
      "frame": {
         "adFrameStatus": {
            "adFrameType": "none"
         },
         "crossOriginIsolatedContextType": "NotIsolated",
         "domainAndRegistry": "scrape.center",
         "gatedAPIFeatures": [  ],
         "id": "5DE497F544D78911CBD1B96C7216F4D3",
         "loaderId": "5017C2A040EE4D9953D9F7C6D2E8BB92",
         "mimeType": "text/html",
         "secureContextType": "Secure",
         "securityOrigin": "https://spa1.scrape.center",
         "securityOriginDetails": {
            "isLocalhost": false
         },
         "url": "https://spa1.scrape.center/"
      }
   }
}
[1766136399.252][DEBUG]: DevTools WebSocket Command: Runtime.callFunctionOn (id=142) (session_id=0AAA18818893BB4F6B34C271151FCEB6) 5DE497F544D78911CBD1B96C7216F4D3 {
   "arguments": [ {
      "objectId": "1667652473473659487.1.35"
   } ],
   "awaitPromise": true,
   "functionDeclaration": "function(){ return (function() { // Copyright 2012 The Chromium Authors\n// Use of this source code is governed by a BSD-style license that can be\n// found in the LICENSE file.\n\n/**\n * Enum for WebD...",
   "objectGroup": "ee3f7580-ab35-46ef-a207-6f68773bb229",
   "serializationOptions": {
      "serialization": "deep"
   },
   "uniqueContextId": "-88754438306678378.-5366136884038128798"
}
[1766136399.255][DEBUG]: DevTools WebSocket Response: Runtime.callFunctionOn (id=142) (session_id=0AAA18818893BB4F6B34C271151FCEB6) 5DE497F544D78911CBD1B96C7216F4D3 {
   "result": {
      "className": "Array",
      "deepSerializedValue": {
         "type": "array",
         "value": [ {
            "type": "string",
            "value": "{\"status\":0,\"value\":\"这个杀手不太冷 - Léon\"}"
         } ]
      },
      "description": "Array(1)",
      "objectId": "1667652473473659487.1.36",
      "subtype": "array",
      "type": "object"
   }
}
[1766136399.255][DEBUG]: DevTools WebSocket Command: Runtime.releaseObjectGroup (id=143) (session_id=0AAA18818893BB4F6B34C271151FCEB6) 5DE497F544D78911CBD1B96C7216F4D3 {
   "objectGroup": "ee3f7580-ab35-46ef-a207-6f68773bb229"
}
[1766136399.255][INFO]: Waiting for pending navigations...
[1766136399.255][DEBUG]: DevTools WebSocket Command: Runtime.evaluate (id=144) (session_id=0AAA18818893BB4F6B34C271151FCEB6) 5DE497F544D78911CBD1B96C7216F4D3 {
   "expression": "1"
}
[1766136399.255][DEBUG]: DevTools WebSocket Response: Runtime.releaseObjectGroup (id=143) (session_id=0AAA18818893BB4F6B34C271151FCEB6) 5DE497F544D78911CBD1B96C7216F4D3 {
}
[1766136399.255][DEBUG]: DevTools WebSocket Response: Runtime.evaluate (id=144) (session_id=0AAA18818893BB4F6B34C271151FCEB6) 5DE497F544D78911CBD1B96C7216F4D3 {
   "result": {
      "description": "1",
      "type": "number",
      "value": 1
   }
}
[1766136399.255][INFO]: Done waiting for pending navigations. Status: ok
[1766136399.255][INFO]: [8cac16ba8b44337f2ba68d6c6e00a2d1] RESPONSE GetElementText "这个杀手不太冷 - Léon"
[1766136399.256][INFO]: [8cac16ba8b44337f2ba68d6c6e00a2d1] COMMAND FindChildElement {
   "id": "f.5DE497F544D78911CBD1B96C7216F4D3.d.5017C2A040EE4D9953D9F7C6D2E8BB92.e.10",
   "using": "css selector",
   "value": "a[href*='/detail/']"
}
[1766136399.256][INFO]: Waiting for pending navigations...
[1766136399.256][DEBUG]: DevTools WebSocket Command: Runtime.evaluate (id=145) (session_id=0AAA18818893BB4F6B34C271151FCEB6) 5DE497F544D78911CBD1B96C7216F4D3 {
   "expression": "1"
}
[1766136399.257][DEBUG]: DevTools WebSocket Response: Runtime.evaluate (id=145) (session_id=0AAA18818893BB4F6B34C271151FCEB6) 5DE497F544D78911CBD1B96C7216F4D3 {
   "result": {
      "description": "1",
      "type": "number",
      "value": 1
   }
}
[1766136399.257][INFO]: Done waiting for pending navigations. Status: ok
[1766136399.257][DEBUG]: DevTools WebSocket Command: Page.getFrameTree (id=146) (session_id=0AAA18818893BB4F6B34C271151FCEB6) 5DE497F544D78911CBD1B96C7216F4D3 {
}
[1766136399.258][DEBUG]: DevTools WebSocket Response: Page.getFrameTree (id=146) (session_id=0AAA18818893BB4F6B34C271151FCEB6) 5DE497F544D78911CBD1B96C7216F4D3 {
   "frameTree": {
      "frame": {
         "adFrameStatus": {
            "adFrameType": "none"
         },
         "crossOriginIsolatedContextType": "NotIsolated",
         "domainAndRegistry": "scrape.center",
         "gatedAPIFeatures": [  ],
         "id": "5DE497F544D78911CBD1B96C7216F4D3",
         "loaderId": "5017C2A040EE4D9953D9F7C6D2E8BB92",
         "mimeType": "text/html",
         "secureContextType": "Secure",
         "securityOrigin": "https://spa1.scrape.center",
         "securityOriginDetails": {
            "isLocalhost": false
         },
         "url": "https://spa1.scrape.center/"
      }
   }
}
[1766136399.258][DEBUG]: DevTools WebSocket Command: DOM.resolveNode (id=147) (session_id=0AAA18818893BB4F6B34C271151FCEB6) 5DE497F544D78911CBD1B96C7216F4D3 {
   "backendNodeId": 10,
   "objectGroup": "c57f9c0b-ad2f-4228-8a02-bdc6c530295d"
}
[1766136399.259][DEBUG]: DevTools WebSocket Response: DOM.resolveNode (id=147) (session_id=0AAA18818893BB4F6B34C271151FCEB6) 5DE497F544D78911CBD1B96C7216F4D3 {
   "object": {
      "className": "HTMLDivElement",
      "description": "div.el-card__body",
      "objectId": "1667652473473659487.1.37",
      "subtype": "node",
      "type": "object"
   }
}
[1766136399.259][DEBUG]: DevTools WebSocket Command: Page.getFrameTree (id=148) (session_id=0AAA18818893BB4F6B34C271151FCEB6) 5DE497F544D78911CBD1B96C7216F4D3 {
}
[1766136399.259][DEBUG]: DevTools WebSocket Response: Page.getFrameTree (id=148) (session_id=0AAA18818893BB4F6B34C271151FCEB6) 5DE497F544D78911CBD1B96C7216F4D3 {
   "frameTree": {
      "frame": {
         "adFrameStatus": {
            "adFrameType": "none"
         },
         "crossOriginIsolatedContextType": "NotIsolated",
         "domainAndRegistry": "scrape.center",
         "gatedAPIFeatures": [  ],
         "id": "5DE497F544D78911CBD1B96C7216F4D3",
         "loaderId": "5017C2A040EE4D9953D9F7C6D2E8BB92",
         "mimeType": "text/html",
         "secureContextType": "Secure",
         "securityOrigin": "https://spa1.scrape.center",
         "securityOriginDetails": {
            "isLocalhost": false
         },
         "url": "https://spa1.scrape.center/"
      }
   }
}
[1766136399.260][DEBUG]: DevTools WebSocket Command: Runtime.callFunctionOn (id=149) (session_id=0AAA18818893BB4F6B34C271151FCEB6) 5DE497F544D78911CBD1B96C7216F4D3 {
   "arguments": [ {
      "objectId": "1667652473473659487.1.37"
   } ],
   "awaitPromise": true,
   "functionDeclaration": "function(){ return (function() { // Copyright 2012 The Chromium Authors\n// Use of this source code is governed by a BSD-style license that can be\n// found in the LICENSE file.\n\n/**\n * Enum for WebD...",
   "objectGroup": "c57f9c0b-ad2f-4228-8a02-bdc6c530295d",
   "serializationOptions": {
      "serialization": "deep"
   },
   "uniqueContextId": "-88754438306678378.-5366136884038128798"
}
[1766136399.263][DEBUG]: DevTools WebSocket Response: Runtime.callFunctionOn (id=149) (session_id=0AAA18818893BB4F6B34C271151FCEB6) 5DE497F544D78911CBD1B96C7216F4D3 {
   "result": {
      "className": "Array",
      "deepSerializedValue": {
         "type": "array",
         "value": [ {
            "type": "string",
            "value": "{\"status\":0,\"value\":{\"element-6066-11e4-a52e-4f735466cecf\":0}}"
         }, {
            "type": "node",
            "value": {
               "attributes": {
                  "class": "",
                  "data-v-1a647406": "",
                  "href": "/detail/2"
               },
               "backendNodeId": 25,
               "childNodeCount": 1,
               "loaderId": "5017C2A040EE4D9953D9F7C6D2E8BB92",
               "localName": "a",
               "namespaceURI": "http://www.w3.org/1999/xhtml",
               "nodeType": 1,
               "shadowRoot": null
            }
         } ]
      },
      "description": "Array(2)",
      "objectId": "1667652473473659487.1.38",
      "subtype": "array",
      "type": "object"
   }
}
[1766136399.263][DEBUG]: DevTools WebSocket Command: Runtime.releaseObjectGroup (id=150) (session_id=0AAA18818893BB4F6B34C271151FCEB6) 5DE497F544D78911CBD1B96C7216F4D3 {
   "objectGroup": "c57f9c0b-ad2f-4228-8a02-bdc6c530295d"
}
[1766136399.263][INFO]: Waiting for pending navigations...
[1766136399.263][DEBUG]: DevTools WebSocket Command: Runtime.evaluate (id=151) (session_id=0AAA18818893BB4F6B34C271151FCEB6) 5DE497F544D78911CBD1B96C7216F4D3 {
   "expression": "1"
}
[1766136399.263][DEBUG]: DevTools WebSocket Response: Runtime.releaseObjectGroup (id=150) (session_id=0AAA18818893BB4F6B34C271151FCEB6) 5DE497F544D78911CBD1B96C7216F4D3 {
}
[1766136399.263][DEBUG]: DevTools WebSocket Response: Runtime.evaluate (id=151) (session_id=0AAA18818893BB4F6B34C271151FCEB6) 5DE497F544D78911CBD1B96C7216F4D3 {
   "result": {
      "description": "1",
      "type": "number",
      "value": 1
   }
}
[1766136399.263][INFO]: Done waiting for pending navigations. Status: ok
[1766136399.263][INFO]: [8cac16ba8b44337f2ba68d6c6e00a2d1] RESPONSE FindChildElement {
   "element-6066-11e4-a52e-4f735466cecf": "f.5DE497F544D78911CBD1B96C7216F4D3.d.5017C2A040EE4D9953D9F7C6D2E8BB92.e.25"
}
[1766136399.264][INFO]: [8cac16ba8b44337f2ba68d6c6e00a2d1] COMMAND ExecuteScript {
   "args": [ {
      "element-6066-11e4-a52e-4f735466cecf": "f.5DE497F544D78911CBD1B96C7216F4D3.d.5017C2A040EE4D9953D9F7C6D2E8BB92.e.25"
   }, "href" ],
   "script": "/* getAttribute */return (function(){return (function(){var d=this||self;function f(a,b){function c(){}c.prototype=b.prototype;a.prototype=new c;a.prototype.constructor=a};var h=Array.prototype.indexOf?function(a,b){return Array.prototype.indexOf.call(a,b,void 0)}:function(a,b){if(\"string\"===typeof a)return\"string\"!==typeof b||1!=b.length?-1:a.indexOf(b,0);for(var c=0;c\u003Ca.length;c++)if(c in a&&a[c]===b)return c;return-1},k=Array.prototype.forEach?function(a,b){Array.prototype.forEach.call(a,b,void 0)}:function(a,b){for(var c=a.length,e=\"string\"===typeof a?a.split(\"\"):a,g=0;g\u003Cc;g++)g in e&&b.call(void 0,e[g],g,a)};function l(a,b){this.code=a;this.a=m[a]||n;this.message=b||\"\";a=this.a.replace(/((?:^|\\s+)[a-z])/g,function(c){return c.toUpperCase().replace(/^[\\s\\xa0]+/g,\"\")});b=a.length-5;if(0>b||a.indexOf(\"Error\",b)!=b)a+=\"Error\";this.name=a;a=Error(this.message);a.name=this.name;this.stack=a.stack||\"\"}f(l,Error);var n=\"unknown error\",m={15:\"element not selectable\",11:\"element not visible\"};m[31]=n;m[30]=n;m[24]=\"invalid cookie domain\";m[29]=\"invalid element coordinates\";m[12]=\"invalid element state\";m[32]=\"invalid selector\";\nm[51]=\"invalid selector\";m[52]=\"invalid selector\";m[17]=\"javascript error\";m[405]=\"unsupported operation\";m[34]=\"move target out of bounds\";m[27]=\"no such alert\";m[7]=\"no such element\";m[8]=\"no such frame\";m[23]=\"no such window\";m[28]=\"script timeout\";m[33]=\"session not created\";m[10]=\"stale element reference\";m[21]=\"timeout\";m[25]=\"unable to set cookie\";m[26]=\"unexpected alert open\";m[13]=n;m[9]=\"unknown command\";var p;a:{var q=d.navigator;if(q){var r=q.userAgent;if(r){p=r;break a}}p=\"\"}function t(a){return-1!=p.indexOf(a)};function u(){return t(\"Firefox\")||t(\"FxiOS\")}function v(){return(t(\"Chrome\")||t(\"CriOS\"))&&!t(\"Edge\")};function w(){return t(\"iPhone\")&&!t(\"iPod\")&&!t(\"iPad\")};var y=t(\"Opera\"),z=t(\"Trident\")||t(\"MSIE\"),A=t(\"Edge\"),B=t(\"Gecko\")&&!(-1!=p.toLowerCase().indexOf(\"webkit\")&&!t(\"Edge\"))&&!(t(\"Trident\")||t(\"MSIE\"))&&!t(\"Edge\"),C=-1!=p.toLowerCase().indexOf(\"webkit\")&&!t(\"Edge\");function D(){var a=d.document;return a?a.documentMode:void 0}var E;\na:{var F=\"\",G=function(){var a=p;if(B)return/rv:([^\\);]+)(\\)|;)/.exec(a);if(A)return/Edge\\/([\\d\\.]+)/.exec(a);if(z)return/\\b(?:MSIE|rv)[: ]([^\\);]+)(\\)|;)/.exec(a);if(C)return/WebKit\\/(\\S+)/.exec(a);if(y)return/(?:Version)[ \\/]?(\\S+)/.exec(a)}();G&&(F=G?G[1]:\"\");if(z){var H=D();if(null!=H&&H>parseFloat(F)){E=String(H);break a}}E=F}var I;I=d.document&&z?D():void 0;var J=u(),K=w()||t(\"iPod\"),L=t(\"iPad\"),M=t(\"Android\")&&!(v()||u()||t(\"Opera\")||t(\"Silk\")),N=v(),aa=t(\"Safari\")&&!(v()||t(\"Coast\")||t(\"Opera\")||t(\"Edge\")||t(\"Edg/\")||t(\"OPR\")||u()||t(\"Silk\")||t(\"Android\"))&&!(w()||t(\"iPad\")||t(\"iPod\"));function O(a){return(a=a.exec(p))?a[1]:\"\"}(function(){if(J)return O(/Firefox\\/([0-9.]+)/);if(z||A||y)return E;if(N)return w()||t(\"iPad\")||t(\"iPod\")?O(/CriOS\\/([0-9.]+)/):O(/Chrome\\/([0-9.]+)/);if(aa&&!(w()||t(\"iPad\")||t(\"iPod\")))return O(/Version\\/([0-9.]+)/);if(K||L){var a=/Version\\/(\\S+).*Mobile\\/(\\S+)/.exec(p);if(a)return a[1]+\".\"+a[2]}else if(M)return(a=O(/Android\\s+([0-9.]+)/))?a:O(/Version\\/([0-9.]+)/);return\"\"})();var P=z&&!(8\u003C=Number(I)),ba=z&&!(9\u003C=Number(I));var ca={SCRIPT:1,STYLE:1,HEAD:1,IFRAME:1,OBJECT:1},Q={IMG:\" \",BR:\"\\n\"};function R(a,b,c){if(!(a.nodeName in ca))if(3==a.nodeType)c?b.push(String(a.nodeValue).replace(/(\\r\\n|\\r|\\n)/g,\"\")):b.push(a.nodeValue);else if(a.nodeName in Q)b.push(Q[a.nodeName]);else for(a=a.firstChild;a;)R(a,b,c),a=a.nextSibling};function S(a,b){b=b.toLowerCase();return\"style\"==b?da(a.style.cssText):P&&\"value\"==b&&T(a,\"INPUT\")?a.value:ba&&!0===a[b]?String(a.getAttribute(b)):(a=a.getAttributeNode(b))&&a.specified?a.value:null}var ea=/[;]+(?=(?:(?:[^\"]*\"){2})*[^\"]*$)(?=(?:(?:[^']*'){2})*[^']*$)(?=(?:[^()]*\\([^()]*\\))*[^()]*$)/;\nfunction da(a){var b=[];k(a.split(ea),function(c){var e=c.indexOf(\":\");0\u003Ce&&(c=[c.slice(0,e),c.slice(e+1)],2==c.length&&b.push(c[0].toLowerCase(),\":\",c[1],\";\"))});b=b.join(\"\");return b=\";\"==b.charAt(b.length-1)?b:b+\";\"}function U(a,b){P&&\"value\"==b&&T(a,\"OPTION\")&&null===S(a,\"value\")?(b=[],R(a,b,!1),a=b.join(\"\")):a=a[b];return a}\nfunction T(a,b){b&&\"string\"!==typeof b&&(b=b.toString());return a instanceof HTMLFormElement?!!a&&1==a.nodeType&&(!b||\"FORM\"==b):!!a&&1==a.nodeType&&(!b||a.tagName.toUpperCase()==b)}function V(a){return T(a,\"OPTION\")?!0:T(a,\"INPUT\")?(a=a.type.toLowerCase(),\"checkbox\"==a||\"radio\"==a):!1};var fa={\"class\":\"className\",readonly:\"readOnly\"},ha=\"allowfullscreen allowpaymentrequest allowusermedia async autofocus autoplay checked compact complete controls declare default defaultchecked defaultselected defer disabled ended formnovalidate hidden indeterminate iscontenteditable ismap itemscope loop multiple muted nohref nomodule noresize noshade novalidate nowrap open paused playsinline pubdate readonly required reversed scoped seamless seeking selected truespeed typemustmatch willvalidate\".split(\" \");function W(a,b){var c=null,e=b.toLowerCase();if(\"style\"==e)return(c=a.style)&&\"string\"!=typeof c&&(c=c.cssText),c;if((\"selected\"==e||\"checked\"==e)&&V(a)){if(!V(a))throw new l(15,\"Element is not selectable\");b=\"selected\";c=a.type&&a.type.toLowerCase();if(\"checkbox\"==c||\"radio\"==c)b=\"checked\";return U(a,b)?\"true\":null}var g=T(a,\"A\");if(T(a,\"IMG\")&&\"src\"==e||g&&\"href\"==e)return(c=S(a,e))&&(c=U(a,e)),c;if(\"spellcheck\"==e){c=S(a,e);if(null!==c){if(\"false\"==c.toLowerCase())return\"false\";if(\"true\"==c.toLowerCase())return\"true\"}return U(a,\ne)+\"\"}g=fa[b]||b;if(0\u003C=h(ha,e))return(c=null!==S(a,b)||U(a,g))?\"true\":null;try{var x=U(a,g)}catch(ia){}(e=null==x)||(e=typeof x,e=\"object\"==e&&null!=x||\"function\"==e);e?c=S(a,b):c=x;return null!=c?c.toString():null}var X=[\"se_exportedFunctionSymbol\"],Y=d;X[0]in Y||\"undefined\"==typeof Y.execScript||Y.execScript(\"var \"+X[0]);for(var Z;X.length&&(Z=X.shift());)X.length||void 0===W?Y[Z]&&Y[Z]!==Object.prototype[Z]?Y=Y[Z]:Y=Y[Z]={}:Y[Z]=W;; return this.se_exportedFunctionSymbol.apply(null,arguments);}).apply(window, arguments);}\n).apply(null, arguments);"
}
[1766136399.265][INFO]: Waiting for pending navigations...
[1766136399.265][DEBUG]: DevTools WebSocket Command: Runtime.evaluate (id=152) (session_id=0AAA18818893BB4F6B34C271151FCEB6) 5DE497F544D78911CBD1B96C7216F4D3 {
   "expression": "1"
}
[1766136399.265][DEBUG]: DevTools WebSocket Response: Runtime.evaluate (id=152) (session_id=0AAA18818893BB4F6B34C271151FCEB6) 5DE497F544D78911CBD1B96C7216F4D3 {
   "result": {
      "description": "1",
      "type": "number",
      "value": 1
   }
}
[1766136399.265][INFO]: Done waiting for pending navigations. Status: ok
[1766136399.265][DEBUG]: DevTools WebSocket Command: Page.getFrameTree (id=153) (session_id=0AAA18818893BB4F6B34C271151FCEB6) 5DE497F544D78911CBD1B96C7216F4D3 {
}
[1766136399.265][DEBUG]: DevTools WebSocket Response: Page.getFrameTree (id=153) (session_id=0AAA18818893BB4F6B34C271151FCEB6) 5DE497F544D78911CBD1B96C7216F4D3 {
   "frameTree": {
      "frame": {
         "adFrameStatus": {
            "adFrameType": "none"
         },
         "crossOriginIsolatedContextType": "NotIsolated",
         "domainAndRegistry": "scrape.center",
         "gatedAPIFeatures": [  ],
         "id": "5DE497F544D78911CBD1B96C7216F4D3",
         "loaderId": "5017C2A040EE4D9953D9F7C6D2E8BB92",
         "mimeType": "text/html",
         "secureContextType": "Secure",
         "securityOrigin": "https://spa1.scrape.center",
         "securityOriginDetails": {
            "isLocalhost": false
         },
         "url": "https://spa1.scrape.center/"
      }
   }
}
[1766136399.265][DEBUG]: DevTools WebSocket Command: DOM.resolveNode (id=154) (session_id=0AAA18818893BB4F6B34C271151FCEB6) 5DE497F544D78911CBD1B96C7216F4D3 {
   "backendNodeId": 25,
   "objectGroup": "1589ac09-e441-46fe-83a4-abc70269fa09"
}
[1766136399.266][DEBUG]: DevTools WebSocket Response: DOM.resolveNode (id=154) (session_id=0AAA18818893BB4F6B34C271151FCEB6) 5DE497F544D78911CBD1B96C7216F4D3 {
   "object": {
      "className": "HTMLAnchorElement",
      "description": "a",
      "objectId": "1667652473473659487.1.39",
      "subtype": "node",
      "type": "object"
   }
}
[1766136399.266][DEBUG]: DevTools WebSocket Command: Page.getFrameTree (id=155) (session_id=0AAA18818893BB4F6B34C271151FCEB6) 5DE497F544D78911CBD1B96C7216F4D3 {
}
[1766136399.266][DEBUG]: DevTools WebSocket Response: Page.getFrameTree (id=155) (session_id=0AAA18818893BB4F6B34C271151FCEB6) 5DE497F544D78911CBD1B96C7216F4D3 {
   "frameTree": {
      "frame": {
         "adFrameStatus": {
            "adFrameType": "none"
         },
         "crossOriginIsolatedContextType": "NotIsolated",
         "domainAndRegistry": "scrape.center",
         "gatedAPIFeatures": [  ],
         "id": "5DE497F544D78911CBD1B96C7216F4D3",
         "loaderId": "5017C2A040EE4D9953D9F7C6D2E8BB92",
         "mimeType": "text/html",
         "secureContextType": "Secure",
         "securityOrigin": "https://spa1.scrape.center",
         "securityOriginDetails": {
            "isLocalhost": false
         },
         "url": "https://spa1.scrape.center/"
      }
   }
}
[1766136399.267][DEBUG]: DevTools WebSocket Command: Runtime.callFunctionOn (id=156) (session_id=0AAA18818893BB4F6B34C271151FCEB6) 5DE497F544D78911CBD1B96C7216F4D3 {
   "arguments": [ {
      "objectId": "1667652473473659487.1.39"
   } ],
   "awaitPromise": true,
   "functionDeclaration": "function(){ return (function() { // Copyright 2012 The Chromium Authors\n// Use of this source code is governed by a BSD-style license that can be\n// found in the LICENSE file.\n\n/**\n * Enum for WebD...",
   "objectGroup": "1589ac09-e441-46fe-83a4-abc70269fa09",
   "serializationOptions": {
      "serialization": "deep"
   },
   "uniqueContextId": "-88754438306678378.-5366136884038128798"
}
[1766136399.268][DEBUG]: DevTools WebSocket Response: Runtime.callFunctionOn (id=156) (session_id=0AAA18818893BB4F6B34C271151FCEB6) 5DE497F544D78911CBD1B96C7216F4D3 {
   "result": {
      "className": "Array",
      "deepSerializedValue": {
         "type": "array",
         "value": [ {
            "type": "string",
            "value": "{\"status\":0,\"value\":\"https://spa1.scrape.center/detail/2\"}"
         } ]
      },
      "description": "Array(1)",
      "objectId": "1667652473473659487.1.40",
      "subtype": "array",
      "type": "object"
   }
}
[1766136399.268][DEBUG]: DevTools WebSocket Command: Runtime.releaseObjectGroup (id=157) (session_id=0AAA18818893BB4F6B34C271151FCEB6) 5DE497F544D78911CBD1B96C7216F4D3 {
   "objectGroup": "1589ac09-e441-46fe-83a4-abc70269fa09"
}
[1766136399.268][INFO]: Waiting for pending navigations...
[1766136399.268][DEBUG]: DevTools WebSocket Command: Runtime.evaluate (id=158) (session_id=0AAA18818893BB4F6B34C271151FCEB6) 5DE497F544D78911CBD1B96C7216F4D3 {
   "expression": "1"
}
[1766136399.269][DEBUG]: DevTools WebSocket Response: Runtime.releaseObjectGroup (id=157) (session_id=0AAA18818893BB4F6B34C271151FCEB6) 5DE497F544D78911CBD1B96C7216F4D3 {
}
[1766136399.269][DEBUG]: DevTools WebSocket Response: Runtime.evaluate (id=158) (session_id=0AAA18818893BB4F6B34C271151FCEB6) 5DE497F544D78911CBD1B96C7216F4D3 {
   "result": {
      "description": "1",
      "type": "number",
      "value": 1
   }
}
[1766136399.269][INFO]: Done waiting for pending navigations. Status: ok
[1766136399.269][INFO]: [8cac16ba8b44337f2ba68d6c6e00a2d1] RESPONSE ExecuteScript "https://spa1.scrape.center/detail/2"
[1766136399.270][INFO]: [8cac16ba8b44337f2ba68d6c6e00a2d1] COMMAND FindChildElements {
   "id": "f.5DE497F544D78911CBD1B96C7216F4D3.d.5017C2A040EE4D9953D9F7C6D2E8BB92.e.10",
   "using": "css selector",
   "value": ".m-v-sm"
}
[1766136399.270][INFO]: Waiting for pending navigations...
[1766136399.270][DEBUG]: DevTools WebSocket Command: Runtime.evaluate (id=159) (session_id=0AAA18818893BB4F6B34C271151FCEB6) 5DE497F544D78911CBD1B96C7216F4D3 {
   "expression": "1"
}
[1766136399.270][DEBUG]: DevTools WebSocket Response: Runtime.evaluate (id=159) (session_id=0AAA18818893BB4F6B34C271151FCEB6) 5DE497F544D78911CBD1B96C7216F4D3 {
   "result": {
      "description": "1",
      "type": "number",
      "value": 1
   }
}
[1766136399.270][INFO]: Done waiting for pending navigations. Status: ok
[1766136399.270][DEBUG]: DevTools WebSocket Command: Page.getFrameTree (id=160) (session_id=0AAA18818893BB4F6B34C271151FCEB6) 5DE497F544D78911CBD1B96C7216F4D3 {
}
[1766136399.271][DEBUG]: DevTools WebSocket Response: Page.getFrameTree (id=160) (session_id=0AAA18818893BB4F6B34C271151FCEB6) 5DE497F544D78911CBD1B96C7216F4D3 {
   "frameTree": {
      "frame": {
         "adFrameStatus": {
            "adFrameType": "none"
         },
         "crossOriginIsolatedContextType": "NotIsolated",
         "domainAndRegistry": "scrape.center",
         "gatedAPIFeatures": [  ],
         "id": "5DE497F544D78911CBD1B96C7216F4D3",
         "loaderId": "5017C2A040EE4D9953D9F7C6D2E8BB92",
         "mimeType": "text/html",
         "secureContextType": "Secure",
         "securityOrigin": "https://spa1.scrape.center",
         "securityOriginDetails": {
            "isLocalhost": false
         },
         "url": "https://spa1.scrape.center/"
      }
   }
}
[1766136399.271][DEBUG]: DevTools WebSocket Command: DOM.resolveNode (id=161) (session_id=0AAA18818893BB4F6B34C271151FCEB6) 5DE497F544D78911CBD1B96C7216F4D3 {
   "backendNodeId": 10,
   "objectGroup": "281997de-27bc-43a9-ae94-453c7bac8583"
}
[1766136399.271][DEBUG]: DevTools WebSocket Response: DOM.resolveNode (id=161) (session_id=0AAA18818893BB4F6B34C271151FCEB6) 5DE497F544D78911CBD1B96C7216F4D3 {
   "object": {
      "className": "HTMLDivElement",
      "description": "div.el-card__body",
      "objectId": "1667652473473659487.1.41",
      "subtype": "node",
      "type": "object"
   }
}
[1766136399.271][DEBUG]: DevTools WebSocket Command: Page.getFrameTree (id=162) (session_id=0AAA18818893BB4F6B34C271151FCEB6) 5DE497F544D78911CBD1B96C7216F4D3 {
}
[1766136399.271][DEBUG]: DevTools WebSocket Response: Page.getFrameTree (id=162) (session_id=0AAA18818893BB4F6B34C271151FCEB6) 5DE497F544D78911CBD1B96C7216F4D3 {
   "frameTree": {
      "frame": {
         "adFrameStatus": {
            "adFrameType": "none"
         },
         "crossOriginIsolatedContextType": "NotIsolated",
         "domainAndRegistry": "scrape.center",
         "gatedAPIFeatures": [  ],
         "id": "5DE497F544D78911CBD1B96C7216F4D3",
         "loaderId": "5017C2A040EE4D9953D9F7C6D2E8BB92",
         "mimeType": "text/html",
         "secureContextType": "Secure",
         "securityOrigin": "https://spa1.scrape.center",
         "securityOriginDetails": {
            "isLocalhost": false
         },
         "url": "https://spa1.scrape.center/"
      }
   }
}
[1766136399.272][DEBUG]: DevTools WebSocket Command: Runtime.callFunctionOn (id=163) (session_id=0AAA18818893BB4F6B34C271151FCEB6) 5DE497F544D78911CBD1B96C7216F4D3 {
   "arguments": [ {
      "objectId": "1667652473473659487.1.41"
   } ],
   "awaitPromise": true,
   "functionDeclaration": "function(){ return (function() { // Copyright 2012 The Chromium Authors\n// Use of this source code is governed by a BSD-style license that can be\n// found in the LICENSE file.\n\n/**\n * Enum for WebD...",
   "objectGroup": "281997de-27bc-43a9-ae94-453c7bac8583",
   "serializationOptions": {
      "serialization": "deep"
   },
   "uniqueContextId": "-88754438306678378.-5366136884038128798"
}
[1766136399.275][DEBUG]: DevTools WebSocket Response: Runtime.callFunctionOn (id=163) (session_id=0AAA18818893BB4F6B34C271151FCEB6) 5DE497F544D78911CBD1B96C7216F4D3 {
   "result": {
      "className": "Array",
      "deepSerializedValue": {
         "type": "array",
         "value": [ {
            "type": "string",
            "value": "{\"status\":0,\"value\":[{\"element-6066-11e4-a52e-4f735466cecf\":0},{\"element-6066-11e4-a52e-4f735466cecf\":1}]}"
         }, {
            "type": "node",
            "value": {
               "attributes": {
                  "class": "m-v-sm info",
                  "data-v-1a647406": ""
               },
               "backendNodeId": 26,
               "childNodeCount": 3,
               "loaderId": "5017C2A040EE4D9953D9F7C6D2E8BB92",
               "localName": "div",
               "namespaceURI": "http://www.w3.org/1999/xhtml",
               "nodeType": 1,
               "shadowRoot": null
            }
         }, {
            "type": "node",
            "value": {
               "attributes": {
                  "class": "m-v-sm info",
                  "data-v-1a647406": ""
               },
               "backendNodeId": 27,
               "childNodeCount": 1,
               "loaderId": "5017C2A040EE4D9953D9F7C6D2E8BB92",
               "localName": "div",
               "namespaceURI": "http://www.w3.org/1999/xhtml",
               "nodeType": 1,
               "shadowRoot": null
            }
         } ]
      },
      "description": "Array(3)",
      "objectId": "1667652473473659487.1.42",
      "subtype": "array",
      "type": "object"
   }
}
[1766136399.275][DEBUG]: DevTools WebSocket Command: Runtime.releaseObjectGroup (id=164) (session_id=0AAA18818893BB4F6B34C271151FCEB6) 5DE497F544D78911CBD1B96C7216F4D3 {
   "objectGroup": "281997de-27bc-43a9-ae94-453c7bac8583"
}
[1766136399.276][INFO]: Waiting for pending navigations...
[1766136399.276][DEBUG]: DevTools WebSocket Command: Runtime.evaluate (id=165) (session_id=0AAA18818893BB4F6B34C271151FCEB6) 5DE497F544D78911CBD1B96C7216F4D3 {
   "expression": "1"
}
[1766136399.276][DEBUG]: DevTools WebSocket Response: Runtime.releaseObjectGroup (id=164) (session_id=0AAA18818893BB4F6B34C271151FCEB6) 5DE497F544D78911CBD1B96C7216F4D3 {
}
[1766136399.276][DEBUG]: DevTools WebSocket Response: Runtime.evaluate (id=165) (session_id=0AAA18818893BB4F6B34C271151FCEB6) 5DE497F544D78911CBD1B96C7216F4D3 {
   "result": {
      "description": "1",
      "type": "number",
      "value": 1
   }
}
[1766136399.276][INFO]: Done waiting for pending navigations. Status: ok
[1766136399.276][INFO]: [8cac16ba8b44337f2ba68d6c6e00a2d1] RESPONSE FindChildElements [ {
   "element-6066-11e4-a52e-4f735466cecf": "f.5DE497F544D78911CBD1B96C7216F4D3.d.5017C2A040EE4D9953D9F7C6D2E8BB92.e.26"
}, {
   "element-6066-11e4-a52e-4f735466cecf": "f.5DE497F544D78911CBD1B96C7216F4D3.d.5017C2A040EE4D9953D9F7C6D2E8BB92.e.27"
} ]
[1766136399.277][INFO]: [8cac16ba8b44337f2ba68d6c6e00a2d1] COMMAND GetElementText {
   "id": "f.5DE497F544D78911CBD1B96C7216F4D3.d.5017C2A040EE4D9953D9F7C6D2E8BB92.e.26"
}
[1766136399.277][INFO]: Waiting for pending navigations...
[1766136399.277][DEBUG]: DevTools WebSocket Command: Runtime.evaluate (id=166) (session_id=0AAA18818893BB4F6B34C271151FCEB6) 5DE497F544D78911CBD1B96C7216F4D3 {
   "expression": "1"
}
[1766136399.277][DEBUG]: DevTools WebSocket Response: Runtime.evaluate (id=166) (session_id=0AAA18818893BB4F6B34C271151FCEB6) 5DE497F544D78911CBD1B96C7216F4D3 {
   "result": {
      "description": "1",
      "type": "number",
      "value": 1
   }
}
[1766136399.278][INFO]: Done waiting for pending navigations. Status: ok
[1766136399.278][DEBUG]: DevTools WebSocket Command: Page.getFrameTree (id=167) (session_id=0AAA18818893BB4F6B34C271151FCEB6) 5DE497F544D78911CBD1B96C7216F4D3 {
}
[1766136399.278][DEBUG]: DevTools WebSocket Response: Page.getFrameTree (id=167) (session_id=0AAA18818893BB4F6B34C271151FCEB6) 5DE497F544D78911CBD1B96C7216F4D3 {
   "frameTree": {
      "frame": {
         "adFrameStatus": {
            "adFrameType": "none"
         },
         "crossOriginIsolatedContextType": "NotIsolated",
         "domainAndRegistry": "scrape.center",
         "gatedAPIFeatures": [  ],
         "id": "5DE497F544D78911CBD1B96C7216F4D3",
         "loaderId": "5017C2A040EE4D9953D9F7C6D2E8BB92",
         "mimeType": "text/html",
         "secureContextType": "Secure",
         "securityOrigin": "https://spa1.scrape.center",
         "securityOriginDetails": {
            "isLocalhost": false
         },
         "url": "https://spa1.scrape.center/"
      }
   }
}
[1766136399.278][DEBUG]: DevTools WebSocket Command: DOM.resolveNode (id=168) (session_id=0AAA18818893BB4F6B34C271151FCEB6) 5DE497F544D78911CBD1B96C7216F4D3 {
   "backendNodeId": 26,
   "objectGroup": "6c502d3e-a1b6-4766-93f3-9174fc6797bb"
}
[1766136399.279][DEBUG]: DevTools WebSocket Response: DOM.resolveNode (id=168) (session_id=0AAA18818893BB4F6B34C271151FCEB6) 5DE497F544D78911CBD1B96C7216F4D3 {
   "object": {
      "className": "HTMLDivElement",
      "description": "div.m-v-sm.info",
      "objectId": "1667652473473659487.1.43",
      "subtype": "node",
      "type": "object"
   }
}
[1766136399.279][DEBUG]: DevTools WebSocket Command: Page.getFrameTree (id=169) (session_id=0AAA18818893BB4F6B34C271151FCEB6) 5DE497F544D78911CBD1B96C7216F4D3 {
}
[1766136399.279][DEBUG]: DevTools WebSocket Response: Page.getFrameTree (id=169) (session_id=0AAA18818893BB4F6B34C271151FCEB6) 5DE497F544D78911CBD1B96C7216F4D3 {
   "frameTree": {
      "frame": {
         "adFrameStatus": {
            "adFrameType": "none"
         },
         "crossOriginIsolatedContextType": "NotIsolated",
         "domainAndRegistry": "scrape.center",
         "gatedAPIFeatures": [  ],
         "id": "5DE497F544D78911CBD1B96C7216F4D3",
         "loaderId": "5017C2A040EE4D9953D9F7C6D2E8BB92",
         "mimeType": "text/html",
         "secureContextType": "Secure",
         "securityOrigin": "https://spa1.scrape.center",
         "securityOriginDetails": {
            "isLocalhost": false
         },
         "url": "https://spa1.scrape.center/"
      }
   }
}
[1766136399.281][DEBUG]: DevTools WebSocket Command: Runtime.callFunctionOn (id=170) (session_id=0AAA18818893BB4F6B34C271151FCEB6) 5DE497F544D78911CBD1B96C7216F4D3 {
   "arguments": [ {
      "objectId": "1667652473473659487.1.43"
   } ],
   "awaitPromise": true,
   "functionDeclaration": "function(){ return (function() { // Copyright 2012 The Chromium Authors\n// Use of this source code is governed by a BSD-style license that can be\n// found in the LICENSE file.\n\n/**\n * Enum for WebD...",
   "objectGroup": "6c502d3e-a1b6-4766-93f3-9174fc6797bb",
   "serializationOptions": {
      "serialization": "deep"
   },
   "uniqueContextId": "-88754438306678378.-5366136884038128798"
}
[1766136399.284][DEBUG]: DevTools WebSocket Response: Runtime.callFunctionOn (id=170) (session_id=0AAA18818893BB4F6B34C271151FCEB6) 5DE497F544D78911CBD1B96C7216F4D3 {
   "result": {
      "className": "Array",
      "deepSerializedValue": {
         "type": "array",
         "value": [ {
            "type": "string",
            "value": "{\"status\":0,\"value\":\"法国 / 110 分钟\"}"
         } ]
      },
      "description": "Array(1)",
      "objectId": "1667652473473659487.1.44",
      "subtype": "array",
      "type": "object"
   }
}
[1766136399.284][DEBUG]: DevTools WebSocket Command: Runtime.releaseObjectGroup (id=171) (session_id=0AAA18818893BB4F6B34C271151FCEB6) 5DE497F544D78911CBD1B96C7216F4D3 {
   "objectGroup": "6c502d3e-a1b6-4766-93f3-9174fc6797bb"
}
[1766136399.284][INFO]: Waiting for pending navigations...
[1766136399.284][DEBUG]: DevTools WebSocket Command: Runtime.evaluate (id=172) (session_id=0AAA18818893BB4F6B34C271151FCEB6) 5DE497F544D78911CBD1B96C7216F4D3 {
   "expression": "1"
}
[1766136399.284][DEBUG]: DevTools WebSocket Response: Runtime.releaseObjectGroup (id=171) (session_id=0AAA18818893BB4F6B34C271151FCEB6) 5DE497F544D78911CBD1B96C7216F4D3 {
}
[1766136399.284][DEBUG]: DevTools WebSocket Response: Runtime.evaluate (id=172) (session_id=0AAA18818893BB4F6B34C271151FCEB6) 5DE497F544D78911CBD1B96C7216F4D3 {
   "result": {
      "description": "1",
      "type": "number",
      "value": 1
   }
}
[1766136399.284][INFO]: Done waiting for pending navigations. Status: ok
[1766136399.284][INFO]: [8cac16ba8b44337f2ba68d6c6e00a2d1] RESPONSE GetElementText "法国 / 110 分钟"
[1766136399.286][INFO]: [8cac16ba8b44337f2ba68d6c6e00a2d1] COMMAND FindChildElements {
   "id": "f.5DE497F544D78911CBD1B96C7216F4D3.d.5017C2A040EE4D9953D9F7C6D2E8BB92.e.10",
   "using": "css selector",
   "value": ".m-v-sm"
}
[1766136399.286][INFO]: Waiting for pending navigations...
[1766136399.286][DEBUG]: DevTools WebSocket Command: Runtime.evaluate (id=173) (session_id=0AAA18818893BB4F6B34C271151FCEB6) 5DE497F544D78911CBD1B96C7216F4D3 {
   "expression": "1"
}
[1766136399.286][DEBUG]: DevTools WebSocket Response: Runtime.evaluate (id=173) (session_id=0AAA18818893BB4F6B34C271151FCEB6) 5DE497F544D78911CBD1B96C7216F4D3 {
   "result": {
      "description": "1",
      "type": "number",
      "value": 1
   }
}
[1766136399.286][INFO]: Done waiting for pending navigations. Status: ok
[1766136399.286][DEBUG]: DevTools WebSocket Command: Page.getFrameTree (id=174) (session_id=0AAA18818893BB4F6B34C271151FCEB6) 5DE497F544D78911CBD1B96C7216F4D3 {
}
[1766136399.286][DEBUG]: DevTools WebSocket Response: Page.getFrameTree (id=174) (session_id=0AAA18818893BB4F6B34C271151FCEB6) 5DE497F544D78911CBD1B96C7216F4D3 {
   "frameTree": {
      "frame": {
         "adFrameStatus": {
            "adFrameType": "none"
         },
         "crossOriginIsolatedContextType": "NotIsolated",
         "domainAndRegistry": "scrape.center",
         "gatedAPIFeatures": [  ],
         "id": "5DE497F544D78911CBD1B96C7216F4D3",
         "loaderId": "5017C2A040EE4D9953D9F7C6D2E8BB92",
         "mimeType": "text/html",
         "secureContextType": "Secure",
         "securityOrigin": "https://spa1.scrape.center",
         "securityOriginDetails": {
            "isLocalhost": false
         },
         "url": "https://spa1.scrape.center/"
      }
   }
}
[1766136399.287][DEBUG]: DevTools WebSocket Command: DOM.resolveNode (id=175) (session_id=0AAA18818893BB4F6B34C271151FCEB6) 5DE497F544D78911CBD1B96C7216F4D3 {
   "backendNodeId": 10,
   "objectGroup": "26a0ec20-4b47-4754-b479-3cc73ebab856"
}
[1766136399.287][DEBUG]: DevTools WebSocket Response: DOM.resolveNode (id=175) (session_id=0AAA18818893BB4F6B34C271151FCEB6) 5DE497F544D78911CBD1B96C7216F4D3 {
   "object": {
      "className": "HTMLDivElement",
      "description": "div.el-card__body",
      "objectId": "1667652473473659487.1.45",
      "subtype": "node",
      "type": "object"
   }
}
[1766136399.287][DEBUG]: DevTools WebSocket Command: Page.getFrameTree (id=176) (session_id=0AAA18818893BB4F6B34C271151FCEB6) 5DE497F544D78911CBD1B96C7216F4D3 {
}
[1766136399.287][DEBUG]: DevTools WebSocket Response: Page.getFrameTree (id=176) (session_id=0AAA18818893BB4F6B34C271151FCEB6) 5DE497F544D78911CBD1B96C7216F4D3 {
   "frameTree": {
      "frame": {
         "adFrameStatus": {
            "adFrameType": "none"
         },
         "crossOriginIsolatedContextType": "NotIsolated",
         "domainAndRegistry": "scrape.center",
         "gatedAPIFeatures": [  ],
         "id": "5DE497F544D78911CBD1B96C7216F4D3",
         "loaderId": "5017C2A040EE4D9953D9F7C6D2E8BB92",
         "mimeType": "text/html",
         "secureContextType": "Secure",
         "securityOrigin": "https://spa1.scrape.center",
         "securityOriginDetails": {
            "isLocalhost": false
         },
         "url": "https://spa1.scrape.center/"
      }
   }
}
[1766136399.288][DEBUG]: DevTools WebSocket Command: Runtime.callFunctionOn (id=177) (session_id=0AAA18818893BB4F6B34C271151FCEB6) 5DE497F544D78911CBD1B96C7216F4D3 {
   "arguments": [ {
      "objectId": "1667652473473659487.1.45"
   } ],
   "awaitPromise": true,
   "functionDeclaration": "function(){ return (function() { // Copyright 2012 The Chromium Authors\n// Use of this source code is governed by a BSD-style license that can be\n// found in the LICENSE file.\n\n/**\n * Enum for WebD...",
   "objectGroup": "26a0ec20-4b47-4754-b479-3cc73ebab856",
   "serializationOptions": {
      "serialization": "deep"
   },
   "uniqueContextId": "-88754438306678378.-5366136884038128798"
}
[1766136399.291][DEBUG]: DevTools WebSocket Response: Runtime.callFunctionOn (id=177) (session_id=0AAA18818893BB4F6B34C271151FCEB6) 5DE497F544D78911CBD1B96C7216F4D3 {
   "result": {
      "className": "Array",
      "deepSerializedValue": {
         "type": "array",
         "value": [ {
            "type": "string",
            "value": "{\"status\":0,\"value\":[{\"element-6066-11e4-a52e-4f735466cecf\":0},{\"element-6066-11e4-a52e-4f735466cecf\":1}]}"
         }, {
            "type": "node",
            "value": {
               "attributes": {
                  "class": "m-v-sm info",
                  "data-v-1a647406": ""
               },
               "backendNodeId": 26,
               "childNodeCount": 3,
               "loaderId": "5017C2A040EE4D9953D9F7C6D2E8BB92",
               "localName": "div",
               "namespaceURI": "http://www.w3.org/1999/xhtml",
               "nodeType": 1,
               "shadowRoot": null
            }
         }, {
            "type": "node",
            "value": {
               "attributes": {
                  "class": "m-v-sm info",
                  "data-v-1a647406": ""
               },
               "backendNodeId": 27,
               "childNodeCount": 1,
               "loaderId": "5017C2A040EE4D9953D9F7C6D2E8BB92",
               "localName": "div",
               "namespaceURI": "http://www.w3.org/1999/xhtml",
               "nodeType": 1,
               "shadowRoot": null
            }
         } ]
      },
      "description": "Array(3)",
      "objectId": "1667652473473659487.1.46",
      "subtype": "array",
      "type": "object"
   }
}
[1766136399.291][DEBUG]: DevTools WebSocket Command: Runtime.releaseObjectGroup (id=178) (session_id=0AAA18818893BB4F6B34C271151FCEB6) 5DE497F544D78911CBD1B96C7216F4D3 {
   "objectGroup": "26a0ec20-4b47-4754-b479-3cc73ebab856"
}
[1766136399.291][INFO]: Waiting for pending navigations...
[1766136399.291][DEBUG]: DevTools WebSocket Command: Runtime.evaluate (id=179) (session_id=0AAA18818893BB4F6B34C271151FCEB6) 5DE497F544D78911CBD1B96C7216F4D3 {
   "expression": "1"
}
[1766136399.291][DEBUG]: DevTools WebSocket Response: Runtime.releaseObjectGroup (id=178) (session_id=0AAA18818893BB4F6B34C271151FCEB6) 5DE497F544D78911CBD1B96C7216F4D3 {
}
[1766136399.291][DEBUG]: DevTools WebSocket Response: Runtime.evaluate (id=179) (session_id=0AAA18818893BB4F6B34C271151FCEB6) 5DE497F544D78911CBD1B96C7216F4D3 {
   "result": {
      "description": "1",
      "type": "number",
      "value": 1
   }
}
[1766136399.291][INFO]: Done waiting for pending navigations. Status: ok
[1766136399.291][INFO]: [8cac16ba8b44337f2ba68d6c6e00a2d1] RESPONSE FindChildElements [ {
   "element-6066-11e4-a52e-4f735466cecf": "f.5DE497F544D78911CBD1B96C7216F4D3.d.5017C2A040EE4D9953D9F7C6D2E8BB92.e.26"
}, {
   "element-6066-11e4-a52e-4f735466cecf": "f.5DE497F544D78911CBD1B96C7216F4D3.d.5017C2A040EE4D9953D9F7C6D2E8BB92.e.27"
} ]
[1766136399.292][INFO]: [8cac16ba8b44337f2ba68d6c6e00a2d1] COMMAND GetElementText {
   "id": "f.5DE497F544D78911CBD1B96C7216F4D3.d.5017C2A040EE4D9953D9F7C6D2E8BB92.e.27"
}
[1766136399.292][INFO]: Waiting for pending navigations...
[1766136399.292][DEBUG]: DevTools WebSocket Command: Runtime.evaluate (id=180) (session_id=0AAA18818893BB4F6B34C271151FCEB6) 5DE497F544D78911CBD1B96C7216F4D3 {
   "expression": "1"
}
[1766136399.293][DEBUG]: DevTools WebSocket Response: Runtime.evaluate (id=180) (session_id=0AAA18818893BB4F6B34C271151FCEB6) 5DE497F544D78911CBD1B96C7216F4D3 {
   "result": {
      "description": "1",
      "type": "number",
      "value": 1
   }
}
[1766136399.293][INFO]: Done waiting for pending navigations. Status: ok
[1766136399.293][DEBUG]: DevTools WebSocket Command: Page.getFrameTree (id=181) (session_id=0AAA18818893BB4F6B34C271151FCEB6) 5DE497F544D78911CBD1B96C7216F4D3 {
}
[1766136399.293][DEBUG]: DevTools WebSocket Response: Page.getFrameTree (id=181) (session_id=0AAA18818893BB4F6B34C271151FCEB6) 5DE497F544D78911CBD1B96C7216F4D3 {
   "frameTree": {
      "frame": {
         "adFrameStatus": {
            "adFrameType": "none"
         },
         "crossOriginIsolatedContextType": "NotIsolated",
         "domainAndRegistry": "scrape.center",
         "gatedAPIFeatures": [  ],
         "id": "5DE497F544D78911CBD1B96C7216F4D3",
         "loaderId": "5017C2A040EE4D9953D9F7C6D2E8BB92",
         "mimeType": "text/html",
         "secureContextType": "Secure",
         "securityOrigin": "https://spa1.scrape.center",
         "securityOriginDetails": {
            "isLocalhost": false
         },
         "url": "https://spa1.scrape.center/"
      }
   }
}
[1766136399.293][DEBUG]: DevTools WebSocket Command: DOM.resolveNode (id=182) (session_id=0AAA18818893BB4F6B34C271151FCEB6) 5DE497F544D78911CBD1B96C7216F4D3 {
   "backendNodeId": 27,
   "objectGroup": "33693e04-f0b3-4f12-a189-33253b3c6278"
}
[1766136399.294][DEBUG]: DevTools WebSocket Response: DOM.resolveNode (id=182) (session_id=0AAA18818893BB4F6B34C271151FCEB6) 5DE497F544D78911CBD1B96C7216F4D3 {
   "object": {
      "className": "HTMLDivElement",
      "description": "div.m-v-sm.info",
      "objectId": "1667652473473659487.1.47",
      "subtype": "node",
      "type": "object"
   }
}
[1766136399.294][DEBUG]: DevTools WebSocket Command: Page.getFrameTree (id=183) (session_id=0AAA18818893BB4F6B34C271151FCEB6) 5DE497F544D78911CBD1B96C7216F4D3 {
}
[1766136399.294][DEBUG]: DevTools WebSocket Response: Page.getFrameTree (id=183) (session_id=0AAA18818893BB4F6B34C271151FCEB6) 5DE497F544D78911CBD1B96C7216F4D3 {
   "frameTree": {
      "frame": {
         "adFrameStatus": {
            "adFrameType": "none"
         },
         "crossOriginIsolatedContextType": "NotIsolated",
         "domainAndRegistry": "scrape.center",
         "gatedAPIFeatures": [  ],
         "id": "5DE497F544D78911CBD1B96C7216F4D3",
         "loaderId": "5017C2A040EE4D9953D9F7C6D2E8BB92",
         "mimeType": "text/html",
         "secureContextType": "Secure",
         "securityOrigin": "https://spa1.scrape.center",
         "securityOriginDetails": {
            "isLocalhost": false
         },
         "url": "https://spa1.scrape.center/"
      }
   }
}
[1766136399.295][DEBUG]: DevTools WebSocket Command: Runtime.callFunctionOn (id=184) (session_id=0AAA18818893BB4F6B34C271151FCEB6) 5DE497F544D78911CBD1B96C7216F4D3 {
   "arguments": [ {
      "objectId": "1667652473473659487.1.47"
   } ],
   "awaitPromise": true,
   "functionDeclaration": "function(){ return (function() { // Copyright 2012 The Chromium Authors\n// Use of this source code is governed by a BSD-style license that can be\n// found in the LICENSE file.\n\n/**\n * Enum for WebD...",
   "objectGroup": "33693e04-f0b3-4f12-a189-33253b3c6278",
   "serializationOptions": {
      "serialization": "deep"
   },
   "uniqueContextId": "-88754438306678378.-5366136884038128798"
}
[1766136399.297][DEBUG]: DevTools WebSocket Response: Runtime.callFunctionOn (id=184) (session_id=0AAA18818893BB4F6B34C271151FCEB6) 5DE497F544D78911CBD1B96C7216F4D3 {
   "result": {
      "className": "Array",
      "deepSerializedValue": {
         "type": "array",
         "value": [ {
            "type": "string",
            "value": "{\"status\":0,\"value\":\"1994-09-14 上映\"}"
         } ]
      },
      "description": "Array(1)",
      "objectId": "1667652473473659487.1.48",
      "subtype": "array",
      "type": "object"
   }
}
[1766136399.297][DEBUG]: DevTools WebSocket Command: Runtime.releaseObjectGroup (id=185) (session_id=0AAA18818893BB4F6B34C271151FCEB6) 5DE497F544D78911CBD1B96C7216F4D3 {
   "objectGroup": "33693e04-f0b3-4f12-a189-33253b3c6278"
}
[1766136399.297][INFO]: Waiting for pending navigations...
[1766136399.297][DEBUG]: DevTools WebSocket Command: Runtime.evaluate (id=186) (session_id=0AAA18818893BB4F6B34C271151FCEB6) 5DE497F544D78911CBD1B96C7216F4D3 {
   "expression": "1"
}
[1766136399.298][DEBUG]: DevTools WebSocket Response: Runtime.releaseObjectGroup (id=185) (session_id=0AAA18818893BB4F6B34C271151FCEB6) 5DE497F544D78911CBD1B96C7216F4D3 {
}
[1766136399.298][DEBUG]: DevTools WebSocket Response: Runtime.evaluate (id=186) (session_id=0AAA18818893BB4F6B34C271151FCEB6) 5DE497F544D78911CBD1B96C7216F4D3 {
   "result": {
      "description": "1",
      "type": "number",
      "value": 1
   }
}
[1766136399.298][INFO]: Done waiting for pending navigations. Status: ok
[1766136399.298][INFO]: [8cac16ba8b44337f2ba68d6c6e00a2d1] RESPONSE GetElementText "1994-09-14 上映"
[1766136399.299][INFO]: [8cac16ba8b44337f2ba68d6c6e00a2d1] COMMAND FindChildElement {
   "id": "f.5DE497F544D78911CBD1B96C7216F4D3.d.5017C2A040EE4D9953D9F7C6D2E8BB92.e.10",
   "using": "css selector",
   "value": ".score"
}
[1766136399.299][INFO]: Waiting for pending navigations...
[1766136399.299][DEBUG]: DevTools WebSocket Command: Runtime.evaluate (id=187) (session_id=0AAA18818893BB4F6B34C271151FCEB6) 5DE497F544D78911CBD1B96C7216F4D3 {
   "expression": "1"
}
[1766136399.299][DEBUG]: DevTools WebSocket Response: Runtime.evaluate (id=187) (session_id=0AAA18818893BB4F6B34C271151FCEB6) 5DE497F544D78911CBD1B96C7216F4D3 {
   "result": {
      "description": "1",
      "type": "number",
      "value": 1
   }
}
[1766136399.299][INFO]: Done waiting for pending navigations. Status: ok
[1766136399.299][DEBUG]: DevTools WebSocket Command: Page.getFrameTree (id=188) (session_id=0AAA18818893BB4F6B34C271151FCEB6) 5DE497F544D78911CBD1B96C7216F4D3 {
}
[1766136399.300][DEBUG]: DevTools WebSocket Response: Page.getFrameTree (id=188) (session_id=0AAA18818893BB4F6B34C271151FCEB6) 5DE497F544D78911CBD1B96C7216F4D3 {
   "frameTree": {
      "frame": {
         "adFrameStatus": {
            "adFrameType": "none"
         },
         "crossOriginIsolatedContextType": "NotIsolated",
         "domainAndRegistry": "scrape.center",
         "gatedAPIFeatures": [  ],
         "id": "5DE497F544D78911CBD1B96C7216F4D3",
         "loaderId": "5017C2A040EE4D9953D9F7C6D2E8BB92",
         "mimeType": "text/html",
         "secureContextType": "Secure",
         "securityOrigin": "https://spa1.scrape.center",
         "securityOriginDetails": {
            "isLocalhost": false
         },
         "url": "https://spa1.scrape.center/"
      }
   }
}
[1766136399.300][DEBUG]: DevTools WebSocket Command: DOM.resolveNode (id=189) (session_id=0AAA18818893BB4F6B34C271151FCEB6) 5DE497F544D78911CBD1B96C7216F4D3 {
   "backendNodeId": 10,
   "objectGroup": "3696ce0d-ccbd-4bdb-bd9a-e0bd94402288"
}
[1766136399.300][DEBUG]: DevTools WebSocket Response: DOM.resolveNode (id=189) (session_id=0AAA18818893BB4F6B34C271151FCEB6) 5DE497F544D78911CBD1B96C7216F4D3 {
   "object": {
      "className": "HTMLDivElement",
      "description": "div.el-card__body",
      "objectId": "1667652473473659487.1.49",
      "subtype": "node",
      "type": "object"
   }
}
[1766136399.300][DEBUG]: DevTools WebSocket Command: Page.getFrameTree (id=190) (session_id=0AAA18818893BB4F6B34C271151FCEB6) 5DE497F544D78911CBD1B96C7216F4D3 {
}
[1766136399.301][DEBUG]: DevTools WebSocket Response: Page.getFrameTree (id=190) (session_id=0AAA18818893BB4F6B34C271151FCEB6) 5DE497F544D78911CBD1B96C7216F4D3 {
   "frameTree": {
      "frame": {
         "adFrameStatus": {
            "adFrameType": "none"
         },
         "crossOriginIsolatedContextType": "NotIsolated",
         "domainAndRegistry": "scrape.center",
         "gatedAPIFeatures": [  ],
         "id": "5DE497F544D78911CBD1B96C7216F4D3",
         "loaderId": "5017C2A040EE4D9953D9F7C6D2E8BB92",
         "mimeType": "text/html",
         "secureContextType": "Secure",
         "securityOrigin": "https://spa1.scrape.center",
         "securityOriginDetails": {
            "isLocalhost": false
         },
         "url": "https://spa1.scrape.center/"
      }
   }
}
[1766136399.302][DEBUG]: DevTools WebSocket Command: Runtime.callFunctionOn (id=191) (session_id=0AAA18818893BB4F6B34C271151FCEB6) 5DE497F544D78911CBD1B96C7216F4D3 {
   "arguments": [ {
      "objectId": "1667652473473659487.1.49"
   } ],
   "awaitPromise": true,
   "functionDeclaration": "function(){ return (function() { // Copyright 2012 The Chromium Authors\n// Use of this source code is governed by a BSD-style license that can be\n// found in the LICENSE file.\n\n/**\n * Enum for WebD...",
   "objectGroup": "3696ce0d-ccbd-4bdb-bd9a-e0bd94402288",
   "serializationOptions": {
      "serialization": "deep"
   },
   "uniqueContextId": "-88754438306678378.-5366136884038128798"
}
[1766136399.304][DEBUG]: DevTools WebSocket Response: Runtime.callFunctionOn (id=191) (session_id=0AAA18818893BB4F6B34C271151FCEB6) 5DE497F544D78911CBD1B96C7216F4D3 {
   "result": {
      "className": "Array",
      "deepSerializedValue": {
         "type": "array",
         "value": [ {
            "type": "string",
            "value": "{\"status\":0,\"value\":{\"element-6066-11e4-a52e-4f735466cecf\":0}}"
         }, {
            "type": "node",
            "value": {
               "attributes": {
                  "class": "score m-t-md m-b-n-sm",
                  "data-v-1a647406": ""
               },
               "backendNodeId": 28,
               "childNodeCount": 1,
               "loaderId": "5017C2A040EE4D9953D9F7C6D2E8BB92",
               "localName": "p",
               "namespaceURI": "http://www.w3.org/1999/xhtml",
               "nodeType": 1,
               "shadowRoot": null
            }
         } ]
      },
      "description": "Array(2)",
      "objectId": "1667652473473659487.1.50",
      "subtype": "array",
      "type": "object"
   }
}
[1766136399.304][DEBUG]: DevTools WebSocket Command: Runtime.releaseObjectGroup (id=192) (session_id=0AAA18818893BB4F6B34C271151FCEB6) 5DE497F544D78911CBD1B96C7216F4D3 {
   "objectGroup": "3696ce0d-ccbd-4bdb-bd9a-e0bd94402288"
}
[1766136399.304][INFO]: Waiting for pending navigations...
[1766136399.304][DEBUG]: DevTools WebSocket Command: Runtime.evaluate (id=193) (session_id=0AAA18818893BB4F6B34C271151FCEB6) 5DE497F544D78911CBD1B96C7216F4D3 {
   "expression": "1"
}
[1766136399.304][DEBUG]: DevTools WebSocket Response: Runtime.releaseObjectGroup (id=192) (session_id=0AAA18818893BB4F6B34C271151FCEB6) 5DE497F544D78911CBD1B96C7216F4D3 {
}
[1766136399.304][DEBUG]: DevTools WebSocket Response: Runtime.evaluate (id=193) (session_id=0AAA18818893BB4F6B34C271151FCEB6) 5DE497F544D78911CBD1B96C7216F4D3 {
   "result": {
      "description": "1",
      "type": "number",
      "value": 1
   }
}
[1766136399.304][INFO]: Done waiting for pending navigations. Status: ok
[1766136399.304][INFO]: [8cac16ba8b44337f2ba68d6c6e00a2d1] RESPONSE FindChildElement {
   "element-6066-11e4-a52e-4f735466cecf": "f.5DE497F544D78911CBD1B96C7216F4D3.d.5017C2A040EE4D9953D9F7C6D2E8BB92.e.28"
}
[1766136399.305][INFO]: [8cac16ba8b44337f2ba68d6c6e00a2d1] COMMAND GetElementText {
   "id": "f.5DE497F544D78911CBD1B96C7216F4D3.d.5017C2A040EE4D9953D9F7C6D2E8BB92.e.28"
}
[1766136399.305][INFO]: Waiting for pending navigations...
[1766136399.305][DEBUG]: DevTools WebSocket Command: Runtime.evaluate (id=194) (session_id=0AAA18818893BB4F6B34C271151FCEB6) 5DE497F544D78911CBD1B96C7216F4D3 {
   "expression": "1"
}
[1766136399.306][DEBUG]: DevTools WebSocket Response: Runtime.evaluate (id=194) (session_id=0AAA18818893BB4F6B34C271151FCEB6) 5DE497F544D78911CBD1B96C7216F4D3 {
   "result": {
      "description": "1",
      "type": "number",
      "value": 1
   }
}
[1766136399.306][INFO]: Done waiting for pending navigations. Status: ok
[1766136399.306][DEBUG]: DevTools WebSocket Command: Page.getFrameTree (id=195) (session_id=0AAA18818893BB4F6B34C271151FCEB6) 5DE497F544D78911CBD1B96C7216F4D3 {
}
[1766136399.306][DEBUG]: DevTools WebSocket Response: Page.getFrameTree (id=195) (session_id=0AAA18818893BB4F6B34C271151FCEB6) 5DE497F544D78911CBD1B96C7216F4D3 {
   "frameTree": {
      "frame": {
         "adFrameStatus": {
            "adFrameType": "none"
         },
         "crossOriginIsolatedContextType": "NotIsolated",
         "domainAndRegistry": "scrape.center",
         "gatedAPIFeatures": [  ],
         "id": "5DE497F544D78911CBD1B96C7216F4D3",
         "loaderId": "5017C2A040EE4D9953D9F7C6D2E8BB92",
         "mimeType": "text/html",
         "secureContextType": "Secure",
         "securityOrigin": "https://spa1.scrape.center",
         "securityOriginDetails": {
            "isLocalhost": false
         },
         "url": "https://spa1.scrape.center/"
      }
   }
}
[1766136399.306][DEBUG]: DevTools WebSocket Command: DOM.resolveNode (id=196) (session_id=0AAA18818893BB4F6B34C271151FCEB6) 5DE497F544D78911CBD1B96C7216F4D3 {
   "backendNodeId": 28,
   "objectGroup": "549ec43d-1203-44e4-848c-f00d41e3a2a8"
}
[1766136399.307][DEBUG]: DevTools WebSocket Response: DOM.resolveNode (id=196) (session_id=0AAA18818893BB4F6B34C271151FCEB6) 5DE497F544D78911CBD1B96C7216F4D3 {
   "object": {
      "className": "HTMLParagraphElement",
      "description": "p.score.m-t-md.m-b-n-sm",
      "objectId": "1667652473473659487.1.51",
      "subtype": "node",
      "type": "object"
   }
}
[1766136399.307][DEBUG]: DevTools WebSocket Command: Page.getFrameTree (id=197) (session_id=0AAA18818893BB4F6B34C271151FCEB6) 5DE497F544D78911CBD1B96C7216F4D3 {
}
[1766136399.308][DEBUG]: DevTools WebSocket Response: Page.getFrameTree (id=197) (session_id=0AAA18818893BB4F6B34C271151FCEB6) 5DE497F544D78911CBD1B96C7216F4D3 {
   "frameTree": {
      "frame": {
         "adFrameStatus": {
            "adFrameType": "none"
         },
         "crossOriginIsolatedContextType": "NotIsolated",
         "domainAndRegistry": "scrape.center",
         "gatedAPIFeatures": [  ],
         "id": "5DE497F544D78911CBD1B96C7216F4D3",
         "loaderId": "5017C2A040EE4D9953D9F7C6D2E8BB92",
         "mimeType": "text/html",
         "secureContextType": "Secure",
         "securityOrigin": "https://spa1.scrape.center",
         "securityOriginDetails": {
            "isLocalhost": false
         },
         "url": "https://spa1.scrape.center/"
      }
   }
}
[1766136399.309][DEBUG]: DevTools WebSocket Command: Runtime.callFunctionOn (id=198) (session_id=0AAA18818893BB4F6B34C271151FCEB6) 5DE497F544D78911CBD1B96C7216F4D3 {
   "arguments": [ {
      "objectId": "1667652473473659487.1.51"
   } ],
   "awaitPromise": true,
   "functionDeclaration": "function(){ return (function() { // Copyright 2012 The Chromium Authors\n// Use of this source code is governed by a BSD-style license that can be\n// found in the LICENSE file.\n\n/**\n * Enum for WebD...",
   "objectGroup": "549ec43d-1203-44e4-848c-f00d41e3a2a8",
   "serializationOptions": {
      "serialization": "deep"
   },
   "uniqueContextId": "-88754438306678378.-5366136884038128798"
}
[1766136399.311][DEBUG]: DevTools WebSocket Response: Runtime.callFunctionOn (id=198) (session_id=0AAA18818893BB4F6B34C271151FCEB6) 5DE497F544D78911CBD1B96C7216F4D3 {
   "result": {
      "className": "Array",
      "deepSerializedValue": {
         "type": "array",
         "value": [ {
            "type": "string",
            "value": "{\"status\":0,\"value\":\"9.5\"}"
         } ]
      },
      "description": "Array(1)",
      "objectId": "1667652473473659487.1.52",
      "subtype": "array",
      "type": "object"
   }
}
[1766136399.312][DEBUG]: DevTools WebSocket Command: Runtime.releaseObjectGroup (id=199) (session_id=0AAA18818893BB4F6B34C271151FCEB6) 5DE497F544D78911CBD1B96C7216F4D3 {
   "objectGroup": "549ec43d-1203-44e4-848c-f00d41e3a2a8"
}
[1766136399.312][INFO]: Waiting for pending navigations...
[1766136399.312][DEBUG]: DevTools WebSocket Command: Runtime.evaluate (id=200) (session_id=0AAA18818893BB4F6B34C271151FCEB6) 5DE497F544D78911CBD1B96C7216F4D3 {
   "expression": "1"
}
[1766136399.312][DEBUG]: DevTools WebSocket Response: Runtime.releaseObjectGroup (id=199) (session_id=0AAA18818893BB4F6B34C271151FCEB6) 5DE497F544D78911CBD1B96C7216F4D3 {
}
[1766136399.312][DEBUG]: DevTools WebSocket Response: Runtime.evaluate (id=200) (session_id=0AAA18818893BB4F6B34C271151FCEB6) 5DE497F544D78911CBD1B96C7216F4D3 {
   "result": {
      "description": "1",
      "type": "number",
      "value": 1
   }
}
[1766136399.312][INFO]: Done waiting for pending navigations. Status: ok
[1766136399.312][INFO]: [8cac16ba8b44337f2ba68d6c6e00a2d1] RESPONSE GetElementText "9.5"
[1766136399.313][INFO]: [8cac16ba8b44337f2ba68d6c6e00a2d1] COMMAND FindChildElement {
   "id": "f.5DE497F544D78911CBD1B96C7216F4D3.d.5017C2A040EE4D9953D9F7C6D2E8BB92.e.11",
   "using": "css selector",
   "value": ".m-b-sm"
}
[1766136399.313][INFO]: Waiting for pending navigations...
[1766136399.313][DEBUG]: DevTools WebSocket Command: Runtime.evaluate (id=201) (session_id=0AAA18818893BB4F6B34C271151FCEB6) 5DE497F544D78911CBD1B96C7216F4D3 {
   "expression": "1"
}
[1766136399.314][DEBUG]: DevTools WebSocket Response: Runtime.evaluate (id=201) (session_id=0AAA18818893BB4F6B34C271151FCEB6) 5DE497F544D78911CBD1B96C7216F4D3 {
   "result": {
      "description": "1",
      "type": "number",
      "value": 1
   }
}
[1766136399.314][INFO]: Done waiting for pending navigations. Status: ok
[1766136399.314][DEBUG]: DevTools WebSocket Command: Page.getFrameTree (id=202) (session_id=0AAA18818893BB4F6B34C271151FCEB6) 5DE497F544D78911CBD1B96C7216F4D3 {
}
[1766136399.315][DEBUG]: DevTools WebSocket Response: Page.getFrameTree (id=202) (session_id=0AAA18818893BB4F6B34C271151FCEB6) 5DE497F544D78911CBD1B96C7216F4D3 {
   "frameTree": {
      "frame": {
         "adFrameStatus": {
            "adFrameType": "none"
         },
         "crossOriginIsolatedContextType": "NotIsolated",
         "domainAndRegistry": "scrape.center",
         "gatedAPIFeatures": [  ],
         "id": "5DE497F544D78911CBD1B96C7216F4D3",
         "loaderId": "5017C2A040EE4D9953D9F7C6D2E8BB92",
         "mimeType": "text/html",
         "secureContextType": "Secure",
         "securityOrigin": "https://spa1.scrape.center",
         "securityOriginDetails": {
            "isLocalhost": false
         },
         "url": "https://spa1.scrape.center/"
      }
   }
}
[1766136399.315][DEBUG]: DevTools WebSocket Command: DOM.resolveNode (id=203) (session_id=0AAA18818893BB4F6B34C271151FCEB6) 5DE497F544D78911CBD1B96C7216F4D3 {
   "backendNodeId": 11,
   "objectGroup": "bfccf4b2-520e-4bef-bfe0-0fd99e9f0bdf"
}
[1766136399.315][DEBUG]: DevTools WebSocket Response: DOM.resolveNode (id=203) (session_id=0AAA18818893BB4F6B34C271151FCEB6) 5DE497F544D78911CBD1B96C7216F4D3 {
   "object": {
      "className": "HTMLDivElement",
      "description": "div.el-card__body",
      "objectId": "1667652473473659487.1.53",
      "subtype": "node",
      "type": "object"
   }
}
[1766136399.315][DEBUG]: DevTools WebSocket Command: Page.getFrameTree (id=204) (session_id=0AAA18818893BB4F6B34C271151FCEB6) 5DE497F544D78911CBD1B96C7216F4D3 {
}
[1766136399.315][DEBUG]: DevTools WebSocket Response: Page.getFrameTree (id=204) (session_id=0AAA18818893BB4F6B34C271151FCEB6) 5DE497F544D78911CBD1B96C7216F4D3 {
   "frameTree": {
      "frame": {
         "adFrameStatus": {
            "adFrameType": "none"
         },
         "crossOriginIsolatedContextType": "NotIsolated",
         "domainAndRegistry": "scrape.center",
         "gatedAPIFeatures": [  ],
         "id": "5DE497F544D78911CBD1B96C7216F4D3",
         "loaderId": "5017C2A040EE4D9953D9F7C6D2E8BB92",
         "mimeType": "text/html",
         "secureContextType": "Secure",
         "securityOrigin": "https://spa1.scrape.center",
         "securityOriginDetails": {
            "isLocalhost": false
         },
         "url": "https://spa1.scrape.center/"
      }
   }
}
[1766136399.317][DEBUG]: DevTools WebSocket Command: Runtime.callFunctionOn (id=205) (session_id=0AAA18818893BB4F6B34C271151FCEB6) 5DE497F544D78911CBD1B96C7216F4D3 {
   "arguments": [ {
      "objectId": "1667652473473659487.1.53"
   } ],
   "awaitPromise": true,
   "functionDeclaration": "function(){ return (function() { // Copyright 2012 The Chromium Authors\n// Use of this source code is governed by a BSD-style license that can be\n// found in the LICENSE file.\n\n/**\n * Enum for WebD...",
   "objectGroup": "bfccf4b2-520e-4bef-bfe0-0fd99e9f0bdf",
   "serializationOptions": {
      "serialization": "deep"
   },
   "uniqueContextId": "-88754438306678378.-5366136884038128798"
}
[1766136399.319][DEBUG]: DevTools WebSocket Response: Runtime.callFunctionOn (id=205) (session_id=0AAA18818893BB4F6B34C271151FCEB6) 5DE497F544D78911CBD1B96C7216F4D3 {
   "result": {
      "className": "Array",
      "deepSerializedValue": {
         "type": "array",
         "value": [ {
            "type": "string",
            "value": "{\"status\":0,\"value\":{\"element-6066-11e4-a52e-4f735466cecf\":0}}"
         }, {
            "type": "node",
            "value": {
               "attributes": {
                  "class": "m-b-sm",
                  "data-v-1a647406": ""
               },
               "backendNodeId": 29,
               "childNodeCount": 1,
               "loaderId": "5017C2A040EE4D9953D9F7C6D2E8BB92",
               "localName": "h2",
               "namespaceURI": "http://www.w3.org/1999/xhtml",
               "nodeType": 1,
               "shadowRoot": null
            }
         } ]
      },
      "description": "Array(2)",
      "objectId": "1667652473473659487.1.54",
      "subtype": "array",
      "type": "object"
   }
}
[1766136399.319][DEBUG]: DevTools WebSocket Command: Runtime.releaseObjectGroup (id=206) (session_id=0AAA18818893BB4F6B34C271151FCEB6) 5DE497F544D78911CBD1B96C7216F4D3 {
   "objectGroup": "bfccf4b2-520e-4bef-bfe0-0fd99e9f0bdf"
}
[1766136399.319][INFO]: Waiting for pending navigations...
[1766136399.319][DEBUG]: DevTools WebSocket Command: Runtime.evaluate (id=207) (session_id=0AAA18818893BB4F6B34C271151FCEB6) 5DE497F544D78911CBD1B96C7216F4D3 {
   "expression": "1"
}
[1766136399.319][DEBUG]: DevTools WebSocket Response: Runtime.releaseObjectGroup (id=206) (session_id=0AAA18818893BB4F6B34C271151FCEB6) 5DE497F544D78911CBD1B96C7216F4D3 {
}
[1766136399.319][DEBUG]: DevTools WebSocket Response: Runtime.evaluate (id=207) (session_id=0AAA18818893BB4F6B34C271151FCEB6) 5DE497F544D78911CBD1B96C7216F4D3 {
   "result": {
      "description": "1",
      "type": "number",
      "value": 1
   }
}
[1766136399.319][INFO]: Done waiting for pending navigations. Status: ok
[1766136399.319][INFO]: [8cac16ba8b44337f2ba68d6c6e00a2d1] RESPONSE FindChildElement {
   "element-6066-11e4-a52e-4f735466cecf": "f.5DE497F544D78911CBD1B96C7216F4D3.d.5017C2A040EE4D9953D9F7C6D2E8BB92.e.29"
}
[1766136399.321][INFO]: [8cac16ba8b44337f2ba68d6c6e00a2d1] COMMAND GetElementText {
   "id": "f.5DE497F544D78911CBD1B96C7216F4D3.d.5017C2A040EE4D9953D9F7C6D2E8BB92.e.29"
}
[1766136399.321][INFO]: Waiting for pending navigations...
[1766136399.321][DEBUG]: DevTools WebSocket Command: Runtime.evaluate (id=208) (session_id=0AAA18818893BB4F6B34C271151FCEB6) 5DE497F544D78911CBD1B96C7216F4D3 {
   "expression": "1"
}
[1766136399.321][DEBUG]: DevTools WebSocket Response: Runtime.evaluate (id=208) (session_id=0AAA18818893BB4F6B34C271151FCEB6) 5DE497F544D78911CBD1B96C7216F4D3 {
   "result": {
      "description": "1",
      "type": "number",
      "value": 1
   }
}
[1766136399.321][INFO]: Done waiting for pending navigations. Status: ok
[1766136399.321][DEBUG]: DevTools WebSocket Command: Page.getFrameTree (id=209) (session_id=0AAA18818893BB4F6B34C271151FCEB6) 5DE497F544D78911CBD1B96C7216F4D3 {
}
[1766136399.322][DEBUG]: DevTools WebSocket Response: Page.getFrameTree (id=209) (session_id=0AAA18818893BB4F6B34C271151FCEB6) 5DE497F544D78911CBD1B96C7216F4D3 {
   "frameTree": {
      "frame": {
         "adFrameStatus": {
            "adFrameType": "none"
         },
         "crossOriginIsolatedContextType": "NotIsolated",
         "domainAndRegistry": "scrape.center",
         "gatedAPIFeatures": [  ],
         "id": "5DE497F544D78911CBD1B96C7216F4D3",
         "loaderId": "5017C2A040EE4D9953D9F7C6D2E8BB92",
         "mimeType": "text/html",
         "secureContextType": "Secure",
         "securityOrigin": "https://spa1.scrape.center",
         "securityOriginDetails": {
            "isLocalhost": false
         },
         "url": "https://spa1.scrape.center/"
      }
   }
}
[1766136399.322][DEBUG]: DevTools WebSocket Command: DOM.resolveNode (id=210) (session_id=0AAA18818893BB4F6B34C271151FCEB6) 5DE497F544D78911CBD1B96C7216F4D3 {
   "backendNodeId": 29,
   "objectGroup": "7d56cfc6-742b-48ae-afd5-063de27df64d"
}
[1766136399.322][DEBUG]: DevTools WebSocket Response: DOM.resolveNode (id=210) (session_id=0AAA18818893BB4F6B34C271151FCEB6) 5DE497F544D78911CBD1B96C7216F4D3 {
   "object": {
      "className": "HTMLHeadingElement",
      "description": "h2.m-b-sm",
      "objectId": "1667652473473659487.1.55",
      "subtype": "node",
      "type": "object"
   }
}
[1766136399.322][DEBUG]: DevTools WebSocket Command: Page.getFrameTree (id=211) (session_id=0AAA18818893BB4F6B34C271151FCEB6) 5DE497F544D78911CBD1B96C7216F4D3 {
}
[1766136399.323][DEBUG]: DevTools WebSocket Response: Page.getFrameTree (id=211) (session_id=0AAA18818893BB4F6B34C271151FCEB6) 5DE497F544D78911CBD1B96C7216F4D3 {
   "frameTree": {
      "frame": {
         "adFrameStatus": {
            "adFrameType": "none"
         },
         "crossOriginIsolatedContextType": "NotIsolated",
         "domainAndRegistry": "scrape.center",
         "gatedAPIFeatures": [  ],
         "id": "5DE497F544D78911CBD1B96C7216F4D3",
         "loaderId": "5017C2A040EE4D9953D9F7C6D2E8BB92",
         "mimeType": "text/html",
         "secureContextType": "Secure",
         "securityOrigin": "https://spa1.scrape.center",
         "securityOriginDetails": {
            "isLocalhost": false
         },
         "url": "https://spa1.scrape.center/"
      }
   }
}
[1766136399.324][DEBUG]: DevTools WebSocket Command: Runtime.callFunctionOn (id=212) (session_id=0AAA18818893BB4F6B34C271151FCEB6) 5DE497F544D78911CBD1B96C7216F4D3 {
   "arguments": [ {
      "objectId": "1667652473473659487.1.55"
   } ],
   "awaitPromise": true,
   "functionDeclaration": "function(){ return (function() { // Copyright 2012 The Chromium Authors\n// Use of this source code is governed by a BSD-style license that can be\n// found in the LICENSE file.\n\n/**\n * Enum for WebD...",
   "objectGroup": "7d56cfc6-742b-48ae-afd5-063de27df64d",
   "serializationOptions": {
      "serialization": "deep"
   },
   "uniqueContextId": "-88754438306678378.-5366136884038128798"
}
[1766136399.327][DEBUG]: DevTools WebSocket Response: Runtime.callFunctionOn (id=212) (session_id=0AAA18818893BB4F6B34C271151FCEB6) 5DE497F544D78911CBD1B96C7216F4D3 {
   "result": {
      "className": "Array",
      "deepSerializedValue": {
         "type": "array",
         "value": [ {
            "type": "string",
            "value": "{\"status\":0,\"value\":\"肖申克的救赎 - The Shawshank Redemption\"}"
         } ]
      },
      "description": "Array(1)",
      "objectId": "1667652473473659487.1.56",
      "subtype": "array",
      "type": "object"
   }
}
[1766136399.327][DEBUG]: DevTools WebSocket Command: Runtime.releaseObjectGroup (id=213) (session_id=0AAA18818893BB4F6B34C271151FCEB6) 5DE497F544D78911CBD1B96C7216F4D3 {
   "objectGroup": "7d56cfc6-742b-48ae-afd5-063de27df64d"
}
[1766136399.327][INFO]: Waiting for pending navigations...
[1766136399.327][DEBUG]: DevTools WebSocket Command: Runtime.evaluate (id=214) (session_id=0AAA18818893BB4F6B34C271151FCEB6) 5DE497F544D78911CBD1B96C7216F4D3 {
   "expression": "1"
}
[1766136399.327][DEBUG]: DevTools WebSocket Response: Runtime.releaseObjectGroup (id=213) (session_id=0AAA18818893BB4F6B34C271151FCEB6) 5DE497F544D78911CBD1B96C7216F4D3 {
}
[1766136399.327][DEBUG]: DevTools WebSocket Response: Runtime.evaluate (id=214) (session_id=0AAA18818893BB4F6B34C271151FCEB6) 5DE497F544D78911CBD1B96C7216F4D3 {
   "result": {
      "description": "1",
      "type": "number",
      "value": 1
   }
}
[1766136399.327][INFO]: Done waiting for pending navigations. Status: ok
[1766136399.327][INFO]: [8cac16ba8b44337f2ba68d6c6e00a2d1] RESPONSE GetElementText "肖申克的救赎 - The Shawshank Redemption"
[1766136399.328][INFO]: [8cac16ba8b44337f2ba68d6c6e00a2d1] COMMAND FindChildElement {
   "id": "f.5DE497F544D78911CBD1B96C7216F4D3.d.5017C2A040EE4D9953D9F7C6D2E8BB92.e.11",
   "using": "css selector",
   "value": "a[href*='/detail/']"
}
[1766136399.328][INFO]: Waiting for pending navigations...
[1766136399.328][DEBUG]: DevTools WebSocket Command: Runtime.evaluate (id=215) (session_id=0AAA18818893BB4F6B34C271151FCEB6) 5DE497F544D78911CBD1B96C7216F4D3 {
   "expression": "1"
}
[1766136399.329][DEBUG]: DevTools WebSocket Response: Runtime.evaluate (id=215) (session_id=0AAA18818893BB4F6B34C271151FCEB6) 5DE497F544D78911CBD1B96C7216F4D3 {
   "result": {
      "description": "1",
      "type": "number",
      "value": 1
   }
}
[1766136399.329][INFO]: Done waiting for pending navigations. Status: ok
[1766136399.329][DEBUG]: DevTools WebSocket Command: Page.getFrameTree (id=216) (session_id=0AAA18818893BB4F6B34C271151FCEB6) 5DE497F544D78911CBD1B96C7216F4D3 {
}
[1766136399.329][DEBUG]: DevTools WebSocket Response: Page.getFrameTree (id=216) (session_id=0AAA18818893BB4F6B34C271151FCEB6) 5DE497F544D78911CBD1B96C7216F4D3 {
   "frameTree": {
      "frame": {
         "adFrameStatus": {
            "adFrameType": "none"
         },
         "crossOriginIsolatedContextType": "NotIsolated",
         "domainAndRegistry": "scrape.center",
         "gatedAPIFeatures": [  ],
         "id": "5DE497F544D78911CBD1B96C7216F4D3",
         "loaderId": "5017C2A040EE4D9953D9F7C6D2E8BB92",
         "mimeType": "text/html",
         "secureContextType": "Secure",
         "securityOrigin": "https://spa1.scrape.center",
         "securityOriginDetails": {
            "isLocalhost": false
         },
         "url": "https://spa1.scrape.center/"
      }
   }
}
[1766136399.329][DEBUG]: DevTools WebSocket Command: DOM.resolveNode (id=217) (session_id=0AAA18818893BB4F6B34C271151FCEB6) 5DE497F544D78911CBD1B96C7216F4D3 {
   "backendNodeId": 11,
   "objectGroup": "be066fd1-39ae-455d-a441-42b420ed4b56"
}
[1766136399.330][DEBUG]: DevTools WebSocket Response: DOM.resolveNode (id=217) (session_id=0AAA18818893BB4F6B34C271151FCEB6) 5DE497F544D78911CBD1B96C7216F4D3 {
   "object": {
      "className": "HTMLDivElement",
      "description": "div.el-card__body",
      "objectId": "1667652473473659487.1.57",
      "subtype": "node",
      "type": "object"
   }
}
[1766136399.330][DEBUG]: DevTools WebSocket Command: Page.getFrameTree (id=218) (session_id=0AAA18818893BB4F6B34C271151FCEB6) 5DE497F544D78911CBD1B96C7216F4D3 {
}
[1766136399.330][DEBUG]: DevTools WebSocket Response: Page.getFrameTree (id=218) (session_id=0AAA18818893BB4F6B34C271151FCEB6) 5DE497F544D78911CBD1B96C7216F4D3 {
   "frameTree": {
      "frame": {
         "adFrameStatus": {
            "adFrameType": "none"
         },
         "crossOriginIsolatedContextType": "NotIsolated",
         "domainAndRegistry": "scrape.center",
         "gatedAPIFeatures": [  ],
         "id": "5DE497F544D78911CBD1B96C7216F4D3",
         "loaderId": "5017C2A040EE4D9953D9F7C6D2E8BB92",
         "mimeType": "text/html",
         "secureContextType": "Secure",
         "securityOrigin": "https://spa1.scrape.center",
         "securityOriginDetails": {
            "isLocalhost": false
         },
         "url": "https://spa1.scrape.center/"
      }
   }
}
[1766136399.331][DEBUG]: DevTools WebSocket Command: Runtime.callFunctionOn (id=219) (session_id=0AAA18818893BB4F6B34C271151FCEB6) 5DE497F544D78911CBD1B96C7216F4D3 {
   "arguments": [ {
      "objectId": "1667652473473659487.1.57"
   } ],
   "awaitPromise": true,
   "functionDeclaration": "function(){ return (function() { // Copyright 2012 The Chromium Authors\n// Use of this source code is governed by a BSD-style license that can be\n// found in the LICENSE file.\n\n/**\n * Enum for WebD...",
   "objectGroup": "be066fd1-39ae-455d-a441-42b420ed4b56",
   "serializationOptions": {
      "serialization": "deep"
   },
   "uniqueContextId": "-88754438306678378.-5366136884038128798"
}
[1766136399.334][DEBUG]: DevTools WebSocket Response: Runtime.callFunctionOn (id=219) (session_id=0AAA18818893BB4F6B34C271151FCEB6) 5DE497F544D78911CBD1B96C7216F4D3 {
   "result": {
      "className": "Array",
      "deepSerializedValue": {
         "type": "array",
         "value": [ {
            "type": "string",
            "value": "{\"status\":0,\"value\":{\"element-6066-11e4-a52e-4f735466cecf\":0}}"
         }, {
            "type": "node",
            "value": {
               "attributes": {
                  "class": "",
                  "data-v-1a647406": "",
                  "href": "/detail/3"
               },
               "backendNodeId": 30,
               "childNodeCount": 1,
               "loaderId": "5017C2A040EE4D9953D9F7C6D2E8BB92",
               "localName": "a",
               "namespaceURI": "http://www.w3.org/1999/xhtml",
               "nodeType": 1,
               "shadowRoot": null
            }
         } ]
      },
      "description": "Array(2)",
      "objectId": "1667652473473659487.1.58",
      "subtype": "array",
      "type": "object"
   }
}
[1766136399.334][DEBUG]: DevTools WebSocket Command: Runtime.releaseObjectGroup (id=220) (session_id=0AAA18818893BB4F6B34C271151FCEB6) 5DE497F544D78911CBD1B96C7216F4D3 {
   "objectGroup": "be066fd1-39ae-455d-a441-42b420ed4b56"
}
[1766136399.334][INFO]: Waiting for pending navigations...
[1766136399.334][DEBUG]: DevTools WebSocket Command: Runtime.evaluate (id=221) (session_id=0AAA18818893BB4F6B34C271151FCEB6) 5DE497F544D78911CBD1B96C7216F4D3 {
   "expression": "1"
}
[1766136399.334][DEBUG]: DevTools WebSocket Response: Runtime.releaseObjectGroup (id=220) (session_id=0AAA18818893BB4F6B34C271151FCEB6) 5DE497F544D78911CBD1B96C7216F4D3 {
}
[1766136399.335][DEBUG]: DevTools WebSocket Response: Runtime.evaluate (id=221) (session_id=0AAA18818893BB4F6B34C271151FCEB6) 5DE497F544D78911CBD1B96C7216F4D3 {
   "result": {
      "description": "1",
      "type": "number",
      "value": 1
   }
}
[1766136399.335][INFO]: Done waiting for pending navigations. Status: ok
[1766136399.335][INFO]: [8cac16ba8b44337f2ba68d6c6e00a2d1] RESPONSE FindChildElement {
   "element-6066-11e4-a52e-4f735466cecf": "f.5DE497F544D78911CBD1B96C7216F4D3.d.5017C2A040EE4D9953D9F7C6D2E8BB92.e.30"
}
[1766136399.336][INFO]: [8cac16ba8b44337f2ba68d6c6e00a2d1] COMMAND ExecuteScript {
   "args": [ {
      "element-6066-11e4-a52e-4f735466cecf": "f.5DE497F544D78911CBD1B96C7216F4D3.d.5017C2A040EE4D9953D9F7C6D2E8BB92.e.30"
   }, "href" ],
   "script": "/* getAttribute */return (function(){return (function(){var d=this||self;function f(a,b){function c(){}c.prototype=b.prototype;a.prototype=new c;a.prototype.constructor=a};var h=Array.prototype.indexOf?function(a,b){return Array.prototype.indexOf.call(a,b,void 0)}:function(a,b){if(\"string\"===typeof a)return\"string\"!==typeof b||1!=b.length?-1:a.indexOf(b,0);for(var c=0;c\u003Ca.length;c++)if(c in a&&a[c]===b)return c;return-1},k=Array.prototype.forEach?function(a,b){Array.prototype.forEach.call(a,b,void 0)}:function(a,b){for(var c=a.length,e=\"string\"===typeof a?a.split(\"\"):a,g=0;g\u003Cc;g++)g in e&&b.call(void 0,e[g],g,a)};function l(a,b){this.code=a;this.a=m[a]||n;this.message=b||\"\";a=this.a.replace(/((?:^|\\s+)[a-z])/g,function(c){return c.toUpperCase().replace(/^[\\s\\xa0]+/g,\"\")});b=a.length-5;if(0>b||a.indexOf(\"Error\",b)!=b)a+=\"Error\";this.name=a;a=Error(this.message);a.name=this.name;this.stack=a.stack||\"\"}f(l,Error);var n=\"unknown error\",m={15:\"element not selectable\",11:\"element not visible\"};m[31]=n;m[30]=n;m[24]=\"invalid cookie domain\";m[29]=\"invalid element coordinates\";m[12]=\"invalid element state\";m[32]=\"invalid selector\";\nm[51]=\"invalid selector\";m[52]=\"invalid selector\";m[17]=\"javascript error\";m[405]=\"unsupported operation\";m[34]=\"move target out of bounds\";m[27]=\"no such alert\";m[7]=\"no such element\";m[8]=\"no such frame\";m[23]=\"no such window\";m[28]=\"script timeout\";m[33]=\"session not created\";m[10]=\"stale element reference\";m[21]=\"timeout\";m[25]=\"unable to set cookie\";m[26]=\"unexpected alert open\";m[13]=n;m[9]=\"unknown command\";var p;a:{var q=d.navigator;if(q){var r=q.userAgent;if(r){p=r;break a}}p=\"\"}function t(a){return-1!=p.indexOf(a)};function u(){return t(\"Firefox\")||t(\"FxiOS\")}function v(){return(t(\"Chrome\")||t(\"CriOS\"))&&!t(\"Edge\")};function w(){return t(\"iPhone\")&&!t(\"iPod\")&&!t(\"iPad\")};var y=t(\"Opera\"),z=t(\"Trident\")||t(\"MSIE\"),A=t(\"Edge\"),B=t(\"Gecko\")&&!(-1!=p.toLowerCase().indexOf(\"webkit\")&&!t(\"Edge\"))&&!(t(\"Trident\")||t(\"MSIE\"))&&!t(\"Edge\"),C=-1!=p.toLowerCase().indexOf(\"webkit\")&&!t(\"Edge\");function D(){var a=d.document;return a?a.documentMode:void 0}var E;\na:{var F=\"\",G=function(){var a=p;if(B)return/rv:([^\\);]+)(\\)|;)/.exec(a);if(A)return/Edge\\/([\\d\\.]+)/.exec(a);if(z)return/\\b(?:MSIE|rv)[: ]([^\\);]+)(\\)|;)/.exec(a);if(C)return/WebKit\\/(\\S+)/.exec(a);if(y)return/(?:Version)[ \\/]?(\\S+)/.exec(a)}();G&&(F=G?G[1]:\"\");if(z){var H=D();if(null!=H&&H>parseFloat(F)){E=String(H);break a}}E=F}var I;I=d.document&&z?D():void 0;var J=u(),K=w()||t(\"iPod\"),L=t(\"iPad\"),M=t(\"Android\")&&!(v()||u()||t(\"Opera\")||t(\"Silk\")),N=v(),aa=t(\"Safari\")&&!(v()||t(\"Coast\")||t(\"Opera\")||t(\"Edge\")||t(\"Edg/\")||t(\"OPR\")||u()||t(\"Silk\")||t(\"Android\"))&&!(w()||t(\"iPad\")||t(\"iPod\"));function O(a){return(a=a.exec(p))?a[1]:\"\"}(function(){if(J)return O(/Firefox\\/([0-9.]+)/);if(z||A||y)return E;if(N)return w()||t(\"iPad\")||t(\"iPod\")?O(/CriOS\\/([0-9.]+)/):O(/Chrome\\/([0-9.]+)/);if(aa&&!(w()||t(\"iPad\")||t(\"iPod\")))return O(/Version\\/([0-9.]+)/);if(K||L){var a=/Version\\/(\\S+).*Mobile\\/(\\S+)/.exec(p);if(a)return a[1]+\".\"+a[2]}else if(M)return(a=O(/Android\\s+([0-9.]+)/))?a:O(/Version\\/([0-9.]+)/);return\"\"})();var P=z&&!(8\u003C=Number(I)),ba=z&&!(9\u003C=Number(I));var ca={SCRIPT:1,STYLE:1,HEAD:1,IFRAME:1,OBJECT:1},Q={IMG:\" \",BR:\"\\n\"};function R(a,b,c){if(!(a.nodeName in ca))if(3==a.nodeType)c?b.push(String(a.nodeValue).replace(/(\\r\\n|\\r|\\n)/g,\"\")):b.push(a.nodeValue);else if(a.nodeName in Q)b.push(Q[a.nodeName]);else for(a=a.firstChild;a;)R(a,b,c),a=a.nextSibling};function S(a,b){b=b.toLowerCase();return\"style\"==b?da(a.style.cssText):P&&\"value\"==b&&T(a,\"INPUT\")?a.value:ba&&!0===a[b]?String(a.getAttribute(b)):(a=a.getAttributeNode(b))&&a.specified?a.value:null}var ea=/[;]+(?=(?:(?:[^\"]*\"){2})*[^\"]*$)(?=(?:(?:[^']*'){2})*[^']*$)(?=(?:[^()]*\\([^()]*\\))*[^()]*$)/;\nfunction da(a){var b=[];k(a.split(ea),function(c){var e=c.indexOf(\":\");0\u003Ce&&(c=[c.slice(0,e),c.slice(e+1)],2==c.length&&b.push(c[0].toLowerCase(),\":\",c[1],\";\"))});b=b.join(\"\");return b=\";\"==b.charAt(b.length-1)?b:b+\";\"}function U(a,b){P&&\"value\"==b&&T(a,\"OPTION\")&&null===S(a,\"value\")?(b=[],R(a,b,!1),a=b.join(\"\")):a=a[b];return a}\nfunction T(a,b){b&&\"string\"!==typeof b&&(b=b.toString());return a instanceof HTMLFormElement?!!a&&1==a.nodeType&&(!b||\"FORM\"==b):!!a&&1==a.nodeType&&(!b||a.tagName.toUpperCase()==b)}function V(a){return T(a,\"OPTION\")?!0:T(a,\"INPUT\")?(a=a.type.toLowerCase(),\"checkbox\"==a||\"radio\"==a):!1};var fa={\"class\":\"className\",readonly:\"readOnly\"},ha=\"allowfullscreen allowpaymentrequest allowusermedia async autofocus autoplay checked compact complete controls declare default defaultchecked defaultselected defer disabled ended formnovalidate hidden indeterminate iscontenteditable ismap itemscope loop multiple muted nohref nomodule noresize noshade novalidate nowrap open paused playsinline pubdate readonly required reversed scoped seamless seeking selected truespeed typemustmatch willvalidate\".split(\" \");function W(a,b){var c=null,e=b.toLowerCase();if(\"style\"==e)return(c=a.style)&&\"string\"!=typeof c&&(c=c.cssText),c;if((\"selected\"==e||\"checked\"==e)&&V(a)){if(!V(a))throw new l(15,\"Element is not selectable\");b=\"selected\";c=a.type&&a.type.toLowerCase();if(\"checkbox\"==c||\"radio\"==c)b=\"checked\";return U(a,b)?\"true\":null}var g=T(a,\"A\");if(T(a,\"IMG\")&&\"src\"==e||g&&\"href\"==e)return(c=S(a,e))&&(c=U(a,e)),c;if(\"spellcheck\"==e){c=S(a,e);if(null!==c){if(\"false\"==c.toLowerCase())return\"false\";if(\"true\"==c.toLowerCase())return\"true\"}return U(a,\ne)+\"\"}g=fa[b]||b;if(0\u003C=h(ha,e))return(c=null!==S(a,b)||U(a,g))?\"true\":null;try{var x=U(a,g)}catch(ia){}(e=null==x)||(e=typeof x,e=\"object\"==e&&null!=x||\"function\"==e);e?c=S(a,b):c=x;return null!=c?c.toString():null}var X=[\"se_exportedFunctionSymbol\"],Y=d;X[0]in Y||\"undefined\"==typeof Y.execScript||Y.execScript(\"var \"+X[0]);for(var Z;X.length&&(Z=X.shift());)X.length||void 0===W?Y[Z]&&Y[Z]!==Object.prototype[Z]?Y=Y[Z]:Y=Y[Z]={}:Y[Z]=W;; return this.se_exportedFunctionSymbol.apply(null,arguments);}).apply(window, arguments);}\n).apply(null, arguments);"
}
[1766136399.336][INFO]: Waiting for pending navigations...
[1766136399.336][DEBUG]: DevTools WebSocket Command: Runtime.evaluate (id=222) (session_id=0AAA18818893BB4F6B34C271151FCEB6) 5DE497F544D78911CBD1B96C7216F4D3 {
   "expression": "1"
}
[1766136399.336][DEBUG]: DevTools WebSocket Response: Runtime.evaluate (id=222) (session_id=0AAA18818893BB4F6B34C271151FCEB6) 5DE497F544D78911CBD1B96C7216F4D3 {
   "result": {
      "description": "1",
      "type": "number",
      "value": 1
   }
}
[1766136399.336][INFO]: Done waiting for pending navigations. Status: ok
[1766136399.336][DEBUG]: DevTools WebSocket Command: Page.getFrameTree (id=223) (session_id=0AAA18818893BB4F6B34C271151FCEB6) 5DE497F544D78911CBD1B96C7216F4D3 {
}
[1766136399.337][DEBUG]: DevTools WebSocket Response: Page.getFrameTree (id=223) (session_id=0AAA18818893BB4F6B34C271151FCEB6) 5DE497F544D78911CBD1B96C7216F4D3 {
   "frameTree": {
      "frame": {
         "adFrameStatus": {
            "adFrameType": "none"
         },
         "crossOriginIsolatedContextType": "NotIsolated",
         "domainAndRegistry": "scrape.center",
         "gatedAPIFeatures": [  ],
         "id": "5DE497F544D78911CBD1B96C7216F4D3",
         "loaderId": "5017C2A040EE4D9953D9F7C6D2E8BB92",
         "mimeType": "text/html",
         "secureContextType": "Secure",
         "securityOrigin": "https://spa1.scrape.center",
         "securityOriginDetails": {
            "isLocalhost": false
         },
         "url": "https://spa1.scrape.center/"
      }
   }
}
[1766136399.337][DEBUG]: DevTools WebSocket Command: DOM.resolveNode (id=224) (session_id=0AAA18818893BB4F6B34C271151FCEB6) 5DE497F544D78911CBD1B96C7216F4D3 {
   "backendNodeId": 30,
   "objectGroup": "1d9d1093-fde1-473a-ad6f-f11d4be38e01"
}
[1766136399.337][DEBUG]: DevTools WebSocket Response: DOM.resolveNode (id=224) (session_id=0AAA18818893BB4F6B34C271151FCEB6) 5DE497F544D78911CBD1B96C7216F4D3 {
   "object": {
      "className": "HTMLAnchorElement",
      "description": "a",
      "objectId": "1667652473473659487.1.59",
      "subtype": "node",
      "type": "object"
   }
}
[1766136399.337][DEBUG]: DevTools WebSocket Command: Page.getFrameTree (id=225) (session_id=0AAA18818893BB4F6B34C271151FCEB6) 5DE497F544D78911CBD1B96C7216F4D3 {
}
[1766136399.337][DEBUG]: DevTools WebSocket Response: Page.getFrameTree (id=225) (session_id=0AAA18818893BB4F6B34C271151FCEB6) 5DE497F544D78911CBD1B96C7216F4D3 {
   "frameTree": {
      "frame": {
         "adFrameStatus": {
            "adFrameType": "none"
         },
         "crossOriginIsolatedContextType": "NotIsolated",
         "domainAndRegistry": "scrape.center",
         "gatedAPIFeatures": [  ],
         "id": "5DE497F544D78911CBD1B96C7216F4D3",
         "loaderId": "5017C2A040EE4D9953D9F7C6D2E8BB92",
         "mimeType": "text/html",
         "secureContextType": "Secure",
         "securityOrigin": "https://spa1.scrape.center",
         "securityOriginDetails": {
            "isLocalhost": false
         },
         "url": "https://spa1.scrape.center/"
      }
   }
}
[1766136399.338][DEBUG]: DevTools WebSocket Command: Runtime.callFunctionOn (id=226) (session_id=0AAA18818893BB4F6B34C271151FCEB6) 5DE497F544D78911CBD1B96C7216F4D3 {
   "arguments": [ {
      "objectId": "1667652473473659487.1.59"
   } ],
   "awaitPromise": true,
   "functionDeclaration": "function(){ return (function() { // Copyright 2012 The Chromium Authors\n// Use of this source code is governed by a BSD-style license that can be\n// found in the LICENSE file.\n\n/**\n * Enum for WebD...",
   "objectGroup": "1d9d1093-fde1-473a-ad6f-f11d4be38e01",
   "serializationOptions": {
      "serialization": "deep"
   },
   "uniqueContextId": "-88754438306678378.-5366136884038128798"
}
[1766136399.339][DEBUG]: DevTools WebSocket Response: Runtime.callFunctionOn (id=226) (session_id=0AAA18818893BB4F6B34C271151FCEB6) 5DE497F544D78911CBD1B96C7216F4D3 {
   "result": {
      "className": "Array",
      "deepSerializedValue": {
         "type": "array",
         "value": [ {
            "type": "string",
            "value": "{\"status\":0,\"value\":\"https://spa1.scrape.center/detail/3\"}"
         } ]
      },
      "description": "Array(1)",
      "objectId": "1667652473473659487.1.60",
      "subtype": "array",
      "type": "object"
   }
}
[1766136399.339][DEBUG]: DevTools WebSocket Command: Runtime.releaseObjectGroup (id=227) (session_id=0AAA18818893BB4F6B34C271151FCEB6) 5DE497F544D78911CBD1B96C7216F4D3 {
   "objectGroup": "1d9d1093-fde1-473a-ad6f-f11d4be38e01"
}
[1766136399.339][INFO]: Waiting for pending navigations...
[1766136399.339][DEBUG]: DevTools WebSocket Command: Runtime.evaluate (id=228) (session_id=0AAA18818893BB4F6B34C271151FCEB6) 5DE497F544D78911CBD1B96C7216F4D3 {
   "expression": "1"
}
[1766136399.339][DEBUG]: DevTools WebSocket Response: Runtime.releaseObjectGroup (id=227) (session_id=0AAA18818893BB4F6B34C271151FCEB6) 5DE497F544D78911CBD1B96C7216F4D3 {
}
[1766136399.339][DEBUG]: DevTools WebSocket Response: Runtime.evaluate (id=228) (session_id=0AAA18818893BB4F6B34C271151FCEB6) 5DE497F544D78911CBD1B96C7216F4D3 {
   "result": {
      "description": "1",
      "type": "number",
      "value": 1
   }
}
[1766136399.339][INFO]: Done waiting for pending navigations. Status: ok
[1766136399.339][INFO]: [8cac16ba8b44337f2ba68d6c6e00a2d1] RESPONSE ExecuteScript "https://spa1.scrape.center/detail/3"
[1766136399.341][INFO]: [8cac16ba8b44337f2ba68d6c6e00a2d1] COMMAND FindChildElements {
   "id": "f.5DE497F544D78911CBD1B96C7216F4D3.d.5017C2A040EE4D9953D9F7C6D2E8BB92.e.11",
   "using": "css selector",
   "value": ".m-v-sm"
}
[1766136399.341][INFO]: Waiting for pending navigations...
[1766136399.341][DEBUG]: DevTools WebSocket Command: Runtime.evaluate (id=229) (session_id=0AAA18818893BB4F6B34C271151FCEB6) 5DE497F544D78911CBD1B96C7216F4D3 {
   "expression": "1"
}
[1766136399.341][DEBUG]: DevTools WebSocket Response: Runtime.evaluate (id=229) (session_id=0AAA18818893BB4F6B34C271151FCEB6) 5DE497F544D78911CBD1B96C7216F4D3 {
   "result": {
      "description": "1",
      "type": "number",
      "value": 1
   }
}
[1766136399.341][INFO]: Done waiting for pending navigations. Status: ok
[1766136399.342][DEBUG]: DevTools WebSocket Command: Page.getFrameTree (id=230) (session_id=0AAA18818893BB4F6B34C271151FCEB6) 5DE497F544D78911CBD1B96C7216F4D3 {
}
[1766136399.342][DEBUG]: DevTools WebSocket Response: Page.getFrameTree (id=230) (session_id=0AAA18818893BB4F6B34C271151FCEB6) 5DE497F544D78911CBD1B96C7216F4D3 {
   "frameTree": {
      "frame": {
         "adFrameStatus": {
            "adFrameType": "none"
         },
         "crossOriginIsolatedContextType": "NotIsolated",
         "domainAndRegistry": "scrape.center",
         "gatedAPIFeatures": [  ],
         "id": "5DE497F544D78911CBD1B96C7216F4D3",
         "loaderId": "5017C2A040EE4D9953D9F7C6D2E8BB92",
         "mimeType": "text/html",
         "secureContextType": "Secure",
         "securityOrigin": "https://spa1.scrape.center",
         "securityOriginDetails": {
            "isLocalhost": false
         },
         "url": "https://spa1.scrape.center/"
      }
   }
}
[1766136399.342][DEBUG]: DevTools WebSocket Command: DOM.resolveNode (id=231) (session_id=0AAA18818893BB4F6B34C271151FCEB6) 5DE497F544D78911CBD1B96C7216F4D3 {
   "backendNodeId": 11,
   "objectGroup": "a7dfd1a7-cc12-4ec9-8ff9-ceb4f2ce5e6b"
}
[1766136399.342][DEBUG]: DevTools WebSocket Response: DOM.resolveNode (id=231) (session_id=0AAA18818893BB4F6B34C271151FCEB6) 5DE497F544D78911CBD1B96C7216F4D3 {
   "object": {
      "className": "HTMLDivElement",
      "description": "div.el-card__body",
      "objectId": "1667652473473659487.1.61",
      "subtype": "node",
      "type": "object"
   }
}
[1766136399.342][DEBUG]: DevTools WebSocket Command: Page.getFrameTree (id=232) (session_id=0AAA18818893BB4F6B34C271151FCEB6) 5DE497F544D78911CBD1B96C7216F4D3 {
}
[1766136399.343][DEBUG]: DevTools WebSocket Response: Page.getFrameTree (id=232) (session_id=0AAA18818893BB4F6B34C271151FCEB6) 5DE497F544D78911CBD1B96C7216F4D3 {
   "frameTree": {
      "frame": {
         "adFrameStatus": {
            "adFrameType": "none"
         },
         "crossOriginIsolatedContextType": "NotIsolated",
         "domainAndRegistry": "scrape.center",
         "gatedAPIFeatures": [  ],
         "id": "5DE497F544D78911CBD1B96C7216F4D3",
         "loaderId": "5017C2A040EE4D9953D9F7C6D2E8BB92",
         "mimeType": "text/html",
         "secureContextType": "Secure",
         "securityOrigin": "https://spa1.scrape.center",
         "securityOriginDetails": {
            "isLocalhost": false
         },
         "url": "https://spa1.scrape.center/"
      }
   }
}
[1766136399.345][DEBUG]: DevTools WebSocket Command: Runtime.callFunctionOn (id=233) (session_id=0AAA18818893BB4F6B34C271151FCEB6) 5DE497F544D78911CBD1B96C7216F4D3 {
   "arguments": [ {
      "objectId": "1667652473473659487.1.61"
   } ],
   "awaitPromise": true,
   "functionDeclaration": "function(){ return (function() { // Copyright 2012 The Chromium Authors\n// Use of this source code is governed by a BSD-style license that can be\n// found in the LICENSE file.\n\n/**\n * Enum for WebD...",
   "objectGroup": "a7dfd1a7-cc12-4ec9-8ff9-ceb4f2ce5e6b",
   "serializationOptions": {
      "serialization": "deep"
   },
   "uniqueContextId": "-88754438306678378.-5366136884038128798"
}
[1766136399.348][DEBUG]: DevTools WebSocket Response: Runtime.callFunctionOn (id=233) (session_id=0AAA18818893BB4F6B34C271151FCEB6) 5DE497F544D78911CBD1B96C7216F4D3 {
   "result": {
      "className": "Array",
      "deepSerializedValue": {
         "type": "array",
         "value": [ {
            "type": "string",
            "value": "{\"status\":0,\"value\":[{\"element-6066-11e4-a52e-4f735466cecf\":0},{\"element-6066-11e4-a52e-4f735466cecf\":1}]}"
         }, {
            "type": "node",
            "value": {
               "attributes": {
                  "class": "m-v-sm info",
                  "data-v-1a647406": ""
               },
               "backendNodeId": 31,
               "childNodeCount": 3,
               "loaderId": "5017C2A040EE4D9953D9F7C6D2E8BB92",
               "localName": "div",
               "namespaceURI": "http://www.w3.org/1999/xhtml",
               "nodeType": 1,
               "shadowRoot": null
            }
         }, {
            "type": "node",
            "value": {
               "attributes": {
                  "class": "m-v-sm info",
                  "data-v-1a647406": ""
               },
               "backendNodeId": 32,
               "childNodeCount": 1,
               "loaderId": "5017C2A040EE4D9953D9F7C6D2E8BB92",
               "localName": "div",
               "namespaceURI": "http://www.w3.org/1999/xhtml",
               "nodeType": 1,
               "shadowRoot": null
            }
         } ]
      },
      "description": "Array(3)",
      "objectId": "1667652473473659487.1.62",
      "subtype": "array",
      "type": "object"
   }
}
[1766136399.348][DEBUG]: DevTools WebSocket Command: Runtime.releaseObjectGroup (id=234) (session_id=0AAA18818893BB4F6B34C271151FCEB6) 5DE497F544D78911CBD1B96C7216F4D3 {
   "objectGroup": "a7dfd1a7-cc12-4ec9-8ff9-ceb4f2ce5e6b"
}
[1766136399.348][INFO]: Waiting for pending navigations...
[1766136399.348][DEBUG]: DevTools WebSocket Command: Runtime.evaluate (id=235) (session_id=0AAA18818893BB4F6B34C271151FCEB6) 5DE497F544D78911CBD1B96C7216F4D3 {
   "expression": "1"
}
[1766136399.348][DEBUG]: DevTools WebSocket Response: Runtime.releaseObjectGroup (id=234) (session_id=0AAA18818893BB4F6B34C271151FCEB6) 5DE497F544D78911CBD1B96C7216F4D3 {
}
[1766136399.348][DEBUG]: DevTools WebSocket Response: Runtime.evaluate (id=235) (session_id=0AAA18818893BB4F6B34C271151FCEB6) 5DE497F544D78911CBD1B96C7216F4D3 {
   "result": {
      "description": "1",
      "type": "number",
      "value": 1
   }
}
[1766136399.348][INFO]: Done waiting for pending navigations. Status: ok
[1766136399.348][INFO]: [8cac16ba8b44337f2ba68d6c6e00a2d1] RESPONSE FindChildElements [ {
   "element-6066-11e4-a52e-4f735466cecf": "f.5DE497F544D78911CBD1B96C7216F4D3.d.5017C2A040EE4D9953D9F7C6D2E8BB92.e.31"
}, {
   "element-6066-11e4-a52e-4f735466cecf": "f.5DE497F544D78911CBD1B96C7216F4D3.d.5017C2A040EE4D9953D9F7C6D2E8BB92.e.32"
} ]
[1766136399.349][INFO]: [8cac16ba8b44337f2ba68d6c6e00a2d1] COMMAND GetElementText {
   "id": "f.5DE497F544D78911CBD1B96C7216F4D3.d.5017C2A040EE4D9953D9F7C6D2E8BB92.e.31"
}
[1766136399.349][INFO]: Waiting for pending navigations...
[1766136399.349][DEBUG]: DevTools WebSocket Command: Runtime.evaluate (id=236) (session_id=0AAA18818893BB4F6B34C271151FCEB6) 5DE497F544D78911CBD1B96C7216F4D3 {
   "expression": "1"
}
[1766136399.350][DEBUG]: DevTools WebSocket Response: Runtime.evaluate (id=236) (session_id=0AAA18818893BB4F6B34C271151FCEB6) 5DE497F544D78911CBD1B96C7216F4D3 {
   "result": {
      "description": "1",
      "type": "number",
      "value": 1
   }
}
[1766136399.350][INFO]: Done waiting for pending navigations. Status: ok
[1766136399.350][DEBUG]: DevTools WebSocket Command: Page.getFrameTree (id=237) (session_id=0AAA18818893BB4F6B34C271151FCEB6) 5DE497F544D78911CBD1B96C7216F4D3 {
}
[1766136399.350][DEBUG]: DevTools WebSocket Response: Page.getFrameTree (id=237) (session_id=0AAA18818893BB4F6B34C271151FCEB6) 5DE497F544D78911CBD1B96C7216F4D3 {
   "frameTree": {
      "frame": {
         "adFrameStatus": {
            "adFrameType": "none"
         },
         "crossOriginIsolatedContextType": "NotIsolated",
         "domainAndRegistry": "scrape.center",
         "gatedAPIFeatures": [  ],
         "id": "5DE497F544D78911CBD1B96C7216F4D3",
         "loaderId": "5017C2A040EE4D9953D9F7C6D2E8BB92",
         "mimeType": "text/html",
         "secureContextType": "Secure",
         "securityOrigin": "https://spa1.scrape.center",
         "securityOriginDetails": {
            "isLocalhost": false
         },
         "url": "https://spa1.scrape.center/"
      }
   }
}
[1766136399.350][DEBUG]: DevTools WebSocket Command: DOM.resolveNode (id=238) (session_id=0AAA18818893BB4F6B34C271151FCEB6) 5DE497F544D78911CBD1B96C7216F4D3 {
   "backendNodeId": 31,
   "objectGroup": "86e28913-4a40-44e8-ade6-cd45e64ceae7"
}
[1766136399.351][DEBUG]: DevTools WebSocket Response: DOM.resolveNode (id=238) (session_id=0AAA18818893BB4F6B34C271151FCEB6) 5DE497F544D78911CBD1B96C7216F4D3 {
   "object": {
      "className": "HTMLDivElement",
      "description": "div.m-v-sm.info",
      "objectId": "1667652473473659487.1.63",
      "subtype": "node",
      "type": "object"
   }
}
[1766136399.351][DEBUG]: DevTools WebSocket Command: Page.getFrameTree (id=239) (session_id=0AAA18818893BB4F6B34C271151FCEB6) 5DE497F544D78911CBD1B96C7216F4D3 {
}
[1766136399.351][DEBUG]: DevTools WebSocket Response: Page.getFrameTree (id=239) (session_id=0AAA18818893BB4F6B34C271151FCEB6) 5DE497F544D78911CBD1B96C7216F4D3 {
   "frameTree": {
      "frame": {
         "adFrameStatus": {
            "adFrameType": "none"
         },
         "crossOriginIsolatedContextType": "NotIsolated",
         "domainAndRegistry": "scrape.center",
         "gatedAPIFeatures": [  ],
         "id": "5DE497F544D78911CBD1B96C7216F4D3",
         "loaderId": "5017C2A040EE4D9953D9F7C6D2E8BB92",
         "mimeType": "text/html",
         "secureContextType": "Secure",
         "securityOrigin": "https://spa1.scrape.center",
         "securityOriginDetails": {
            "isLocalhost": false
         },
         "url": "https://spa1.scrape.center/"
      }
   }
}
[1766136399.352][DEBUG]: DevTools WebSocket Command: Runtime.callFunctionOn (id=240) (session_id=0AAA18818893BB4F6B34C271151FCEB6) 5DE497F544D78911CBD1B96C7216F4D3 {
   "arguments": [ {
      "objectId": "1667652473473659487.1.63"
   } ],
   "awaitPromise": true,
   "functionDeclaration": "function(){ return (function() { // Copyright 2012 The Chromium Authors\n// Use of this source code is governed by a BSD-style license that can be\n// found in the LICENSE file.\n\n/**\n * Enum for WebD...",
   "objectGroup": "86e28913-4a40-44e8-ade6-cd45e64ceae7",
   "serializationOptions": {
      "serialization": "deep"
   },
   "uniqueContextId": "-88754438306678378.-5366136884038128798"
}
[1766136399.355][DEBUG]: DevTools WebSocket Response: Runtime.callFunctionOn (id=240) (session_id=0AAA18818893BB4F6B34C271151FCEB6) 5DE497F544D78911CBD1B96C7216F4D3 {
   "result": {
      "className": "Array",
      "deepSerializedValue": {
         "type": "array",
         "value": [ {
            "type": "string",
            "value": "{\"status\":0,\"value\":\"美国 / 142 分钟\"}"
         } ]
      },
      "description": "Array(1)",
      "objectId": "1667652473473659487.1.64",
      "subtype": "array",
      "type": "object"
   }
}
[1766136399.355][DEBUG]: DevTools WebSocket Command: Runtime.releaseObjectGroup (id=241) (session_id=0AAA18818893BB4F6B34C271151FCEB6) 5DE497F544D78911CBD1B96C7216F4D3 {
   "objectGroup": "86e28913-4a40-44e8-ade6-cd45e64ceae7"
}
[1766136399.356][INFO]: Waiting for pending navigations...
[1766136399.356][DEBUG]: DevTools WebSocket Command: Runtime.evaluate (id=242) (session_id=0AAA18818893BB4F6B34C271151FCEB6) 5DE497F544D78911CBD1B96C7216F4D3 {
   "expression": "1"
}
[1766136399.356][DEBUG]: DevTools WebSocket Response: Runtime.releaseObjectGroup (id=241) (session_id=0AAA18818893BB4F6B34C271151FCEB6) 5DE497F544D78911CBD1B96C7216F4D3 {
}
[1766136399.356][DEBUG]: DevTools WebSocket Response: Runtime.evaluate (id=242) (session_id=0AAA18818893BB4F6B34C271151FCEB6) 5DE497F544D78911CBD1B96C7216F4D3 {
   "result": {
      "description": "1",
      "type": "number",
      "value": 1
   }
}
[1766136399.356][INFO]: Done waiting for pending navigations. Status: ok
[1766136399.356][INFO]: [8cac16ba8b44337f2ba68d6c6e00a2d1] RESPONSE GetElementText "美国 / 142 分钟"
[1766136399.358][INFO]: [8cac16ba8b44337f2ba68d6c6e00a2d1] COMMAND FindChildElements {
   "id": "f.5DE497F544D78911CBD1B96C7216F4D3.d.5017C2A040EE4D9953D9F7C6D2E8BB92.e.11",
   "using": "css selector",
   "value": ".m-v-sm"
}
[1766136399.358][INFO]: Waiting for pending navigations...
[1766136399.358][DEBUG]: DevTools WebSocket Command: Runtime.evaluate (id=243) (session_id=0AAA18818893BB4F6B34C271151FCEB6) 5DE497F544D78911CBD1B96C7216F4D3 {
   "expression": "1"
}
[1766136399.358][DEBUG]: DevTools WebSocket Response: Runtime.evaluate (id=243) (session_id=0AAA18818893BB4F6B34C271151FCEB6) 5DE497F544D78911CBD1B96C7216F4D3 {
   "result": {
      "description": "1",
      "type": "number",
      "value": 1
   }
}
[1766136399.358][INFO]: Done waiting for pending navigations. Status: ok
[1766136399.358][DEBUG]: DevTools WebSocket Command: Page.getFrameTree (id=244) (session_id=0AAA18818893BB4F6B34C271151FCEB6) 5DE497F544D78911CBD1B96C7216F4D3 {
}
[1766136399.359][DEBUG]: DevTools WebSocket Response: Page.getFrameTree (id=244) (session_id=0AAA18818893BB4F6B34C271151FCEB6) 5DE497F544D78911CBD1B96C7216F4D3 {
   "frameTree": {
      "frame": {
         "adFrameStatus": {
            "adFrameType": "none"
         },
         "crossOriginIsolatedContextType": "NotIsolated",
         "domainAndRegistry": "scrape.center",
         "gatedAPIFeatures": [  ],
         "id": "5DE497F544D78911CBD1B96C7216F4D3",
         "loaderId": "5017C2A040EE4D9953D9F7C6D2E8BB92",
         "mimeType": "text/html",
         "secureContextType": "Secure",
         "securityOrigin": "https://spa1.scrape.center",
         "securityOriginDetails": {
            "isLocalhost": false
         },
         "url": "https://spa1.scrape.center/"
      }
   }
}
[1766136399.359][DEBUG]: DevTools WebSocket Command: DOM.resolveNode (id=245) (session_id=0AAA18818893BB4F6B34C271151FCEB6) 5DE497F544D78911CBD1B96C7216F4D3 {
   "backendNodeId": 11,
   "objectGroup": "2896419c-fee5-4a40-8052-6f62d14aa824"
}
[1766136399.359][DEBUG]: DevTools WebSocket Response: DOM.resolveNode (id=245) (session_id=0AAA18818893BB4F6B34C271151FCEB6) 5DE497F544D78911CBD1B96C7216F4D3 {
   "object": {
      "className": "HTMLDivElement",
      "description": "div.el-card__body",
      "objectId": "1667652473473659487.1.65",
      "subtype": "node",
      "type": "object"
   }
}
[1766136399.359][DEBUG]: DevTools WebSocket Command: Page.getFrameTree (id=246) (session_id=0AAA18818893BB4F6B34C271151FCEB6) 5DE497F544D78911CBD1B96C7216F4D3 {
}
[1766136399.360][DEBUG]: DevTools WebSocket Response: Page.getFrameTree (id=246) (session_id=0AAA18818893BB4F6B34C271151FCEB6) 5DE497F544D78911CBD1B96C7216F4D3 {
   "frameTree": {
      "frame": {
         "adFrameStatus": {
            "adFrameType": "none"
         },
         "crossOriginIsolatedContextType": "NotIsolated",
         "domainAndRegistry": "scrape.center",
         "gatedAPIFeatures": [  ],
         "id": "5DE497F544D78911CBD1B96C7216F4D3",
         "loaderId": "5017C2A040EE4D9953D9F7C6D2E8BB92",
         "mimeType": "text/html",
         "secureContextType": "Secure",
         "securityOrigin": "https://spa1.scrape.center",
         "securityOriginDetails": {
            "isLocalhost": false
         },
         "url": "https://spa1.scrape.center/"
      }
   }
}
[1766136399.361][DEBUG]: DevTools WebSocket Command: Runtime.callFunctionOn (id=247) (session_id=0AAA18818893BB4F6B34C271151FCEB6) 5DE497F544D78911CBD1B96C7216F4D3 {
   "arguments": [ {
      "objectId": "1667652473473659487.1.65"
   } ],
   "awaitPromise": true,
   "functionDeclaration": "function(){ return (function() { // Copyright 2012 The Chromium Authors\n// Use of this source code is governed by a BSD-style license that can be\n// found in the LICENSE file.\n\n/**\n * Enum for WebD...",
   "objectGroup": "2896419c-fee5-4a40-8052-6f62d14aa824",
   "serializationOptions": {
      "serialization": "deep"
   },
   "uniqueContextId": "-88754438306678378.-5366136884038128798"
}
[1766136399.363][DEBUG]: DevTools WebSocket Response: Runtime.callFunctionOn (id=247) (session_id=0AAA18818893BB4F6B34C271151FCEB6) 5DE497F544D78911CBD1B96C7216F4D3 {
   "result": {
      "className": "Array",
      "deepSerializedValue": {
         "type": "array",
         "value": [ {
            "type": "string",
            "value": "{\"status\":0,\"value\":[{\"element-6066-11e4-a52e-4f735466cecf\":0},{\"element-6066-11e4-a52e-4f735466cecf\":1}]}"
         }, {
            "type": "node",
            "value": {
               "attributes": {
                  "class": "m-v-sm info",
                  "data-v-1a647406": ""
               },
               "backendNodeId": 31,
               "childNodeCount": 3,
               "loaderId": "5017C2A040EE4D9953D9F7C6D2E8BB92",
               "localName": "div",
               "namespaceURI": "http://www.w3.org/1999/xhtml",
               "nodeType": 1,
               "shadowRoot": null
            }
         }, {
            "type": "node",
            "value": {
               "attributes": {
                  "class": "m-v-sm info",
                  "data-v-1a647406": ""
               },
               "backendNodeId": 32,
               "childNodeCount": 1,
               "loaderId": "5017C2A040EE4D9953D9F7C6D2E8BB92",
               "localName": "div",
               "namespaceURI": "http://www.w3.org/1999/xhtml",
               "nodeType": 1,
               "shadowRoot": null
            }
         } ]
      },
      "description": "Array(3)",
      "objectId": "1667652473473659487.1.66",
      "subtype": "array",
      "type": "object"
   }
}
[1766136399.363][DEBUG]: DevTools WebSocket Command: Runtime.releaseObjectGroup (id=248) (session_id=0AAA18818893BB4F6B34C271151FCEB6) 5DE497F544D78911CBD1B96C7216F4D3 {
   "objectGroup": "2896419c-fee5-4a40-8052-6f62d14aa824"
}
[1766136399.363][INFO]: Waiting for pending navigations...
[1766136399.363][DEBUG]: DevTools WebSocket Command: Runtime.evaluate (id=249) (session_id=0AAA18818893BB4F6B34C271151FCEB6) 5DE497F544D78911CBD1B96C7216F4D3 {
   "expression": "1"
}
[1766136399.364][DEBUG]: DevTools WebSocket Response: Runtime.releaseObjectGroup (id=248) (session_id=0AAA18818893BB4F6B34C271151FCEB6) 5DE497F544D78911CBD1B96C7216F4D3 {
}
[1766136399.364][DEBUG]: DevTools WebSocket Response: Runtime.evaluate (id=249) (session_id=0AAA18818893BB4F6B34C271151FCEB6) 5DE497F544D78911CBD1B96C7216F4D3 {
   "result": {
      "description": "1",
      "type": "number",
      "value": 1
   }
}
[1766136399.364][INFO]: Done waiting for pending navigations. Status: ok
[1766136399.364][INFO]: [8cac16ba8b44337f2ba68d6c6e00a2d1] RESPONSE FindChildElements [ {
   "element-6066-11e4-a52e-4f735466cecf": "f.5DE497F544D78911CBD1B96C7216F4D3.d.5017C2A040EE4D9953D9F7C6D2E8BB92.e.31"
}, {
   "element-6066-11e4-a52e-4f735466cecf": "f.5DE497F544D78911CBD1B96C7216F4D3.d.5017C2A040EE4D9953D9F7C6D2E8BB92.e.32"
} ]
[1766136399.365][INFO]: [8cac16ba8b44337f2ba68d6c6e00a2d1] COMMAND GetElementText {
   "id": "f.5DE497F544D78911CBD1B96C7216F4D3.d.5017C2A040EE4D9953D9F7C6D2E8BB92.e.32"
}
[1766136399.365][INFO]: Waiting for pending navigations...
[1766136399.365][DEBUG]: DevTools WebSocket Command: Runtime.evaluate (id=250) (session_id=0AAA18818893BB4F6B34C271151FCEB6) 5DE497F544D78911CBD1B96C7216F4D3 {
   "expression": "1"
}
[1766136399.365][DEBUG]: DevTools WebSocket Response: Runtime.evaluate (id=250) (session_id=0AAA18818893BB4F6B34C271151FCEB6) 5DE497F544D78911CBD1B96C7216F4D3 {
   "result": {
      "description": "1",
      "type": "number",
      "value": 1
   }
}
[1766136399.365][INFO]: Done waiting for pending navigations. Status: ok
[1766136399.365][DEBUG]: DevTools WebSocket Command: Page.getFrameTree (id=251) (session_id=0AAA18818893BB4F6B34C271151FCEB6) 5DE497F544D78911CBD1B96C7216F4D3 {
}
[1766136399.366][DEBUG]: DevTools WebSocket Response: Page.getFrameTree (id=251) (session_id=0AAA18818893BB4F6B34C271151FCEB6) 5DE497F544D78911CBD1B96C7216F4D3 {
   "frameTree": {
      "frame": {
         "adFrameStatus": {
            "adFrameType": "none"
         },
         "crossOriginIsolatedContextType": "NotIsolated",
         "domainAndRegistry": "scrape.center",
         "gatedAPIFeatures": [  ],
         "id": "5DE497F544D78911CBD1B96C7216F4D3",
         "loaderId": "5017C2A040EE4D9953D9F7C6D2E8BB92",
         "mimeType": "text/html",
         "secureContextType": "Secure",
         "securityOrigin": "https://spa1.scrape.center",
         "securityOriginDetails": {
            "isLocalhost": false
         },
         "url": "https://spa1.scrape.center/"
      }
   }
}
[1766136399.366][DEBUG]: DevTools WebSocket Command: DOM.resolveNode (id=252) (session_id=0AAA18818893BB4F6B34C271151FCEB6) 5DE497F544D78911CBD1B96C7216F4D3 {
   "backendNodeId": 32,
   "objectGroup": "a8850dfb-c44e-4fe4-ba09-6f6b08d80468"
}
[1766136399.366][DEBUG]: DevTools WebSocket Response: DOM.resolveNode (id=252) (session_id=0AAA18818893BB4F6B34C271151FCEB6) 5DE497F544D78911CBD1B96C7216F4D3 {
   "object": {
      "className": "HTMLDivElement",
      "description": "div.m-v-sm.info",
      "objectId": "1667652473473659487.1.67",
      "subtype": "node",
      "type": "object"
   }
}
[1766136399.366][DEBUG]: DevTools WebSocket Command: Page.getFrameTree (id=253) (session_id=0AAA18818893BB4F6B34C271151FCEB6) 5DE497F544D78911CBD1B96C7216F4D3 {
}
[1766136399.366][DEBUG]: DevTools WebSocket Response: Page.getFrameTree (id=253) (session_id=0AAA18818893BB4F6B34C271151FCEB6) 5DE497F544D78911CBD1B96C7216F4D3 {
   "frameTree": {
      "frame": {
         "adFrameStatus": {
            "adFrameType": "none"
         },
         "crossOriginIsolatedContextType": "NotIsolated",
         "domainAndRegistry": "scrape.center",
         "gatedAPIFeatures": [  ],
         "id": "5DE497F544D78911CBD1B96C7216F4D3",
         "loaderId": "5017C2A040EE4D9953D9F7C6D2E8BB92",
         "mimeType": "text/html",
         "secureContextType": "Secure",
         "securityOrigin": "https://spa1.scrape.center",
         "securityOriginDetails": {
            "isLocalhost": false
         },
         "url": "https://spa1.scrape.center/"
      }
   }
}
[1766136399.367][DEBUG]: DevTools WebSocket Command: Runtime.callFunctionOn (id=254) (session_id=0AAA18818893BB4F6B34C271151FCEB6) 5DE497F544D78911CBD1B96C7216F4D3 {
   "arguments": [ {
      "objectId": "1667652473473659487.1.67"
   } ],
   "awaitPromise": true,
   "functionDeclaration": "function(){ return (function() { // Copyright 2012 The Chromium Authors\n// Use of this source code is governed by a BSD-style license that can be\n// found in the LICENSE file.\n\n/**\n * Enum for WebD...",
   "objectGroup": "a8850dfb-c44e-4fe4-ba09-6f6b08d80468",
   "serializationOptions": {
      "serialization": "deep"
   },
   "uniqueContextId": "-88754438306678378.-5366136884038128798"
}
[1766136399.370][DEBUG]: DevTools WebSocket Response: Runtime.callFunctionOn (id=254) (session_id=0AAA18818893BB4F6B34C271151FCEB6) 5DE497F544D78911CBD1B96C7216F4D3 {
   "result": {
      "className": "Array",
      "deepSerializedValue": {
         "type": "array",
         "value": [ {
            "type": "string",
            "value": "{\"status\":0,\"value\":\"1994-09-10 上映\"}"
         } ]
      },
      "description": "Array(1)",
      "objectId": "1667652473473659487.1.68",
      "subtype": "array",
      "type": "object"
   }
}
[1766136399.371][DEBUG]: DevTools WebSocket Command: Runtime.releaseObjectGroup (id=255) (session_id=0AAA18818893BB4F6B34C271151FCEB6) 5DE497F544D78911CBD1B96C7216F4D3 {
   "objectGroup": "a8850dfb-c44e-4fe4-ba09-6f6b08d80468"
}
[1766136399.371][INFO]: Waiting for pending navigations...
[1766136399.371][DEBUG]: DevTools WebSocket Command: Runtime.evaluate (id=256) (session_id=0AAA18818893BB4F6B34C271151FCEB6) 5DE497F544D78911CBD1B96C7216F4D3 {
   "expression": "1"
}
[1766136399.371][DEBUG]: DevTools WebSocket Response: Runtime.releaseObjectGroup (id=255) (session_id=0AAA18818893BB4F6B34C271151FCEB6) 5DE497F544D78911CBD1B96C7216F4D3 {
}
[1766136399.371][DEBUG]: DevTools WebSocket Response: Runtime.evaluate (id=256) (session_id=0AAA18818893BB4F6B34C271151FCEB6) 5DE497F544D78911CBD1B96C7216F4D3 {
   "result": {
      "description": "1",
      "type": "number",
      "value": 1
   }
}
[1766136399.371][INFO]: Done waiting for pending navigations. Status: ok
[1766136399.371][INFO]: [8cac16ba8b44337f2ba68d6c6e00a2d1] RESPONSE GetElementText "1994-09-10 上映"
[1766136399.372][INFO]: [8cac16ba8b44337f2ba68d6c6e00a2d1] COMMAND FindChildElement {
   "id": "f.5DE497F544D78911CBD1B96C7216F4D3.d.5017C2A040EE4D9953D9F7C6D2E8BB92.e.11",
   "using": "css selector",
   "value": ".score"
}
[1766136399.372][INFO]: Waiting for pending navigations...
[1766136399.372][DEBUG]: DevTools WebSocket Command: Runtime.evaluate (id=257) (session_id=0AAA18818893BB4F6B34C271151FCEB6) 5DE497F544D78911CBD1B96C7216F4D3 {
   "expression": "1"
}
[1766136399.373][DEBUG]: DevTools WebSocket Response: Runtime.evaluate (id=257) (session_id=0AAA18818893BB4F6B34C271151FCEB6) 5DE497F544D78911CBD1B96C7216F4D3 {
   "result": {
      "description": "1",
      "type": "number",
      "value": 1
   }
}
[1766136399.373][INFO]: Done waiting for pending navigations. Status: ok
[1766136399.373][DEBUG]: DevTools WebSocket Command: Page.getFrameTree (id=258) (session_id=0AAA18818893BB4F6B34C271151FCEB6) 5DE497F544D78911CBD1B96C7216F4D3 {
}
[1766136399.373][DEBUG]: DevTools WebSocket Response: Page.getFrameTree (id=258) (session_id=0AAA18818893BB4F6B34C271151FCEB6) 5DE497F544D78911CBD1B96C7216F4D3 {
   "frameTree": {
      "frame": {
         "adFrameStatus": {
            "adFrameType": "none"
         },
         "crossOriginIsolatedContextType": "NotIsolated",
         "domainAndRegistry": "scrape.center",
         "gatedAPIFeatures": [  ],
         "id": "5DE497F544D78911CBD1B96C7216F4D3",
         "loaderId": "5017C2A040EE4D9953D9F7C6D2E8BB92",
         "mimeType": "text/html",
         "secureContextType": "Secure",
         "securityOrigin": "https://spa1.scrape.center",
         "securityOriginDetails": {
            "isLocalhost": false
         },
         "url": "https://spa1.scrape.center/"
      }
   }
}
[1766136399.374][DEBUG]: DevTools WebSocket Command: DOM.resolveNode (id=259) (session_id=0AAA18818893BB4F6B34C271151FCEB6) 5DE497F544D78911CBD1B96C7216F4D3 {
   "backendNodeId": 11,
   "objectGroup": "6fbf24d6-cd67-4f09-81db-843ecc73c32c"
}
[1766136399.375][DEBUG]: DevTools WebSocket Response: DOM.resolveNode (id=259) (session_id=0AAA18818893BB4F6B34C271151FCEB6) 5DE497F544D78911CBD1B96C7216F4D3 {
   "object": {
      "className": "HTMLDivElement",
      "description": "div.el-card__body",
      "objectId": "1667652473473659487.1.69",
      "subtype": "node",
      "type": "object"
   }
}
[1766136399.375][DEBUG]: DevTools WebSocket Command: Page.getFrameTree (id=260) (session_id=0AAA18818893BB4F6B34C271151FCEB6) 5DE497F544D78911CBD1B96C7216F4D3 {
}
[1766136399.375][DEBUG]: DevTools WebSocket Response: Page.getFrameTree (id=260) (session_id=0AAA18818893BB4F6B34C271151FCEB6) 5DE497F544D78911CBD1B96C7216F4D3 {
   "frameTree": {
      "frame": {
         "adFrameStatus": {
            "adFrameType": "none"
         },
         "crossOriginIsolatedContextType": "NotIsolated",
         "domainAndRegistry": "scrape.center",
         "gatedAPIFeatures": [  ],
         "id": "5DE497F544D78911CBD1B96C7216F4D3",
         "loaderId": "5017C2A040EE4D9953D9F7C6D2E8BB92",
         "mimeType": "text/html",
         "secureContextType": "Secure",
         "securityOrigin": "https://spa1.scrape.center",
         "securityOriginDetails": {
            "isLocalhost": false
         },
         "url": "https://spa1.scrape.center/"
      }
   }
}
[1766136399.376][DEBUG]: DevTools WebSocket Command: Runtime.callFunctionOn (id=261) (session_id=0AAA18818893BB4F6B34C271151FCEB6) 5DE497F544D78911CBD1B96C7216F4D3 {
   "arguments": [ {
      "objectId": "1667652473473659487.1.69"
   } ],
   "awaitPromise": true,
   "functionDeclaration": "function(){ return (function() { // Copyright 2012 The Chromium Authors\n// Use of this source code is governed by a BSD-style license that can be\n// found in the LICENSE file.\n\n/**\n * Enum for WebD...",
   "objectGroup": "6fbf24d6-cd67-4f09-81db-843ecc73c32c",
   "serializationOptions": {
      "serialization": "deep"
   },
   "uniqueContextId": "-88754438306678378.-5366136884038128798"
}
[1766136399.379][DEBUG]: DevTools WebSocket Response: Runtime.callFunctionOn (id=261) (session_id=0AAA18818893BB4F6B34C271151FCEB6) 5DE497F544D78911CBD1B96C7216F4D3 {
   "result": {
      "className": "Array",
      "deepSerializedValue": {
         "type": "array",
         "value": [ {
            "type": "string",
            "value": "{\"status\":0,\"value\":{\"element-6066-11e4-a52e-4f735466cecf\":0}}"
         }, {
            "type": "node",
            "value": {
               "attributes": {
                  "class": "score m-t-md m-b-n-sm",
                  "data-v-1a647406": ""
               },
               "backendNodeId": 33,
               "childNodeCount": 1,
               "loaderId": "5017C2A040EE4D9953D9F7C6D2E8BB92",
               "localName": "p",
               "namespaceURI": "http://www.w3.org/1999/xhtml",
               "nodeType": 1,
               "shadowRoot": null
            }
         } ]
      },
      "description": "Array(2)",
      "objectId": "1667652473473659487.1.70",
      "subtype": "array",
      "type": "object"
   }
}
[1766136399.380][DEBUG]: DevTools WebSocket Command: Runtime.releaseObjectGroup (id=262) (session_id=0AAA18818893BB4F6B34C271151FCEB6) 5DE497F544D78911CBD1B96C7216F4D3 {
   "objectGroup": "6fbf24d6-cd67-4f09-81db-843ecc73c32c"
}
[1766136399.380][INFO]: Waiting for pending navigations...
[1766136399.380][DEBUG]: DevTools WebSocket Command: Runtime.evaluate (id=263) (session_id=0AAA18818893BB4F6B34C271151FCEB6) 5DE497F544D78911CBD1B96C7216F4D3 {
   "expression": "1"
}
[1766136399.380][DEBUG]: DevTools WebSocket Response: Runtime.releaseObjectGroup (id=262) (session_id=0AAA18818893BB4F6B34C271151FCEB6) 5DE497F544D78911CBD1B96C7216F4D3 {
}
[1766136399.380][DEBUG]: DevTools WebSocket Response: Runtime.evaluate (id=263) (session_id=0AAA18818893BB4F6B34C271151FCEB6) 5DE497F544D78911CBD1B96C7216F4D3 {
   "result": {
      "description": "1",
      "type": "number",
      "value": 1
   }
}
[1766136399.380][INFO]: Done waiting for pending navigations. Status: ok
[1766136399.380][INFO]: [8cac16ba8b44337f2ba68d6c6e00a2d1] RESPONSE FindChildElement {
   "element-6066-11e4-a52e-4f735466cecf": "f.5DE497F544D78911CBD1B96C7216F4D3.d.5017C2A040EE4D9953D9F7C6D2E8BB92.e.33"
}
[1766136399.381][INFO]: [8cac16ba8b44337f2ba68d6c6e00a2d1] COMMAND GetElementText {
   "id": "f.5DE497F544D78911CBD1B96C7216F4D3.d.5017C2A040EE4D9953D9F7C6D2E8BB92.e.33"
}
[1766136399.381][INFO]: Waiting for pending navigations...
[1766136399.381][DEBUG]: DevTools WebSocket Command: Runtime.evaluate (id=264) (session_id=0AAA18818893BB4F6B34C271151FCEB6) 5DE497F544D78911CBD1B96C7216F4D3 {
   "expression": "1"
}
[1766136399.382][DEBUG]: DevTools WebSocket Response: Runtime.evaluate (id=264) (session_id=0AAA18818893BB4F6B34C271151FCEB6) 5DE497F544D78911CBD1B96C7216F4D3 {
   "result": {
      "description": "1",
      "type": "number",
      "value": 1
   }
}
[1766136399.382][INFO]: Done waiting for pending navigations. Status: ok
[1766136399.382][DEBUG]: DevTools WebSocket Command: Page.getFrameTree (id=265) (session_id=0AAA18818893BB4F6B34C271151FCEB6) 5DE497F544D78911CBD1B96C7216F4D3 {
}
[1766136399.382][DEBUG]: DevTools WebSocket Response: Page.getFrameTree (id=265) (session_id=0AAA18818893BB4F6B34C271151FCEB6) 5DE497F544D78911CBD1B96C7216F4D3 {
   "frameTree": {
      "frame": {
         "adFrameStatus": {
            "adFrameType": "none"
         },
         "crossOriginIsolatedContextType": "NotIsolated",
         "domainAndRegistry": "scrape.center",
         "gatedAPIFeatures": [  ],
         "id": "5DE497F544D78911CBD1B96C7216F4D3",
         "loaderId": "5017C2A040EE4D9953D9F7C6D2E8BB92",
         "mimeType": "text/html",
         "secureContextType": "Secure",
         "securityOrigin": "https://spa1.scrape.center",
         "securityOriginDetails": {
            "isLocalhost": false
         },
         "url": "https://spa1.scrape.center/"
      }
   }
}
[1766136399.382][DEBUG]: DevTools WebSocket Command: DOM.resolveNode (id=266) (session_id=0AAA18818893BB4F6B34C271151FCEB6) 5DE497F544D78911CBD1B96C7216F4D3 {
   "backendNodeId": 33,
   "objectGroup": "d79a7096-580e-42fa-8724-417650e64a3d"
}
[1766136399.383][DEBUG]: DevTools WebSocket Response: DOM.resolveNode (id=266) (session_id=0AAA18818893BB4F6B34C271151FCEB6) 5DE497F544D78911CBD1B96C7216F4D3 {
   "object": {
      "className": "HTMLParagraphElement",
      "description": "p.score.m-t-md.m-b-n-sm",
      "objectId": "1667652473473659487.1.71",
      "subtype": "node",
      "type": "object"
   }
}
[1766136399.383][DEBUG]: DevTools WebSocket Command: Page.getFrameTree (id=267) (session_id=0AAA18818893BB4F6B34C271151FCEB6) 5DE497F544D78911CBD1B96C7216F4D3 {
}
[1766136399.383][DEBUG]: DevTools WebSocket Response: Page.getFrameTree (id=267) (session_id=0AAA18818893BB4F6B34C271151FCEB6) 5DE497F544D78911CBD1B96C7216F4D3 {
   "frameTree": {
      "frame": {
         "adFrameStatus": {
            "adFrameType": "none"
         },
         "crossOriginIsolatedContextType": "NotIsolated",
         "domainAndRegistry": "scrape.center",
         "gatedAPIFeatures": [  ],
         "id": "5DE497F544D78911CBD1B96C7216F4D3",
         "loaderId": "5017C2A040EE4D9953D9F7C6D2E8BB92",
         "mimeType": "text/html",
         "secureContextType": "Secure",
         "securityOrigin": "https://spa1.scrape.center",
         "securityOriginDetails": {
            "isLocalhost": false
         },
         "url": "https://spa1.scrape.center/"
      }
   }
}
[1766136399.384][DEBUG]: DevTools WebSocket Command: Runtime.callFunctionOn (id=268) (session_id=0AAA18818893BB4F6B34C271151FCEB6) 5DE497F544D78911CBD1B96C7216F4D3 {
   "arguments": [ {
      "objectId": "1667652473473659487.1.71"
   } ],
   "awaitPromise": true,
   "functionDeclaration": "function(){ return (function() { // Copyright 2012 The Chromium Authors\n// Use of this source code is governed by a BSD-style license that can be\n// found in the LICENSE file.\n\n/**\n * Enum for WebD...",
   "objectGroup": "d79a7096-580e-42fa-8724-417650e64a3d",
   "serializationOptions": {
      "serialization": "deep"
   },
   "uniqueContextId": "-88754438306678378.-5366136884038128798"
}
[1766136399.387][DEBUG]: DevTools WebSocket Response: Runtime.callFunctionOn (id=268) (session_id=0AAA18818893BB4F6B34C271151FCEB6) 5DE497F544D78911CBD1B96C7216F4D3 {
   "result": {
      "className": "Array",
      "deepSerializedValue": {
         "type": "array",
         "value": [ {
            "type": "string",
            "value": "{\"status\":0,\"value\":\"9.5\"}"
         } ]
      },
      "description": "Array(1)",
      "objectId": "1667652473473659487.1.72",
      "subtype": "array",
      "type": "object"
   }
}
[1766136399.387][DEBUG]: DevTools WebSocket Command: Runtime.releaseObjectGroup (id=269) (session_id=0AAA18818893BB4F6B34C271151FCEB6) 5DE497F544D78911CBD1B96C7216F4D3 {
   "objectGroup": "d79a7096-580e-42fa-8724-417650e64a3d"
}
[1766136399.387][INFO]: Waiting for pending navigations...
[1766136399.387][DEBUG]: DevTools WebSocket Command: Runtime.evaluate (id=270) (session_id=0AAA18818893BB4F6B34C271151FCEB6) 5DE497F544D78911CBD1B96C7216F4D3 {
   "expression": "1"
}
[1766136399.388][DEBUG]: DevTools WebSocket Response: Runtime.releaseObjectGroup (id=269) (session_id=0AAA18818893BB4F6B34C271151FCEB6) 5DE497F544D78911CBD1B96C7216F4D3 {
}
[1766136399.388][DEBUG]: DevTools WebSocket Response: Runtime.evaluate (id=270) (session_id=0AAA18818893BB4F6B34C271151FCEB6) 5DE497F544D78911CBD1B96C7216F4D3 {
   "result": {
      "description": "1",
      "type": "number",
      "value": 1
   }
}
[1766136399.388][INFO]: Done waiting for pending navigations. Status: ok
[1766136399.388][INFO]: [8cac16ba8b44337f2ba68d6c6e00a2d1] RESPONSE GetElementText "9.5"
[1766136399.389][INFO]: [8cac16ba8b44337f2ba68d6c6e00a2d1] COMMAND FindChildElement {
   "id": "f.5DE497F544D78911CBD1B96C7216F4D3.d.5017C2A040EE4D9953D9F7C6D2E8BB92.e.12",
   "using": "css selector",
   "value": ".m-b-sm"
}
[1766136399.389][INFO]: Waiting for pending navigations...
[1766136399.389][DEBUG]: DevTools WebSocket Command: Runtime.evaluate (id=271) (session_id=0AAA18818893BB4F6B34C271151FCEB6) 5DE497F544D78911CBD1B96C7216F4D3 {
   "expression": "1"
}
[1766136399.389][DEBUG]: DevTools WebSocket Response: Runtime.evaluate (id=271) (session_id=0AAA18818893BB4F6B34C271151FCEB6) 5DE497F544D78911CBD1B96C7216F4D3 {
   "result": {
      "description": "1",
      "type": "number",
      "value": 1
   }
}
[1766136399.389][INFO]: Done waiting for pending navigations. Status: ok
[1766136399.389][DEBUG]: DevTools WebSocket Command: Page.getFrameTree (id=272) (session_id=0AAA18818893BB4F6B34C271151FCEB6) 5DE497F544D78911CBD1B96C7216F4D3 {
}
[1766136399.389][DEBUG]: DevTools WebSocket Response: Page.getFrameTree (id=272) (session_id=0AAA18818893BB4F6B34C271151FCEB6) 5DE497F544D78911CBD1B96C7216F4D3 {
   "frameTree": {
      "frame": {
         "adFrameStatus": {
            "adFrameType": "none"
         },
         "crossOriginIsolatedContextType": "NotIsolated",
         "domainAndRegistry": "scrape.center",
         "gatedAPIFeatures": [  ],
         "id": "5DE497F544D78911CBD1B96C7216F4D3",
         "loaderId": "5017C2A040EE4D9953D9F7C6D2E8BB92",
         "mimeType": "text/html",
         "secureContextType": "Secure",
         "securityOrigin": "https://spa1.scrape.center",
         "securityOriginDetails": {
            "isLocalhost": false
         },
         "url": "https://spa1.scrape.center/"
      }
   }
}
[1766136399.390][DEBUG]: DevTools WebSocket Command: DOM.resolveNode (id=273) (session_id=0AAA18818893BB4F6B34C271151FCEB6) 5DE497F544D78911CBD1B96C7216F4D3 {
   "backendNodeId": 12,
   "objectGroup": "ba4a5bd4-5a04-455e-a897-b57fda2ca321"
}
[1766136399.390][DEBUG]: DevTools WebSocket Response: DOM.resolveNode (id=273) (session_id=0AAA18818893BB4F6B34C271151FCEB6) 5DE497F544D78911CBD1B96C7216F4D3 {
   "object": {
      "className": "HTMLDivElement",
      "description": "div.el-card__body",
      "objectId": "1667652473473659487.1.73",
      "subtype": "node",
      "type": "object"
   }
}
[1766136399.390][DEBUG]: DevTools WebSocket Command: Page.getFrameTree (id=274) (session_id=0AAA18818893BB4F6B34C271151FCEB6) 5DE497F544D78911CBD1B96C7216F4D3 {
}
[1766136399.390][DEBUG]: DevTools WebSocket Response: Page.getFrameTree (id=274) (session_id=0AAA18818893BB4F6B34C271151FCEB6) 5DE497F544D78911CBD1B96C7216F4D3 {
   "frameTree": {
      "frame": {
         "adFrameStatus": {
            "adFrameType": "none"
         },
         "crossOriginIsolatedContextType": "NotIsolated",
         "domainAndRegistry": "scrape.center",
         "gatedAPIFeatures": [  ],
         "id": "5DE497F544D78911CBD1B96C7216F4D3",
         "loaderId": "5017C2A040EE4D9953D9F7C6D2E8BB92",
         "mimeType": "text/html",
         "secureContextType": "Secure",
         "securityOrigin": "https://spa1.scrape.center",
         "securityOriginDetails": {
            "isLocalhost": false
         },
         "url": "https://spa1.scrape.center/"
      }
   }
}
[1766136399.391][DEBUG]: DevTools WebSocket Command: Runtime.callFunctionOn (id=275) (session_id=0AAA18818893BB4F6B34C271151FCEB6) 5DE497F544D78911CBD1B96C7216F4D3 {
   "arguments": [ {
      "objectId": "1667652473473659487.1.73"
   } ],
   "awaitPromise": true,
   "functionDeclaration": "function(){ return (function() { // Copyright 2012 The Chromium Authors\n// Use of this source code is governed by a BSD-style license that can be\n// found in the LICENSE file.\n\n/**\n * Enum for WebD...",
   "objectGroup": "ba4a5bd4-5a04-455e-a897-b57fda2ca321",
   "serializationOptions": {
      "serialization": "deep"
   },
   "uniqueContextId": "-88754438306678378.-5366136884038128798"
}
[1766136399.393][DEBUG]: DevTools WebSocket Response: Runtime.callFunctionOn (id=275) (session_id=0AAA18818893BB4F6B34C271151FCEB6) 5DE497F544D78911CBD1B96C7216F4D3 {
   "result": {
      "className": "Array",
      "deepSerializedValue": {
         "type": "array",
         "value": [ {
            "type": "string",
            "value": "{\"status\":0,\"value\":{\"element-6066-11e4-a52e-4f735466cecf\":0}}"
         }, {
            "type": "node",
            "value": {
               "attributes": {
                  "class": "m-b-sm",
                  "data-v-1a647406": ""
               },
               "backendNodeId": 34,
               "childNodeCount": 1,
               "loaderId": "5017C2A040EE4D9953D9F7C6D2E8BB92",
               "localName": "h2",
               "namespaceURI": "http://www.w3.org/1999/xhtml",
               "nodeType": 1,
               "shadowRoot": null
            }
         } ]
      },
      "description": "Array(2)",
      "objectId": "1667652473473659487.1.74",
      "subtype": "array",
      "type": "object"
   }
}
[1766136399.393][DEBUG]: DevTools WebSocket Command: Runtime.releaseObjectGroup (id=276) (session_id=0AAA18818893BB4F6B34C271151FCEB6) 5DE497F544D78911CBD1B96C7216F4D3 {
   "objectGroup": "ba4a5bd4-5a04-455e-a897-b57fda2ca321"
}
[1766136399.393][INFO]: Waiting for pending navigations...
[1766136399.393][DEBUG]: DevTools WebSocket Command: Runtime.evaluate (id=277) (session_id=0AAA18818893BB4F6B34C271151FCEB6) 5DE497F544D78911CBD1B96C7216F4D3 {
   "expression": "1"
}
[1766136399.394][DEBUG]: DevTools WebSocket Response: Runtime.releaseObjectGroup (id=276) (session_id=0AAA18818893BB4F6B34C271151FCEB6) 5DE497F544D78911CBD1B96C7216F4D3 {
}
[1766136399.394][DEBUG]: DevTools WebSocket Response: Runtime.evaluate (id=277) (session_id=0AAA18818893BB4F6B34C271151FCEB6) 5DE497F544D78911CBD1B96C7216F4D3 {
   "result": {
      "description": "1",
      "type": "number",
      "value": 1
   }
}
[1766136399.394][INFO]: Done waiting for pending navigations. Status: ok
[1766136399.394][INFO]: [8cac16ba8b44337f2ba68d6c6e00a2d1] RESPONSE FindChildElement {
   "element-6066-11e4-a52e-4f735466cecf": "f.5DE497F544D78911CBD1B96C7216F4D3.d.5017C2A040EE4D9953D9F7C6D2E8BB92.e.34"
}
[1766136399.395][INFO]: [8cac16ba8b44337f2ba68d6c6e00a2d1] COMMAND GetElementText {
   "id": "f.5DE497F544D78911CBD1B96C7216F4D3.d.5017C2A040EE4D9953D9F7C6D2E8BB92.e.34"
}
[1766136399.395][INFO]: Waiting for pending navigations...
[1766136399.395][DEBUG]: DevTools WebSocket Command: Runtime.evaluate (id=278) (session_id=0AAA18818893BB4F6B34C271151FCEB6) 5DE497F544D78911CBD1B96C7216F4D3 {
   "expression": "1"
}
[1766136399.395][DEBUG]: DevTools WebSocket Response: Runtime.evaluate (id=278) (session_id=0AAA18818893BB4F6B34C271151FCEB6) 5DE497F544D78911CBD1B96C7216F4D3 {
   "result": {
      "description": "1",
      "type": "number",
      "value": 1
   }
}
[1766136399.395][INFO]: Done waiting for pending navigations. Status: ok
[1766136399.395][DEBUG]: DevTools WebSocket Command: Page.getFrameTree (id=279) (session_id=0AAA18818893BB4F6B34C271151FCEB6) 5DE497F544D78911CBD1B96C7216F4D3 {
}
[1766136399.396][DEBUG]: DevTools WebSocket Response: Page.getFrameTree (id=279) (session_id=0AAA18818893BB4F6B34C271151FCEB6) 5DE497F544D78911CBD1B96C7216F4D3 {
   "frameTree": {
      "frame": {
         "adFrameStatus": {
            "adFrameType": "none"
         },
         "crossOriginIsolatedContextType": "NotIsolated",
         "domainAndRegistry": "scrape.center",
         "gatedAPIFeatures": [  ],
         "id": "5DE497F544D78911CBD1B96C7216F4D3",
         "loaderId": "5017C2A040EE4D9953D9F7C6D2E8BB92",
         "mimeType": "text/html",
         "secureContextType": "Secure",
         "securityOrigin": "https://spa1.scrape.center",
         "securityOriginDetails": {
            "isLocalhost": false
         },
         "url": "https://spa1.scrape.center/"
      }
   }
}
[1766136399.396][DEBUG]: DevTools WebSocket Command: DOM.resolveNode (id=280) (session_id=0AAA18818893BB4F6B34C271151FCEB6) 5DE497F544D78911CBD1B96C7216F4D3 {
   "backendNodeId": 34,
   "objectGroup": "39efb4a0-dea8-4559-aa41-b23a8b4f6dc6"
}
[1766136399.396][DEBUG]: DevTools WebSocket Response: DOM.resolveNode (id=280) (session_id=0AAA18818893BB4F6B34C271151FCEB6) 5DE497F544D78911CBD1B96C7216F4D3 {
   "object": {
      "className": "HTMLHeadingElement",
      "description": "h2.m-b-sm",
      "objectId": "1667652473473659487.1.75",
      "subtype": "node",
      "type": "object"
   }
}
[1766136399.396][DEBUG]: DevTools WebSocket Command: Page.getFrameTree (id=281) (session_id=0AAA18818893BB4F6B34C271151FCEB6) 5DE497F544D78911CBD1B96C7216F4D3 {
}
[1766136399.397][DEBUG]: DevTools WebSocket Response: Page.getFrameTree (id=281) (session_id=0AAA18818893BB4F6B34C271151FCEB6) 5DE497F544D78911CBD1B96C7216F4D3 {
   "frameTree": {
      "frame": {
         "adFrameStatus": {
            "adFrameType": "none"
         },
         "crossOriginIsolatedContextType": "NotIsolated",
         "domainAndRegistry": "scrape.center",
         "gatedAPIFeatures": [  ],
         "id": "5DE497F544D78911CBD1B96C7216F4D3",
         "loaderId": "5017C2A040EE4D9953D9F7C6D2E8BB92",
         "mimeType": "text/html",
         "secureContextType": "Secure",
         "securityOrigin": "https://spa1.scrape.center",
         "securityOriginDetails": {
            "isLocalhost": false
         },
         "url": "https://spa1.scrape.center/"
      }
   }
}
[1766136399.398][DEBUG]: DevTools WebSocket Command: Runtime.callFunctionOn (id=282) (session_id=0AAA18818893BB4F6B34C271151FCEB6) 5DE497F544D78911CBD1B96C7216F4D3 {
   "arguments": [ {
      "objectId": "1667652473473659487.1.75"
   } ],
   "awaitPromise": true,
   "functionDeclaration": "function(){ return (function() { // Copyright 2012 The Chromium Authors\n// Use of this source code is governed by a BSD-style license that can be\n// found in the LICENSE file.\n\n/**\n * Enum for WebD...",
   "objectGroup": "39efb4a0-dea8-4559-aa41-b23a8b4f6dc6",
   "serializationOptions": {
      "serialization": "deep"
   },
   "uniqueContextId": "-88754438306678378.-5366136884038128798"
}
[1766136399.401][DEBUG]: DevTools WebSocket Response: Runtime.callFunctionOn (id=282) (session_id=0AAA18818893BB4F6B34C271151FCEB6) 5DE497F544D78911CBD1B96C7216F4D3 {
   "result": {
      "className": "Array",
      "deepSerializedValue": {
         "type": "array",
         "value": [ {
            "type": "string",
            "value": "{\"status\":0,\"value\":\"泰坦尼克号 - Titanic\"}"
         } ]
      },
      "description": "Array(1)",
      "objectId": "1667652473473659487.1.76",
      "subtype": "array",
      "type": "object"
   }
}
[1766136399.401][DEBUG]: DevTools WebSocket Command: Runtime.releaseObjectGroup (id=283) (session_id=0AAA18818893BB4F6B34C271151FCEB6) 5DE497F544D78911CBD1B96C7216F4D3 {
   "objectGroup": "39efb4a0-dea8-4559-aa41-b23a8b4f6dc6"
}
[1766136399.401][INFO]: Waiting for pending navigations...
[1766136399.401][DEBUG]: DevTools WebSocket Command: Runtime.evaluate (id=284) (session_id=0AAA18818893BB4F6B34C271151FCEB6) 5DE497F544D78911CBD1B96C7216F4D3 {
   "expression": "1"
}
[1766136399.402][DEBUG]: DevTools WebSocket Response: Runtime.releaseObjectGroup (id=283) (session_id=0AAA18818893BB4F6B34C271151FCEB6) 5DE497F544D78911CBD1B96C7216F4D3 {
}
[1766136399.402][DEBUG]: DevTools WebSocket Response: Runtime.evaluate (id=284) (session_id=0AAA18818893BB4F6B34C271151FCEB6) 5DE497F544D78911CBD1B96C7216F4D3 {
   "result": {
      "description": "1",
      "type": "number",
      "value": 1
   }
}
[1766136399.402][INFO]: Done waiting for pending navigations. Status: ok
[1766136399.402][INFO]: [8cac16ba8b44337f2ba68d6c6e00a2d1] RESPONSE GetElementText "泰坦尼克号 - Titanic"
[1766136399.403][INFO]: [8cac16ba8b44337f2ba68d6c6e00a2d1] COMMAND FindChildElement {
   "id": "f.5DE497F544D78911CBD1B96C7216F4D3.d.5017C2A040EE4D9953D9F7C6D2E8BB92.e.12",
   "using": "css selector",
   "value": "a[href*='/detail/']"
}
[1766136399.403][INFO]: Waiting for pending navigations...
[1766136399.403][DEBUG]: DevTools WebSocket Command: Runtime.evaluate (id=285) (session_id=0AAA18818893BB4F6B34C271151FCEB6) 5DE497F544D78911CBD1B96C7216F4D3 {
   "expression": "1"
}
[1766136399.403][DEBUG]: DevTools WebSocket Response: Runtime.evaluate (id=285) (session_id=0AAA18818893BB4F6B34C271151FCEB6) 5DE497F544D78911CBD1B96C7216F4D3 {
   "result": {
      "description": "1",
      "type": "number",
      "value": 1
   }
}
[1766136399.403][INFO]: Done waiting for pending navigations. Status: ok
[1766136399.403][DEBUG]: DevTools WebSocket Command: Page.getFrameTree (id=286) (session_id=0AAA18818893BB4F6B34C271151FCEB6) 5DE497F544D78911CBD1B96C7216F4D3 {
}
[1766136399.404][DEBUG]: DevTools WebSocket Response: Page.getFrameTree (id=286) (session_id=0AAA18818893BB4F6B34C271151FCEB6) 5DE497F544D78911CBD1B96C7216F4D3 {
   "frameTree": {
      "frame": {
         "adFrameStatus": {
            "adFrameType": "none"
         },
         "crossOriginIsolatedContextType": "NotIsolated",
         "domainAndRegistry": "scrape.center",
         "gatedAPIFeatures": [  ],
         "id": "5DE497F544D78911CBD1B96C7216F4D3",
         "loaderId": "5017C2A040EE4D9953D9F7C6D2E8BB92",
         "mimeType": "text/html",
         "secureContextType": "Secure",
         "securityOrigin": "https://spa1.scrape.center",
         "securityOriginDetails": {
            "isLocalhost": false
         },
         "url": "https://spa1.scrape.center/"
      }
   }
}
[1766136399.404][DEBUG]: DevTools WebSocket Command: DOM.resolveNode (id=287) (session_id=0AAA18818893BB4F6B34C271151FCEB6) 5DE497F544D78911CBD1B96C7216F4D3 {
   "backendNodeId": 12,
   "objectGroup": "d46cb234-52f7-4fc8-bf11-4dd6bcb7fa0b"
}
[1766136399.404][DEBUG]: DevTools WebSocket Response: DOM.resolveNode (id=287) (session_id=0AAA18818893BB4F6B34C271151FCEB6) 5DE497F544D78911CBD1B96C7216F4D3 {
   "object": {
      "className": "HTMLDivElement",
      "description": "div.el-card__body",
      "objectId": "1667652473473659487.1.77",
      "subtype": "node",
      "type": "object"
   }
}
[1766136399.404][DEBUG]: DevTools WebSocket Command: Page.getFrameTree (id=288) (session_id=0AAA18818893BB4F6B34C271151FCEB6) 5DE497F544D78911CBD1B96C7216F4D3 {
}
[1766136399.404][DEBUG]: DevTools WebSocket Response: Page.getFrameTree (id=288) (session_id=0AAA18818893BB4F6B34C271151FCEB6) 5DE497F544D78911CBD1B96C7216F4D3 {
   "frameTree": {
      "frame": {
         "adFrameStatus": {
            "adFrameType": "none"
         },
         "crossOriginIsolatedContextType": "NotIsolated",
         "domainAndRegistry": "scrape.center",
         "gatedAPIFeatures": [  ],
         "id": "5DE497F544D78911CBD1B96C7216F4D3",
         "loaderId": "5017C2A040EE4D9953D9F7C6D2E8BB92",
         "mimeType": "text/html",
         "secureContextType": "Secure",
         "securityOrigin": "https://spa1.scrape.center",
         "securityOriginDetails": {
            "isLocalhost": false
         },
         "url": "https://spa1.scrape.center/"
      }
   }
}
[1766136399.406][DEBUG]: DevTools WebSocket Command: Runtime.callFunctionOn (id=289) (session_id=0AAA18818893BB4F6B34C271151FCEB6) 5DE497F544D78911CBD1B96C7216F4D3 {
   "arguments": [ {
      "objectId": "1667652473473659487.1.77"
   } ],
   "awaitPromise": true,
   "functionDeclaration": "function(){ return (function() { // Copyright 2012 The Chromium Authors\n// Use of this source code is governed by a BSD-style license that can be\n// found in the LICENSE file.\n\n/**\n * Enum for WebD...",
   "objectGroup": "d46cb234-52f7-4fc8-bf11-4dd6bcb7fa0b",
   "serializationOptions": {
      "serialization": "deep"
   },
   "uniqueContextId": "-88754438306678378.-5366136884038128798"
}
[1766136399.409][DEBUG]: DevTools WebSocket Response: Runtime.callFunctionOn (id=289) (session_id=0AAA18818893BB4F6B34C271151FCEB6) 5DE497F544D78911CBD1B96C7216F4D3 {
   "result": {
      "className": "Array",
      "deepSerializedValue": {
         "type": "array",
         "value": [ {
            "type": "string",
            "value": "{\"status\":0,\"value\":{\"element-6066-11e4-a52e-4f735466cecf\":0}}"
         }, {
            "type": "node",
            "value": {
               "attributes": {
                  "class": "",
                  "data-v-1a647406": "",
                  "href": "/detail/4"
               },
               "backendNodeId": 35,
               "childNodeCount": 1,
               "loaderId": "5017C2A040EE4D9953D9F7C6D2E8BB92",
               "localName": "a",
               "namespaceURI": "http://www.w3.org/1999/xhtml",
               "nodeType": 1,
               "shadowRoot": null
            }
         } ]
      },
      "description": "Array(2)",
      "objectId": "1667652473473659487.1.78",
      "subtype": "array",
      "type": "object"
   }
}
[1766136399.409][DEBUG]: DevTools WebSocket Command: Runtime.releaseObjectGroup (id=290) (session_id=0AAA18818893BB4F6B34C271151FCEB6) 5DE497F544D78911CBD1B96C7216F4D3 {
   "objectGroup": "d46cb234-52f7-4fc8-bf11-4dd6bcb7fa0b"
}
[1766136399.409][INFO]: Waiting for pending navigations...
[1766136399.409][DEBUG]: DevTools WebSocket Command: Runtime.evaluate (id=291) (session_id=0AAA18818893BB4F6B34C271151FCEB6) 5DE497F544D78911CBD1B96C7216F4D3 {
   "expression": "1"
}
[1766136399.410][DEBUG]: DevTools WebSocket Response: Runtime.releaseObjectGroup (id=290) (session_id=0AAA18818893BB4F6B34C271151FCEB6) 5DE497F544D78911CBD1B96C7216F4D3 {
}
[1766136399.410][DEBUG]: DevTools WebSocket Response: Runtime.evaluate (id=291) (session_id=0AAA18818893BB4F6B34C271151FCEB6) 5DE497F544D78911CBD1B96C7216F4D3 {
   "result": {
      "description": "1",
      "type": "number",
      "value": 1
   }
}
[1766136399.410][INFO]: Done waiting for pending navigations. Status: ok
[1766136399.410][INFO]: [8cac16ba8b44337f2ba68d6c6e00a2d1] RESPONSE FindChildElement {
   "element-6066-11e4-a52e-4f735466cecf": "f.5DE497F544D78911CBD1B96C7216F4D3.d.5017C2A040EE4D9953D9F7C6D2E8BB92.e.35"
}
[1766136399.411][INFO]: [8cac16ba8b44337f2ba68d6c6e00a2d1] COMMAND ExecuteScript {
   "args": [ {
      "element-6066-11e4-a52e-4f735466cecf": "f.5DE497F544D78911CBD1B96C7216F4D3.d.5017C2A040EE4D9953D9F7C6D2E8BB92.e.35"
   }, "href" ],
   "script": "/* getAttribute */return (function(){return (function(){var d=this||self;function f(a,b){function c(){}c.prototype=b.prototype;a.prototype=new c;a.prototype.constructor=a};var h=Array.prototype.indexOf?function(a,b){return Array.prototype.indexOf.call(a,b,void 0)}:function(a,b){if(\"string\"===typeof a)return\"string\"!==typeof b||1!=b.length?-1:a.indexOf(b,0);for(var c=0;c\u003Ca.length;c++)if(c in a&&a[c]===b)return c;return-1},k=Array.prototype.forEach?function(a,b){Array.prototype.forEach.call(a,b,void 0)}:function(a,b){for(var c=a.length,e=\"string\"===typeof a?a.split(\"\"):a,g=0;g\u003Cc;g++)g in e&&b.call(void 0,e[g],g,a)};function l(a,b){this.code=a;this.a=m[a]||n;this.message=b||\"\";a=this.a.replace(/((?:^|\\s+)[a-z])/g,function(c){return c.toUpperCase().replace(/^[\\s\\xa0]+/g,\"\")});b=a.length-5;if(0>b||a.indexOf(\"Error\",b)!=b)a+=\"Error\";this.name=a;a=Error(this.message);a.name=this.name;this.stack=a.stack||\"\"}f(l,Error);var n=\"unknown error\",m={15:\"element not selectable\",11:\"element not visible\"};m[31]=n;m[30]=n;m[24]=\"invalid cookie domain\";m[29]=\"invalid element coordinates\";m[12]=\"invalid element state\";m[32]=\"invalid selector\";\nm[51]=\"invalid selector\";m[52]=\"invalid selector\";m[17]=\"javascript error\";m[405]=\"unsupported operation\";m[34]=\"move target out of bounds\";m[27]=\"no such alert\";m[7]=\"no such element\";m[8]=\"no such frame\";m[23]=\"no such window\";m[28]=\"script timeout\";m[33]=\"session not created\";m[10]=\"stale element reference\";m[21]=\"timeout\";m[25]=\"unable to set cookie\";m[26]=\"unexpected alert open\";m[13]=n;m[9]=\"unknown command\";var p;a:{var q=d.navigator;if(q){var r=q.userAgent;if(r){p=r;break a}}p=\"\"}function t(a){return-1!=p.indexOf(a)};function u(){return t(\"Firefox\")||t(\"FxiOS\")}function v(){return(t(\"Chrome\")||t(\"CriOS\"))&&!t(\"Edge\")};function w(){return t(\"iPhone\")&&!t(\"iPod\")&&!t(\"iPad\")};var y=t(\"Opera\"),z=t(\"Trident\")||t(\"MSIE\"),A=t(\"Edge\"),B=t(\"Gecko\")&&!(-1!=p.toLowerCase().indexOf(\"webkit\")&&!t(\"Edge\"))&&!(t(\"Trident\")||t(\"MSIE\"))&&!t(\"Edge\"),C=-1!=p.toLowerCase().indexOf(\"webkit\")&&!t(\"Edge\");function D(){var a=d.document;return a?a.documentMode:void 0}var E;\na:{var F=\"\",G=function(){var a=p;if(B)return/rv:([^\\);]+)(\\)|;)/.exec(a);if(A)return/Edge\\/([\\d\\.]+)/.exec(a);if(z)return/\\b(?:MSIE|rv)[: ]([^\\);]+)(\\)|;)/.exec(a);if(C)return/WebKit\\/(\\S+)/.exec(a);if(y)return/(?:Version)[ \\/]?(\\S+)/.exec(a)}();G&&(F=G?G[1]:\"\");if(z){var H=D();if(null!=H&&H>parseFloat(F)){E=String(H);break a}}E=F}var I;I=d.document&&z?D():void 0;var J=u(),K=w()||t(\"iPod\"),L=t(\"iPad\"),M=t(\"Android\")&&!(v()||u()||t(\"Opera\")||t(\"Silk\")),N=v(),aa=t(\"Safari\")&&!(v()||t(\"Coast\")||t(\"Opera\")||t(\"Edge\")||t(\"Edg/\")||t(\"OPR\")||u()||t(\"Silk\")||t(\"Android\"))&&!(w()||t(\"iPad\")||t(\"iPod\"));function O(a){return(a=a.exec(p))?a[1]:\"\"}(function(){if(J)return O(/Firefox\\/([0-9.]+)/);if(z||A||y)return E;if(N)return w()||t(\"iPad\")||t(\"iPod\")?O(/CriOS\\/([0-9.]+)/):O(/Chrome\\/([0-9.]+)/);if(aa&&!(w()||t(\"iPad\")||t(\"iPod\")))return O(/Version\\/([0-9.]+)/);if(K||L){var a=/Version\\/(\\S+).*Mobile\\/(\\S+)/.exec(p);if(a)return a[1]+\".\"+a[2]}else if(M)return(a=O(/Android\\s+([0-9.]+)/))?a:O(/Version\\/([0-9.]+)/);return\"\"})();var P=z&&!(8\u003C=Number(I)),ba=z&&!(9\u003C=Number(I));var ca={SCRIPT:1,STYLE:1,HEAD:1,IFRAME:1,OBJECT:1},Q={IMG:\" \",BR:\"\\n\"};function R(a,b,c){if(!(a.nodeName in ca))if(3==a.nodeType)c?b.push(String(a.nodeValue).replace(/(\\r\\n|\\r|\\n)/g,\"\")):b.push(a.nodeValue);else if(a.nodeName in Q)b.push(Q[a.nodeName]);else for(a=a.firstChild;a;)R(a,b,c),a=a.nextSibling};function S(a,b){b=b.toLowerCase();return\"style\"==b?da(a.style.cssText):P&&\"value\"==b&&T(a,\"INPUT\")?a.value:ba&&!0===a[b]?String(a.getAttribute(b)):(a=a.getAttributeNode(b))&&a.specified?a.value:null}var ea=/[;]+(?=(?:(?:[^\"]*\"){2})*[^\"]*$)(?=(?:(?:[^']*'){2})*[^']*$)(?=(?:[^()]*\\([^()]*\\))*[^()]*$)/;\nfunction da(a){var b=[];k(a.split(ea),function(c){var e=c.indexOf(\":\");0\u003Ce&&(c=[c.slice(0,e),c.slice(e+1)],2==c.length&&b.push(c[0].toLowerCase(),\":\",c[1],\";\"))});b=b.join(\"\");return b=\";\"==b.charAt(b.length-1)?b:b+\";\"}function U(a,b){P&&\"value\"==b&&T(a,\"OPTION\")&&null===S(a,\"value\")?(b=[],R(a,b,!1),a=b.join(\"\")):a=a[b];return a}\nfunction T(a,b){b&&\"string\"!==typeof b&&(b=b.toString());return a instanceof HTMLFormElement?!!a&&1==a.nodeType&&(!b||\"FORM\"==b):!!a&&1==a.nodeType&&(!b||a.tagName.toUpperCase()==b)}function V(a){return T(a,\"OPTION\")?!0:T(a,\"INPUT\")?(a=a.type.toLowerCase(),\"checkbox\"==a||\"radio\"==a):!1};var fa={\"class\":\"className\",readonly:\"readOnly\"},ha=\"allowfullscreen allowpaymentrequest allowusermedia async autofocus autoplay checked compact complete controls declare default defaultchecked defaultselected defer disabled ended formnovalidate hidden indeterminate iscontenteditable ismap itemscope loop multiple muted nohref nomodule noresize noshade novalidate nowrap open paused playsinline pubdate readonly required reversed scoped seamless seeking selected truespeed typemustmatch willvalidate\".split(\" \");function W(a,b){var c=null,e=b.toLowerCase();if(\"style\"==e)return(c=a.style)&&\"string\"!=typeof c&&(c=c.cssText),c;if((\"selected\"==e||\"checked\"==e)&&V(a)){if(!V(a))throw new l(15,\"Element is not selectable\");b=\"selected\";c=a.type&&a.type.toLowerCase();if(\"checkbox\"==c||\"radio\"==c)b=\"checked\";return U(a,b)?\"true\":null}var g=T(a,\"A\");if(T(a,\"IMG\")&&\"src\"==e||g&&\"href\"==e)return(c=S(a,e))&&(c=U(a,e)),c;if(\"spellcheck\"==e){c=S(a,e);if(null!==c){if(\"false\"==c.toLowerCase())return\"false\";if(\"true\"==c.toLowerCase())return\"true\"}return U(a,\ne)+\"\"}g=fa[b]||b;if(0\u003C=h(ha,e))return(c=null!==S(a,b)||U(a,g))?\"true\":null;try{var x=U(a,g)}catch(ia){}(e=null==x)||(e=typeof x,e=\"object\"==e&&null!=x||\"function\"==e);e?c=S(a,b):c=x;return null!=c?c.toString():null}var X=[\"se_exportedFunctionSymbol\"],Y=d;X[0]in Y||\"undefined\"==typeof Y.execScript||Y.execScript(\"var \"+X[0]);for(var Z;X.length&&(Z=X.shift());)X.length||void 0===W?Y[Z]&&Y[Z]!==Object.prototype[Z]?Y=Y[Z]:Y=Y[Z]={}:Y[Z]=W;; return this.se_exportedFunctionSymbol.apply(null,arguments);}).apply(window, arguments);}\n).apply(null, arguments);"
}
[1766136399.411][INFO]: Waiting for pending navigations...
[1766136399.411][DEBUG]: DevTools WebSocket Command: Runtime.evaluate (id=292) (session_id=0AAA18818893BB4F6B34C271151FCEB6) 5DE497F544D78911CBD1B96C7216F4D3 {
   "expression": "1"
}
[1766136399.411][DEBUG]: DevTools WebSocket Response: Runtime.evaluate (id=292) (session_id=0AAA18818893BB4F6B34C271151FCEB6) 5DE497F544D78911CBD1B96C7216F4D3 {
   "result": {
      "description": "1",
      "type": "number",
      "value": 1
   }
}
[1766136399.411][INFO]: Done waiting for pending navigations. Status: ok
[1766136399.411][DEBUG]: DevTools WebSocket Command: Page.getFrameTree (id=293) (session_id=0AAA18818893BB4F6B34C271151FCEB6) 5DE497F544D78911CBD1B96C7216F4D3 {
}
[1766136399.412][DEBUG]: DevTools WebSocket Response: Page.getFrameTree (id=293) (session_id=0AAA18818893BB4F6B34C271151FCEB6) 5DE497F544D78911CBD1B96C7216F4D3 {
   "frameTree": {
      "frame": {
         "adFrameStatus": {
            "adFrameType": "none"
         },
         "crossOriginIsolatedContextType": "NotIsolated",
         "domainAndRegistry": "scrape.center",
         "gatedAPIFeatures": [  ],
         "id": "5DE497F544D78911CBD1B96C7216F4D3",
         "loaderId": "5017C2A040EE4D9953D9F7C6D2E8BB92",
         "mimeType": "text/html",
         "secureContextType": "Secure",
         "securityOrigin": "https://spa1.scrape.center",
         "securityOriginDetails": {
            "isLocalhost": false
         },
         "url": "https://spa1.scrape.center/"
      }
   }
}
[1766136399.412][DEBUG]: DevTools WebSocket Command: DOM.resolveNode (id=294) (session_id=0AAA18818893BB4F6B34C271151FCEB6) 5DE497F544D78911CBD1B96C7216F4D3 {
   "backendNodeId": 35,
   "objectGroup": "61805596-4dfb-4888-808e-9ab0b6712ff2"
}
[1766136399.412][DEBUG]: DevTools WebSocket Response: DOM.resolveNode (id=294) (session_id=0AAA18818893BB4F6B34C271151FCEB6) 5DE497F544D78911CBD1B96C7216F4D3 {
   "object": {
      "className": "HTMLAnchorElement",
      "description": "a",
      "objectId": "1667652473473659487.1.79",
      "subtype": "node",
      "type": "object"
   }
}
[1766136399.412][DEBUG]: DevTools WebSocket Command: Page.getFrameTree (id=295) (session_id=0AAA18818893BB4F6B34C271151FCEB6) 5DE497F544D78911CBD1B96C7216F4D3 {
}
[1766136399.413][DEBUG]: DevTools WebSocket Response: Page.getFrameTree (id=295) (session_id=0AAA18818893BB4F6B34C271151FCEB6) 5DE497F544D78911CBD1B96C7216F4D3 {
   "frameTree": {
      "frame": {
         "adFrameStatus": {
            "adFrameType": "none"
         },
         "crossOriginIsolatedContextType": "NotIsolated",
         "domainAndRegistry": "scrape.center",
         "gatedAPIFeatures": [  ],
         "id": "5DE497F544D78911CBD1B96C7216F4D3",
         "loaderId": "5017C2A040EE4D9953D9F7C6D2E8BB92",
         "mimeType": "text/html",
         "secureContextType": "Secure",
         "securityOrigin": "https://spa1.scrape.center",
         "securityOriginDetails": {
            "isLocalhost": false
         },
         "url": "https://spa1.scrape.center/"
      }
   }
}
[1766136399.413][DEBUG]: DevTools WebSocket Command: Runtime.callFunctionOn (id=296) (session_id=0AAA18818893BB4F6B34C271151FCEB6) 5DE497F544D78911CBD1B96C7216F4D3 {
   "arguments": [ {
      "objectId": "1667652473473659487.1.79"
   } ],
   "awaitPromise": true,
   "functionDeclaration": "function(){ return (function() { // Copyright 2012 The Chromium Authors\n// Use of this source code is governed by a BSD-style license that can be\n// found in the LICENSE file.\n\n/**\n * Enum for WebD...",
   "objectGroup": "61805596-4dfb-4888-808e-9ab0b6712ff2",
   "serializationOptions": {
      "serialization": "deep"
   },
   "uniqueContextId": "-88754438306678378.-5366136884038128798"
}
[1766136399.414][DEBUG]: DevTools WebSocket Response: Runtime.callFunctionOn (id=296) (session_id=0AAA18818893BB4F6B34C271151FCEB6) 5DE497F544D78911CBD1B96C7216F4D3 {
   "result": {
      "className": "Array",
      "deepSerializedValue": {
         "type": "array",
         "value": [ {
            "type": "string",
            "value": "{\"status\":0,\"value\":\"https://spa1.scrape.center/detail/4\"}"
         } ]
      },
      "description": "Array(1)",
      "objectId": "1667652473473659487.1.80",
      "subtype": "array",
      "type": "object"
   }
}
[1766136399.414][DEBUG]: DevTools WebSocket Command: Runtime.releaseObjectGroup (id=297) (session_id=0AAA18818893BB4F6B34C271151FCEB6) 5DE497F544D78911CBD1B96C7216F4D3 {
   "objectGroup": "61805596-4dfb-4888-808e-9ab0b6712ff2"
}
[1766136399.414][INFO]: Waiting for pending navigations...
[1766136399.414][DEBUG]: DevTools WebSocket Command: Runtime.evaluate (id=298) (session_id=0AAA18818893BB4F6B34C271151FCEB6) 5DE497F544D78911CBD1B96C7216F4D3 {
   "expression": "1"
}
[1766136399.414][DEBUG]: DevTools WebSocket Response: Runtime.releaseObjectGroup (id=297) (session_id=0AAA18818893BB4F6B34C271151FCEB6) 5DE497F544D78911CBD1B96C7216F4D3 {
}
[1766136399.414][DEBUG]: DevTools WebSocket Response: Runtime.evaluate (id=298) (session_id=0AAA18818893BB4F6B34C271151FCEB6) 5DE497F544D78911CBD1B96C7216F4D3 {
   "result": {
      "description": "1",
      "type": "number",
      "value": 1
   }
}
[1766136399.414][INFO]: Done waiting for pending navigations. Status: ok
[1766136399.415][INFO]: [8cac16ba8b44337f2ba68d6c6e00a2d1] RESPONSE ExecuteScript "https://spa1.scrape.center/detail/4"
[1766136399.415][INFO]: [8cac16ba8b44337f2ba68d6c6e00a2d1] COMMAND FindChildElements {
   "id": "f.5DE497F544D78911CBD1B96C7216F4D3.d.5017C2A040EE4D9953D9F7C6D2E8BB92.e.12",
   "using": "css selector",
   "value": ".m-v-sm"
}
[1766136399.415][INFO]: Waiting for pending navigations...
[1766136399.415][DEBUG]: DevTools WebSocket Command: Runtime.evaluate (id=299) (session_id=0AAA18818893BB4F6B34C271151FCEB6) 5DE497F544D78911CBD1B96C7216F4D3 {
   "expression": "1"
}
[1766136399.416][DEBUG]: DevTools WebSocket Response: Runtime.evaluate (id=299) (session_id=0AAA18818893BB4F6B34C271151FCEB6) 5DE497F544D78911CBD1B96C7216F4D3 {
   "result": {
      "description": "1",
      "type": "number",
      "value": 1
   }
}
[1766136399.416][INFO]: Done waiting for pending navigations. Status: ok
[1766136399.416][DEBUG]: DevTools WebSocket Command: Page.getFrameTree (id=300) (session_id=0AAA18818893BB4F6B34C271151FCEB6) 5DE497F544D78911CBD1B96C7216F4D3 {
}
[1766136399.416][DEBUG]: DevTools WebSocket Response: Page.getFrameTree (id=300) (session_id=0AAA18818893BB4F6B34C271151FCEB6) 5DE497F544D78911CBD1B96C7216F4D3 {
   "frameTree": {
      "frame": {
         "adFrameStatus": {
            "adFrameType": "none"
         },
         "crossOriginIsolatedContextType": "NotIsolated",
         "domainAndRegistry": "scrape.center",
         "gatedAPIFeatures": [  ],
         "id": "5DE497F544D78911CBD1B96C7216F4D3",
         "loaderId": "5017C2A040EE4D9953D9F7C6D2E8BB92",
         "mimeType": "text/html",
         "secureContextType": "Secure",
         "securityOrigin": "https://spa1.scrape.center",
         "securityOriginDetails": {
            "isLocalhost": false
         },
         "url": "https://spa1.scrape.center/"
      }
   }
}
[1766136399.416][DEBUG]: DevTools WebSocket Command: DOM.resolveNode (id=301) (session_id=0AAA18818893BB4F6B34C271151FCEB6) 5DE497F544D78911CBD1B96C7216F4D3 {
   "backendNodeId": 12,
   "objectGroup": "406a7579-462d-4b98-808b-59451e2c2589"
}
[1766136399.417][DEBUG]: DevTools WebSocket Response: DOM.resolveNode (id=301) (session_id=0AAA18818893BB4F6B34C271151FCEB6) 5DE497F544D78911CBD1B96C7216F4D3 {
   "object": {
      "className": "HTMLDivElement",
      "description": "div.el-card__body",
      "objectId": "1667652473473659487.1.81",
      "subtype": "node",
      "type": "object"
   }
}
[1766136399.417][DEBUG]: DevTools WebSocket Command: Page.getFrameTree (id=302) (session_id=0AAA18818893BB4F6B34C271151FCEB6) 5DE497F544D78911CBD1B96C7216F4D3 {
}
[1766136399.417][DEBUG]: DevTools WebSocket Response: Page.getFrameTree (id=302) (session_id=0AAA18818893BB4F6B34C271151FCEB6) 5DE497F544D78911CBD1B96C7216F4D3 {
   "frameTree": {
      "frame": {
         "adFrameStatus": {
            "adFrameType": "none"
         },
         "crossOriginIsolatedContextType": "NotIsolated",
         "domainAndRegistry": "scrape.center",
         "gatedAPIFeatures": [  ],
         "id": "5DE497F544D78911CBD1B96C7216F4D3",
         "loaderId": "5017C2A040EE4D9953D9F7C6D2E8BB92",
         "mimeType": "text/html",
         "secureContextType": "Secure",
         "securityOrigin": "https://spa1.scrape.center",
         "securityOriginDetails": {
            "isLocalhost": false
         },
         "url": "https://spa1.scrape.center/"
      }
   }
}
[1766136399.418][DEBUG]: DevTools WebSocket Command: Runtime.callFunctionOn (id=303) (session_id=0AAA18818893BB4F6B34C271151FCEB6) 5DE497F544D78911CBD1B96C7216F4D3 {
   "arguments": [ {
      "objectId": "1667652473473659487.1.81"
   } ],
   "awaitPromise": true,
   "functionDeclaration": "function(){ return (function() { // Copyright 2012 The Chromium Authors\n// Use of this source code is governed by a BSD-style license that can be\n// found in the LICENSE file.\n\n/**\n * Enum for WebD...",
   "objectGroup": "406a7579-462d-4b98-808b-59451e2c2589",
   "serializationOptions": {
      "serialization": "deep"
   },
   "uniqueContextId": "-88754438306678378.-5366136884038128798"
}
[1766136399.420][DEBUG]: DevTools WebSocket Response: Runtime.callFunctionOn (id=303) (session_id=0AAA18818893BB4F6B34C271151FCEB6) 5DE497F544D78911CBD1B96C7216F4D3 {
   "result": {
      "className": "Array",
      "deepSerializedValue": {
         "type": "array",
         "value": [ {
            "type": "string",
            "value": "{\"status\":0,\"value\":[{\"element-6066-11e4-a52e-4f735466cecf\":0},{\"element-6066-11e4-a52e-4f735466cecf\":1}]}"
         }, {
            "type": "node",
            "value": {
               "attributes": {
                  "class": "m-v-sm info",
                  "data-v-1a647406": ""
               },
               "backendNodeId": 36,
               "childNodeCount": 3,
               "loaderId": "5017C2A040EE4D9953D9F7C6D2E8BB92",
               "localName": "div",
               "namespaceURI": "http://www.w3.org/1999/xhtml",
               "nodeType": 1,
               "shadowRoot": null
            }
         }, {
            "type": "node",
            "value": {
               "attributes": {
                  "class": "m-v-sm info",
                  "data-v-1a647406": ""
               },
               "backendNodeId": 37,
               "childNodeCount": 1,
               "loaderId": "5017C2A040EE4D9953D9F7C6D2E8BB92",
               "localName": "div",
               "namespaceURI": "http://www.w3.org/1999/xhtml",
               "nodeType": 1,
               "shadowRoot": null
            }
         } ]
      },
      "description": "Array(3)",
      "objectId": "1667652473473659487.1.82",
      "subtype": "array",
      "type": "object"
   }
}
[1766136399.420][DEBUG]: DevTools WebSocket Command: Runtime.releaseObjectGroup (id=304) (session_id=0AAA18818893BB4F6B34C271151FCEB6) 5DE497F544D78911CBD1B96C7216F4D3 {
   "objectGroup": "406a7579-462d-4b98-808b-59451e2c2589"
}
[1766136399.420][INFO]: Waiting for pending navigations...
[1766136399.421][DEBUG]: DevTools WebSocket Command: Runtime.evaluate (id=305) (session_id=0AAA18818893BB4F6B34C271151FCEB6) 5DE497F544D78911CBD1B96C7216F4D3 {
   "expression": "1"
}
[1766136399.421][DEBUG]: DevTools WebSocket Response: Runtime.releaseObjectGroup (id=304) (session_id=0AAA18818893BB4F6B34C271151FCEB6) 5DE497F544D78911CBD1B96C7216F4D3 {
}
[1766136399.421][DEBUG]: DevTools WebSocket Response: Runtime.evaluate (id=305) (session_id=0AAA18818893BB4F6B34C271151FCEB6) 5DE497F544D78911CBD1B96C7216F4D3 {
   "result": {
      "description": "1",
      "type": "number",
      "value": 1
   }
}
[1766136399.421][INFO]: Done waiting for pending navigations. Status: ok
[1766136399.421][INFO]: [8cac16ba8b44337f2ba68d6c6e00a2d1] RESPONSE FindChildElements [ {
   "element-6066-11e4-a52e-4f735466cecf": "f.5DE497F544D78911CBD1B96C7216F4D3.d.5017C2A040EE4D9953D9F7C6D2E8BB92.e.36"
}, {
   "element-6066-11e4-a52e-4f735466cecf": "f.5DE497F544D78911CBD1B96C7216F4D3.d.5017C2A040EE4D9953D9F7C6D2E8BB92.e.37"
} ]
[1766136399.422][INFO]: [8cac16ba8b44337f2ba68d6c6e00a2d1] COMMAND GetElementText {
   "id": "f.5DE497F544D78911CBD1B96C7216F4D3.d.5017C2A040EE4D9953D9F7C6D2E8BB92.e.36"
}
[1766136399.422][INFO]: Waiting for pending navigations...
[1766136399.422][DEBUG]: DevTools WebSocket Command: Runtime.evaluate (id=306) (session_id=0AAA18818893BB4F6B34C271151FCEB6) 5DE497F544D78911CBD1B96C7216F4D3 {
   "expression": "1"
}
[1766136399.422][DEBUG]: DevTools WebSocket Response: Runtime.evaluate (id=306) (session_id=0AAA18818893BB4F6B34C271151FCEB6) 5DE497F544D78911CBD1B96C7216F4D3 {
   "result": {
      "description": "1",
      "type": "number",
      "value": 1
   }
}
[1766136399.422][INFO]: Done waiting for pending navigations. Status: ok
[1766136399.422][DEBUG]: DevTools WebSocket Command: Page.getFrameTree (id=307) (session_id=0AAA18818893BB4F6B34C271151FCEB6) 5DE497F544D78911CBD1B96C7216F4D3 {
}
[1766136399.422][DEBUG]: DevTools WebSocket Response: Page.getFrameTree (id=307) (session_id=0AAA18818893BB4F6B34C271151FCEB6) 5DE497F544D78911CBD1B96C7216F4D3 {
   "frameTree": {
      "frame": {
         "adFrameStatus": {
            "adFrameType": "none"
         },
         "crossOriginIsolatedContextType": "NotIsolated",
         "domainAndRegistry": "scrape.center",
         "gatedAPIFeatures": [  ],
         "id": "5DE497F544D78911CBD1B96C7216F4D3",
         "loaderId": "5017C2A040EE4D9953D9F7C6D2E8BB92",
         "mimeType": "text/html",
         "secureContextType": "Secure",
         "securityOrigin": "https://spa1.scrape.center",
         "securityOriginDetails": {
            "isLocalhost": false
         },
         "url": "https://spa1.scrape.center/"
      }
   }
}
[1766136399.422][DEBUG]: DevTools WebSocket Command: DOM.resolveNode (id=308) (session_id=0AAA18818893BB4F6B34C271151FCEB6) 5DE497F544D78911CBD1B96C7216F4D3 {
   "backendNodeId": 36,
   "objectGroup": "a4ff9091-3c3c-4179-93dc-8da3e5af5eca"
}
[1766136399.423][DEBUG]: DevTools WebSocket Response: DOM.resolveNode (id=308) (session_id=0AAA18818893BB4F6B34C271151FCEB6) 5DE497F544D78911CBD1B96C7216F4D3 {
   "object": {
      "className": "HTMLDivElement",
      "description": "div.m-v-sm.info",
      "objectId": "1667652473473659487.1.83",
      "subtype": "node",
      "type": "object"
   }
}
[1766136399.423][DEBUG]: DevTools WebSocket Command: Page.getFrameTree (id=309) (session_id=0AAA18818893BB4F6B34C271151FCEB6) 5DE497F544D78911CBD1B96C7216F4D3 {
}
[1766136399.423][DEBUG]: DevTools WebSocket Response: Page.getFrameTree (id=309) (session_id=0AAA18818893BB4F6B34C271151FCEB6) 5DE497F544D78911CBD1B96C7216F4D3 {
   "frameTree": {
      "frame": {
         "adFrameStatus": {
            "adFrameType": "none"
         },
         "crossOriginIsolatedContextType": "NotIsolated",
         "domainAndRegistry": "scrape.center",
         "gatedAPIFeatures": [  ],
         "id": "5DE497F544D78911CBD1B96C7216F4D3",
         "loaderId": "5017C2A040EE4D9953D9F7C6D2E8BB92",
         "mimeType": "text/html",
         "secureContextType": "Secure",
         "securityOrigin": "https://spa1.scrape.center",
         "securityOriginDetails": {
            "isLocalhost": false
         },
         "url": "https://spa1.scrape.center/"
      }
   }
}
[1766136399.424][DEBUG]: DevTools WebSocket Command: Runtime.callFunctionOn (id=310) (session_id=0AAA18818893BB4F6B34C271151FCEB6) 5DE497F544D78911CBD1B96C7216F4D3 {
   "arguments": [ {
      "objectId": "1667652473473659487.1.83"
   } ],
   "awaitPromise": true,
   "functionDeclaration": "function(){ return (function() { // Copyright 2012 The Chromium Authors\n// Use of this source code is governed by a BSD-style license that can be\n// found in the LICENSE file.\n\n/**\n * Enum for WebD...",
   "objectGroup": "a4ff9091-3c3c-4179-93dc-8da3e5af5eca",
   "serializationOptions": {
      "serialization": "deep"
   },
   "uniqueContextId": "-88754438306678378.-5366136884038128798"
}
[1766136399.428][DEBUG]: DevTools WebSocket Response: Runtime.callFunctionOn (id=310) (session_id=0AAA18818893BB4F6B34C271151FCEB6) 5DE497F544D78911CBD1B96C7216F4D3 {
   "result": {
      "className": "Array",
      "deepSerializedValue": {
         "type": "array",
         "value": [ {
            "type": "string",
            "value": "{\"status\":0,\"value\":\"美国 / 194 分钟\"}"
         } ]
      },
      "description": "Array(1)",
      "objectId": "1667652473473659487.1.84",
      "subtype": "array",
      "type": "object"
   }
}
[1766136399.428][DEBUG]: DevTools WebSocket Command: Runtime.releaseObjectGroup (id=311) (session_id=0AAA18818893BB4F6B34C271151FCEB6) 5DE497F544D78911CBD1B96C7216F4D3 {
   "objectGroup": "a4ff9091-3c3c-4179-93dc-8da3e5af5eca"
}
[1766136399.428][INFO]: Waiting for pending navigations...
[1766136399.428][DEBUG]: DevTools WebSocket Command: Runtime.evaluate (id=312) (session_id=0AAA18818893BB4F6B34C271151FCEB6) 5DE497F544D78911CBD1B96C7216F4D3 {
   "expression": "1"
}
[1766136399.428][DEBUG]: DevTools WebSocket Response: Runtime.releaseObjectGroup (id=311) (session_id=0AAA18818893BB4F6B34C271151FCEB6) 5DE497F544D78911CBD1B96C7216F4D3 {
}
[1766136399.428][DEBUG]: DevTools WebSocket Response: Runtime.evaluate (id=312) (session_id=0AAA18818893BB4F6B34C271151FCEB6) 5DE497F544D78911CBD1B96C7216F4D3 {
   "result": {
      "description": "1",
      "type": "number",
      "value": 1
   }
}
[1766136399.428][INFO]: Done waiting for pending navigations. Status: ok
[1766136399.428][INFO]: [8cac16ba8b44337f2ba68d6c6e00a2d1] RESPONSE GetElementText "美国 / 194 分钟"
[1766136399.429][INFO]: [8cac16ba8b44337f2ba68d6c6e00a2d1] COMMAND FindChildElements {
   "id": "f.5DE497F544D78911CBD1B96C7216F4D3.d.5017C2A040EE4D9953D9F7C6D2E8BB92.e.12",
   "using": "css selector",
   "value": ".m-v-sm"
}
[1766136399.429][INFO]: Waiting for pending navigations...
[1766136399.429][DEBUG]: DevTools WebSocket Command: Runtime.evaluate (id=313) (session_id=0AAA18818893BB4F6B34C271151FCEB6) 5DE497F544D78911CBD1B96C7216F4D3 {
   "expression": "1"
}
[1766136399.430][DEBUG]: DevTools WebSocket Response: Runtime.evaluate (id=313) (session_id=0AAA18818893BB4F6B34C271151FCEB6) 5DE497F544D78911CBD1B96C7216F4D3 {
   "result": {
      "description": "1",
      "type": "number",
      "value": 1
   }
}
[1766136399.430][INFO]: Done waiting for pending navigations. Status: ok
[1766136399.430][DEBUG]: DevTools WebSocket Command: Page.getFrameTree (id=314) (session_id=0AAA18818893BB4F6B34C271151FCEB6) 5DE497F544D78911CBD1B96C7216F4D3 {
}
[1766136399.430][DEBUG]: DevTools WebSocket Response: Page.getFrameTree (id=314) (session_id=0AAA18818893BB4F6B34C271151FCEB6) 5DE497F544D78911CBD1B96C7216F4D3 {
   "frameTree": {
      "frame": {
         "adFrameStatus": {
            "adFrameType": "none"
         },
         "crossOriginIsolatedContextType": "NotIsolated",
         "domainAndRegistry": "scrape.center",
         "gatedAPIFeatures": [  ],
         "id": "5DE497F544D78911CBD1B96C7216F4D3",
         "loaderId": "5017C2A040EE4D9953D9F7C6D2E8BB92",
         "mimeType": "text/html",
         "secureContextType": "Secure",
         "securityOrigin": "https://spa1.scrape.center",
         "securityOriginDetails": {
            "isLocalhost": false
         },
         "url": "https://spa1.scrape.center/"
      }
   }
}
[1766136399.430][DEBUG]: DevTools WebSocket Command: DOM.resolveNode (id=315) (session_id=0AAA18818893BB4F6B34C271151FCEB6) 5DE497F544D78911CBD1B96C7216F4D3 {
   "backendNodeId": 12,
   "objectGroup": "5331625f-1c9e-4793-a40b-8ebd75512e7c"
}
[1766136399.431][DEBUG]: DevTools WebSocket Response: DOM.resolveNode (id=315) (session_id=0AAA18818893BB4F6B34C271151FCEB6) 5DE497F544D78911CBD1B96C7216F4D3 {
   "object": {
      "className": "HTMLDivElement",
      "description": "div.el-card__body",
      "objectId": "1667652473473659487.1.85",
      "subtype": "node",
      "type": "object"
   }
}
[1766136399.431][DEBUG]: DevTools WebSocket Command: Page.getFrameTree (id=316) (session_id=0AAA18818893BB4F6B34C271151FCEB6) 5DE497F544D78911CBD1B96C7216F4D3 {
}
[1766136399.431][DEBUG]: DevTools WebSocket Response: Page.getFrameTree (id=316) (session_id=0AAA18818893BB4F6B34C271151FCEB6) 5DE497F544D78911CBD1B96C7216F4D3 {
   "frameTree": {
      "frame": {
         "adFrameStatus": {
            "adFrameType": "none"
         },
         "crossOriginIsolatedContextType": "NotIsolated",
         "domainAndRegistry": "scrape.center",
         "gatedAPIFeatures": [  ],
         "id": "5DE497F544D78911CBD1B96C7216F4D3",
         "loaderId": "5017C2A040EE4D9953D9F7C6D2E8BB92",
         "mimeType": "text/html",
         "secureContextType": "Secure",
         "securityOrigin": "https://spa1.scrape.center",
         "securityOriginDetails": {
            "isLocalhost": false
         },
         "url": "https://spa1.scrape.center/"
      }
   }
}
[1766136399.432][DEBUG]: DevTools WebSocket Command: Runtime.callFunctionOn (id=317) (session_id=0AAA18818893BB4F6B34C271151FCEB6) 5DE497F544D78911CBD1B96C7216F4D3 {
   "arguments": [ {
      "objectId": "1667652473473659487.1.85"
   } ],
   "awaitPromise": true,
   "functionDeclaration": "function(){ return (function() { // Copyright 2012 The Chromium Authors\n// Use of this source code is governed by a BSD-style license that can be\n// found in the LICENSE file.\n\n/**\n * Enum for WebD...",
   "objectGroup": "5331625f-1c9e-4793-a40b-8ebd75512e7c",
   "serializationOptions": {
      "serialization": "deep"
   },
   "uniqueContextId": "-88754438306678378.-5366136884038128798"
}
[1766136399.434][DEBUG]: DevTools WebSocket Response: Runtime.callFunctionOn (id=317) (session_id=0AAA18818893BB4F6B34C271151FCEB6) 5DE497F544D78911CBD1B96C7216F4D3 {
   "result": {
      "className": "Array",
      "deepSerializedValue": {
         "type": "array",
         "value": [ {
            "type": "string",
            "value": "{\"status\":0,\"value\":[{\"element-6066-11e4-a52e-4f735466cecf\":0},{\"element-6066-11e4-a52e-4f735466cecf\":1}]}"
         }, {
            "type": "node",
            "value": {
               "attributes": {
                  "class": "m-v-sm info",
                  "data-v-1a647406": ""
               },
               "backendNodeId": 36,
               "childNodeCount": 3,
               "loaderId": "5017C2A040EE4D9953D9F7C6D2E8BB92",
               "localName": "div",
               "namespaceURI": "http://www.w3.org/1999/xhtml",
               "nodeType": 1,
               "shadowRoot": null
            }
         }, {
            "type": "node",
            "value": {
               "attributes": {
                  "class": "m-v-sm info",
                  "data-v-1a647406": ""
               },
               "backendNodeId": 37,
               "childNodeCount": 1,
               "loaderId": "5017C2A040EE4D9953D9F7C6D2E8BB92",
               "localName": "div",
               "namespaceURI": "http://www.w3.org/1999/xhtml",
               "nodeType": 1,
               "shadowRoot": null
            }
         } ]
      },
      "description": "Array(3)",
      "objectId": "1667652473473659487.1.86",
      "subtype": "array",
      "type": "object"
   }
}
[1766136399.434][DEBUG]: DevTools WebSocket Command: Runtime.releaseObjectGroup (id=318) (session_id=0AAA18818893BB4F6B34C271151FCEB6) 5DE497F544D78911CBD1B96C7216F4D3 {
   "objectGroup": "5331625f-1c9e-4793-a40b-8ebd75512e7c"
}
[1766136399.434][INFO]: Waiting for pending navigations...
[1766136399.434][DEBUG]: DevTools WebSocket Command: Runtime.evaluate (id=319) (session_id=0AAA18818893BB4F6B34C271151FCEB6) 5DE497F544D78911CBD1B96C7216F4D3 {
   "expression": "1"
}
[1766136399.434][DEBUG]: DevTools WebSocket Response: Runtime.releaseObjectGroup (id=318) (session_id=0AAA18818893BB4F6B34C271151FCEB6) 5DE497F544D78911CBD1B96C7216F4D3 {
}
[1766136399.435][DEBUG]: DevTools WebSocket Response: Runtime.evaluate (id=319) (session_id=0AAA18818893BB4F6B34C271151FCEB6) 5DE497F544D78911CBD1B96C7216F4D3 {
   "result": {
      "description": "1",
      "type": "number",
      "value": 1
   }
}
[1766136399.435][INFO]: Done waiting for pending navigations. Status: ok
[1766136399.435][INFO]: [8cac16ba8b44337f2ba68d6c6e00a2d1] RESPONSE FindChildElements [ {
   "element-6066-11e4-a52e-4f735466cecf": "f.5DE497F544D78911CBD1B96C7216F4D3.d.5017C2A040EE4D9953D9F7C6D2E8BB92.e.36"
}, {
   "element-6066-11e4-a52e-4f735466cecf": "f.5DE497F544D78911CBD1B96C7216F4D3.d.5017C2A040EE4D9953D9F7C6D2E8BB92.e.37"
} ]
[1766136399.436][INFO]: [8cac16ba8b44337f2ba68d6c6e00a2d1] COMMAND GetElementText {
   "id": "f.5DE497F544D78911CBD1B96C7216F4D3.d.5017C2A040EE4D9953D9F7C6D2E8BB92.e.37"
}
[1766136399.436][INFO]: Waiting for pending navigations...
[1766136399.436][DEBUG]: DevTools WebSocket Command: Runtime.evaluate (id=320) (session_id=0AAA18818893BB4F6B34C271151FCEB6) 5DE497F544D78911CBD1B96C7216F4D3 {
   "expression": "1"
}
[1766136399.436][DEBUG]: DevTools WebSocket Response: Runtime.evaluate (id=320) (session_id=0AAA18818893BB4F6B34C271151FCEB6) 5DE497F544D78911CBD1B96C7216F4D3 {
   "result": {
      "description": "1",
      "type": "number",
      "value": 1
   }
}
[1766136399.436][INFO]: Done waiting for pending navigations. Status: ok
[1766136399.436][DEBUG]: DevTools WebSocket Command: Page.getFrameTree (id=321) (session_id=0AAA18818893BB4F6B34C271151FCEB6) 5DE497F544D78911CBD1B96C7216F4D3 {
}
[1766136399.436][DEBUG]: DevTools WebSocket Response: Page.getFrameTree (id=321) (session_id=0AAA18818893BB4F6B34C271151FCEB6) 5DE497F544D78911CBD1B96C7216F4D3 {
   "frameTree": {
      "frame": {
         "adFrameStatus": {
            "adFrameType": "none"
         },
         "crossOriginIsolatedContextType": "NotIsolated",
         "domainAndRegistry": "scrape.center",
         "gatedAPIFeatures": [  ],
         "id": "5DE497F544D78911CBD1B96C7216F4D3",
         "loaderId": "5017C2A040EE4D9953D9F7C6D2E8BB92",
         "mimeType": "text/html",
         "secureContextType": "Secure",
         "securityOrigin": "https://spa1.scrape.center",
         "securityOriginDetails": {
            "isLocalhost": false
         },
         "url": "https://spa1.scrape.center/"
      }
   }
}
[1766136399.436][DEBUG]: DevTools WebSocket Command: DOM.resolveNode (id=322) (session_id=0AAA18818893BB4F6B34C271151FCEB6) 5DE497F544D78911CBD1B96C7216F4D3 {
   "backendNodeId": 37,
   "objectGroup": "1ac94654-a885-4323-b689-451ed03b7a80"
}
[1766136399.437][DEBUG]: DevTools WebSocket Response: DOM.resolveNode (id=322) (session_id=0AAA18818893BB4F6B34C271151FCEB6) 5DE497F544D78911CBD1B96C7216F4D3 {
   "object": {
      "className": "HTMLDivElement",
      "description": "div.m-v-sm.info",
      "objectId": "1667652473473659487.1.87",
      "subtype": "node",
      "type": "object"
   }
}
[1766136399.437][DEBUG]: DevTools WebSocket Command: Page.getFrameTree (id=323) (session_id=0AAA18818893BB4F6B34C271151FCEB6) 5DE497F544D78911CBD1B96C7216F4D3 {
}
[1766136399.437][DEBUG]: DevTools WebSocket Response: Page.getFrameTree (id=323) (session_id=0AAA18818893BB4F6B34C271151FCEB6) 5DE497F544D78911CBD1B96C7216F4D3 {
   "frameTree": {
      "frame": {
         "adFrameStatus": {
            "adFrameType": "none"
         },
         "crossOriginIsolatedContextType": "NotIsolated",
         "domainAndRegistry": "scrape.center",
         "gatedAPIFeatures": [  ],
         "id": "5DE497F544D78911CBD1B96C7216F4D3",
         "loaderId": "5017C2A040EE4D9953D9F7C6D2E8BB92",
         "mimeType": "text/html",
         "secureContextType": "Secure",
         "securityOrigin": "https://spa1.scrape.center",
         "securityOriginDetails": {
            "isLocalhost": false
         },
         "url": "https://spa1.scrape.center/"
      }
   }
}
[1766136399.438][DEBUG]: DevTools WebSocket Command: Runtime.callFunctionOn (id=324) (session_id=0AAA18818893BB4F6B34C271151FCEB6) 5DE497F544D78911CBD1B96C7216F4D3 {
   "arguments": [ {
      "objectId": "1667652473473659487.1.87"
   } ],
   "awaitPromise": true,
   "functionDeclaration": "function(){ return (function() { // Copyright 2012 The Chromium Authors\n// Use of this source code is governed by a BSD-style license that can be\n// found in the LICENSE file.\n\n/**\n * Enum for WebD...",
   "objectGroup": "1ac94654-a885-4323-b689-451ed03b7a80",
   "serializationOptions": {
      "serialization": "deep"
   },
   "uniqueContextId": "-88754438306678378.-5366136884038128798"
}
[1766136399.441][DEBUG]: DevTools WebSocket Response: Runtime.callFunctionOn (id=324) (session_id=0AAA18818893BB4F6B34C271151FCEB6) 5DE497F544D78911CBD1B96C7216F4D3 {
   "result": {
      "className": "Array",
      "deepSerializedValue": {
         "type": "array",
         "value": [ {
            "type": "string",
            "value": "{\"status\":0,\"value\":\"1998-04-03 上映\"}"
         } ]
      },
      "description": "Array(1)",
      "objectId": "1667652473473659487.1.88",
      "subtype": "array",
      "type": "object"
   }
}
[1766136399.441][DEBUG]: DevTools WebSocket Command: Runtime.releaseObjectGroup (id=325) (session_id=0AAA18818893BB4F6B34C271151FCEB6) 5DE497F544D78911CBD1B96C7216F4D3 {
   "objectGroup": "1ac94654-a885-4323-b689-451ed03b7a80"
}
[1766136399.442][INFO]: Waiting for pending navigations...
[1766136399.442][DEBUG]: DevTools WebSocket Command: Runtime.evaluate (id=326) (session_id=0AAA18818893BB4F6B34C271151FCEB6) 5DE497F544D78911CBD1B96C7216F4D3 {
   "expression": "1"
}
[1766136399.442][DEBUG]: DevTools WebSocket Response: Runtime.releaseObjectGroup (id=325) (session_id=0AAA18818893BB4F6B34C271151FCEB6) 5DE497F544D78911CBD1B96C7216F4D3 {
}
[1766136399.442][DEBUG]: DevTools WebSocket Response: Runtime.evaluate (id=326) (session_id=0AAA18818893BB4F6B34C271151FCEB6) 5DE497F544D78911CBD1B96C7216F4D3 {
   "result": {
      "description": "1",
      "type": "number",
      "value": 1
   }
}
[1766136399.442][INFO]: Done waiting for pending navigations. Status: ok
[1766136399.442][INFO]: [8cac16ba8b44337f2ba68d6c6e00a2d1] RESPONSE GetElementText "1998-04-03 上映"
[1766136399.443][INFO]: [8cac16ba8b44337f2ba68d6c6e00a2d1] COMMAND FindChildElement {
   "id": "f.5DE497F544D78911CBD1B96C7216F4D3.d.5017C2A040EE4D9953D9F7C6D2E8BB92.e.12",
   "using": "css selector",
   "value": ".score"
}
[1766136399.443][INFO]: Waiting for pending navigations...
[1766136399.443][DEBUG]: DevTools WebSocket Command: Runtime.evaluate (id=327) (session_id=0AAA18818893BB4F6B34C271151FCEB6) 5DE497F544D78911CBD1B96C7216F4D3 {
   "expression": "1"
}
[1766136399.443][DEBUG]: DevTools WebSocket Response: Runtime.evaluate (id=327) (session_id=0AAA18818893BB4F6B34C271151FCEB6) 5DE497F544D78911CBD1B96C7216F4D3 {
   "result": {
      "description": "1",
      "type": "number",
      "value": 1
   }
}
[1766136399.444][INFO]: Done waiting for pending navigations. Status: ok
[1766136399.444][DEBUG]: DevTools WebSocket Command: Page.getFrameTree (id=328) (session_id=0AAA18818893BB4F6B34C271151FCEB6) 5DE497F544D78911CBD1B96C7216F4D3 {
}
[1766136399.444][DEBUG]: DevTools WebSocket Response: Page.getFrameTree (id=328) (session_id=0AAA18818893BB4F6B34C271151FCEB6) 5DE497F544D78911CBD1B96C7216F4D3 {
   "frameTree": {
      "frame": {
         "adFrameStatus": {
            "adFrameType": "none"
         },
         "crossOriginIsolatedContextType": "NotIsolated",
         "domainAndRegistry": "scrape.center",
         "gatedAPIFeatures": [  ],
         "id": "5DE497F544D78911CBD1B96C7216F4D3",
         "loaderId": "5017C2A040EE4D9953D9F7C6D2E8BB92",
         "mimeType": "text/html",
         "secureContextType": "Secure",
         "securityOrigin": "https://spa1.scrape.center",
         "securityOriginDetails": {
            "isLocalhost": false
         },
         "url": "https://spa1.scrape.center/"
      }
   }
}
[1766136399.444][DEBUG]: DevTools WebSocket Command: DOM.resolveNode (id=329) (session_id=0AAA18818893BB4F6B34C271151FCEB6) 5DE497F544D78911CBD1B96C7216F4D3 {
   "backendNodeId": 12,
   "objectGroup": "b33ce7c4-7e60-4733-8454-6e8da6d918a6"
}
[1766136399.445][DEBUG]: DevTools WebSocket Response: DOM.resolveNode (id=329) (session_id=0AAA18818893BB4F6B34C271151FCEB6) 5DE497F544D78911CBD1B96C7216F4D3 {
   "object": {
      "className": "HTMLDivElement",
      "description": "div.el-card__body",
      "objectId": "1667652473473659487.1.89",
      "subtype": "node",
      "type": "object"
   }
}
[1766136399.445][DEBUG]: DevTools WebSocket Command: Page.getFrameTree (id=330) (session_id=0AAA18818893BB4F6B34C271151FCEB6) 5DE497F544D78911CBD1B96C7216F4D3 {
}
[1766136399.445][DEBUG]: DevTools WebSocket Response: Page.getFrameTree (id=330) (session_id=0AAA18818893BB4F6B34C271151FCEB6) 5DE497F544D78911CBD1B96C7216F4D3 {
   "frameTree": {
      "frame": {
         "adFrameStatus": {
            "adFrameType": "none"
         },
         "crossOriginIsolatedContextType": "NotIsolated",
         "domainAndRegistry": "scrape.center",
         "gatedAPIFeatures": [  ],
         "id": "5DE497F544D78911CBD1B96C7216F4D3",
         "loaderId": "5017C2A040EE4D9953D9F7C6D2E8BB92",
         "mimeType": "text/html",
         "secureContextType": "Secure",
         "securityOrigin": "https://spa1.scrape.center",
         "securityOriginDetails": {
            "isLocalhost": false
         },
         "url": "https://spa1.scrape.center/"
      }
   }
}
[1766136399.446][DEBUG]: DevTools WebSocket Command: Runtime.callFunctionOn (id=331) (session_id=0AAA18818893BB4F6B34C271151FCEB6) 5DE497F544D78911CBD1B96C7216F4D3 {
   "arguments": [ {
      "objectId": "1667652473473659487.1.89"
   } ],
   "awaitPromise": true,
   "functionDeclaration": "function(){ return (function() { // Copyright 2012 The Chromium Authors\n// Use of this source code is governed by a BSD-style license that can be\n// found in the LICENSE file.\n\n/**\n * Enum for WebD...",
   "objectGroup": "b33ce7c4-7e60-4733-8454-6e8da6d918a6",
   "serializationOptions": {
      "serialization": "deep"
   },
   "uniqueContextId": "-88754438306678378.-5366136884038128798"
}
[1766136399.448][DEBUG]: DevTools WebSocket Response: Runtime.callFunctionOn (id=331) (session_id=0AAA18818893BB4F6B34C271151FCEB6) 5DE497F544D78911CBD1B96C7216F4D3 {
   "result": {
      "className": "Array",
      "deepSerializedValue": {
         "type": "array",
         "value": [ {
            "type": "string",
            "value": "{\"status\":0,\"value\":{\"element-6066-11e4-a52e-4f735466cecf\":0}}"
         }, {
            "type": "node",
            "value": {
               "attributes": {
                  "class": "score m-t-md m-b-n-sm",
                  "data-v-1a647406": ""
               },
               "backendNodeId": 38,
               "childNodeCount": 1,
               "loaderId": "5017C2A040EE4D9953D9F7C6D2E8BB92",
               "localName": "p",
               "namespaceURI": "http://www.w3.org/1999/xhtml",
               "nodeType": 1,
               "shadowRoot": null
            }
         } ]
      },
      "description": "Array(2)",
      "objectId": "1667652473473659487.1.90",
      "subtype": "array",
      "type": "object"
   }
}
[1766136399.448][DEBUG]: DevTools WebSocket Command: Runtime.releaseObjectGroup (id=332) (session_id=0AAA18818893BB4F6B34C271151FCEB6) 5DE497F544D78911CBD1B96C7216F4D3 {
   "objectGroup": "b33ce7c4-7e60-4733-8454-6e8da6d918a6"
}
[1766136399.448][INFO]: Waiting for pending navigations...
[1766136399.448][DEBUG]: DevTools WebSocket Command: Runtime.evaluate (id=333) (session_id=0AAA18818893BB4F6B34C271151FCEB6) 5DE497F544D78911CBD1B96C7216F4D3 {
   "expression": "1"
}
[1766136399.448][DEBUG]: DevTools WebSocket Response: Runtime.releaseObjectGroup (id=332) (session_id=0AAA18818893BB4F6B34C271151FCEB6) 5DE497F544D78911CBD1B96C7216F4D3 {
}
[1766136399.449][DEBUG]: DevTools WebSocket Response: Runtime.evaluate (id=333) (session_id=0AAA18818893BB4F6B34C271151FCEB6) 5DE497F544D78911CBD1B96C7216F4D3 {
   "result": {
      "description": "1",
      "type": "number",
      "value": 1
   }
}
[1766136399.449][INFO]: Done waiting for pending navigations. Status: ok
[1766136399.449][INFO]: [8cac16ba8b44337f2ba68d6c6e00a2d1] RESPONSE FindChildElement {
   "element-6066-11e4-a52e-4f735466cecf": "f.5DE497F544D78911CBD1B96C7216F4D3.d.5017C2A040EE4D9953D9F7C6D2E8BB92.e.38"
}
[1766136399.450][INFO]: [8cac16ba8b44337f2ba68d6c6e00a2d1] COMMAND GetElementText {
   "id": "f.5DE497F544D78911CBD1B96C7216F4D3.d.5017C2A040EE4D9953D9F7C6D2E8BB92.e.38"
}
[1766136399.450][INFO]: Waiting for pending navigations...
[1766136399.450][DEBUG]: DevTools WebSocket Command: Runtime.evaluate (id=334) (session_id=0AAA18818893BB4F6B34C271151FCEB6) 5DE497F544D78911CBD1B96C7216F4D3 {
   "expression": "1"
}
[1766136399.450][DEBUG]: DevTools WebSocket Response: Runtime.evaluate (id=334) (session_id=0AAA18818893BB4F6B34C271151FCEB6) 5DE497F544D78911CBD1B96C7216F4D3 {
   "result": {
      "description": "1",
      "type": "number",
      "value": 1
   }
}
[1766136399.450][INFO]: Done waiting for pending navigations. Status: ok
[1766136399.450][DEBUG]: DevTools WebSocket Command: Page.getFrameTree (id=335) (session_id=0AAA18818893BB4F6B34C271151FCEB6) 5DE497F544D78911CBD1B96C7216F4D3 {
}
[1766136399.451][DEBUG]: DevTools WebSocket Response: Page.getFrameTree (id=335) (session_id=0AAA18818893BB4F6B34C271151FCEB6) 5DE497F544D78911CBD1B96C7216F4D3 {
   "frameTree": {
      "frame": {
         "adFrameStatus": {
            "adFrameType": "none"
         },
         "crossOriginIsolatedContextType": "NotIsolated",
         "domainAndRegistry": "scrape.center",
         "gatedAPIFeatures": [  ],
         "id": "5DE497F544D78911CBD1B96C7216F4D3",
         "loaderId": "5017C2A040EE4D9953D9F7C6D2E8BB92",
         "mimeType": "text/html",
         "secureContextType": "Secure",
         "securityOrigin": "https://spa1.scrape.center",
         "securityOriginDetails": {
            "isLocalhost": false
         },
         "url": "https://spa1.scrape.center/"
      }
   }
}
[1766136399.451][DEBUG]: DevTools WebSocket Command: DOM.resolveNode (id=336) (session_id=0AAA18818893BB4F6B34C271151FCEB6) 5DE497F544D78911CBD1B96C7216F4D3 {
   "backendNodeId": 38,
   "objectGroup": "16cefb1b-270f-460f-a077-3d5244fb6216"
}
[1766136399.451][DEBUG]: DevTools WebSocket Response: DOM.resolveNode (id=336) (session_id=0AAA18818893BB4F6B34C271151FCEB6) 5DE497F544D78911CBD1B96C7216F4D3 {
   "object": {
      "className": "HTMLParagraphElement",
      "description": "p.score.m-t-md.m-b-n-sm",
      "objectId": "1667652473473659487.1.91",
      "subtype": "node",
      "type": "object"
   }
}
[1766136399.451][DEBUG]: DevTools WebSocket Command: Page.getFrameTree (id=337) (session_id=0AAA18818893BB4F6B34C271151FCEB6) 5DE497F544D78911CBD1B96C7216F4D3 {
}
[1766136399.451][DEBUG]: DevTools WebSocket Response: Page.getFrameTree (id=337) (session_id=0AAA18818893BB4F6B34C271151FCEB6) 5DE497F544D78911CBD1B96C7216F4D3 {
   "frameTree": {
      "frame": {
         "adFrameStatus": {
            "adFrameType": "none"
         },
         "crossOriginIsolatedContextType": "NotIsolated",
         "domainAndRegistry": "scrape.center",
         "gatedAPIFeatures": [  ],
         "id": "5DE497F544D78911CBD1B96C7216F4D3",
         "loaderId": "5017C2A040EE4D9953D9F7C6D2E8BB92",
         "mimeType": "text/html",
         "secureContextType": "Secure",
         "securityOrigin": "https://spa1.scrape.center",
         "securityOriginDetails": {
            "isLocalhost": false
         },
         "url": "https://spa1.scrape.center/"
      }
   }
}
[1766136399.453][DEBUG]: DevTools WebSocket Command: Runtime.callFunctionOn (id=338) (session_id=0AAA18818893BB4F6B34C271151FCEB6) 5DE497F544D78911CBD1B96C7216F4D3 {
   "arguments": [ {
      "objectId": "1667652473473659487.1.91"
   } ],
   "awaitPromise": true,
   "functionDeclaration": "function(){ return (function() { // Copyright 2012 The Chromium Authors\n// Use of this source code is governed by a BSD-style license that can be\n// found in the LICENSE file.\n\n/**\n * Enum for WebD...",
   "objectGroup": "16cefb1b-270f-460f-a077-3d5244fb6216",
   "serializationOptions": {
      "serialization": "deep"
   },
   "uniqueContextId": "-88754438306678378.-5366136884038128798"
}
[1766136399.455][DEBUG]: DevTools WebSocket Response: Runtime.callFunctionOn (id=338) (session_id=0AAA18818893BB4F6B34C271151FCEB6) 5DE497F544D78911CBD1B96C7216F4D3 {
   "result": {
      "className": "Array",
      "deepSerializedValue": {
         "type": "array",
         "value": [ {
            "type": "string",
            "value": "{\"status\":0,\"value\":\"9.5\"}"
         } ]
      },
      "description": "Array(1)",
      "objectId": "1667652473473659487.1.92",
      "subtype": "array",
      "type": "object"
   }
}
[1766136399.455][DEBUG]: DevTools WebSocket Command: Runtime.releaseObjectGroup (id=339) (session_id=0AAA18818893BB4F6B34C271151FCEB6) 5DE497F544D78911CBD1B96C7216F4D3 {
   "objectGroup": "16cefb1b-270f-460f-a077-3d5244fb6216"
}
[1766136399.456][INFO]: Waiting for pending navigations...
[1766136399.456][DEBUG]: DevTools WebSocket Command: Runtime.evaluate (id=340) (session_id=0AAA18818893BB4F6B34C271151FCEB6) 5DE497F544D78911CBD1B96C7216F4D3 {
   "expression": "1"
}
[1766136399.456][DEBUG]: DevTools WebSocket Response: Runtime.releaseObjectGroup (id=339) (session_id=0AAA18818893BB4F6B34C271151FCEB6) 5DE497F544D78911CBD1B96C7216F4D3 {
}
[1766136399.456][DEBUG]: DevTools WebSocket Response: Runtime.evaluate (id=340) (session_id=0AAA18818893BB4F6B34C271151FCEB6) 5DE497F544D78911CBD1B96C7216F4D3 {
   "result": {
      "description": "1",
      "type": "number",
      "value": 1
   }
}
[1766136399.456][INFO]: Done waiting for pending navigations. Status: ok
[1766136399.456][INFO]: [8cac16ba8b44337f2ba68d6c6e00a2d1] RESPONSE GetElementText "9.5"
[1766136399.457][INFO]: [8cac16ba8b44337f2ba68d6c6e00a2d1] COMMAND FindChildElement {
   "id": "f.5DE497F544D78911CBD1B96C7216F4D3.d.5017C2A040EE4D9953D9F7C6D2E8BB92.e.13",
   "using": "css selector",
   "value": ".m-b-sm"
}
[1766136399.457][INFO]: Waiting for pending navigations...
[1766136399.457][DEBUG]: DevTools WebSocket Command: Runtime.evaluate (id=341) (session_id=0AAA18818893BB4F6B34C271151FCEB6) 5DE497F544D78911CBD1B96C7216F4D3 {
   "expression": "1"
}
[1766136399.457][DEBUG]: DevTools WebSocket Response: Runtime.evaluate (id=341) (session_id=0AAA18818893BB4F6B34C271151FCEB6) 5DE497F544D78911CBD1B96C7216F4D3 {
   "result": {
      "description": "1",
      "type": "number",
      "value": 1
   }
}
[1766136399.457][INFO]: Done waiting for pending navigations. Status: ok
[1766136399.457][DEBUG]: DevTools WebSocket Command: Page.getFrameTree (id=342) (session_id=0AAA18818893BB4F6B34C271151FCEB6) 5DE497F544D78911CBD1B96C7216F4D3 {
}
[1766136399.458][DEBUG]: DevTools WebSocket Response: Page.getFrameTree (id=342) (session_id=0AAA18818893BB4F6B34C271151FCEB6) 5DE497F544D78911CBD1B96C7216F4D3 {
   "frameTree": {
      "frame": {
         "adFrameStatus": {
            "adFrameType": "none"
         },
         "crossOriginIsolatedContextType": "NotIsolated",
         "domainAndRegistry": "scrape.center",
         "gatedAPIFeatures": [  ],
         "id": "5DE497F544D78911CBD1B96C7216F4D3",
         "loaderId": "5017C2A040EE4D9953D9F7C6D2E8BB92",
         "mimeType": "text/html",
         "secureContextType": "Secure",
         "securityOrigin": "https://spa1.scrape.center",
         "securityOriginDetails": {
            "isLocalhost": false
         },
         "url": "https://spa1.scrape.center/"
      }
   }
}
[1766136399.458][DEBUG]: DevTools WebSocket Command: DOM.resolveNode (id=343) (session_id=0AAA18818893BB4F6B34C271151FCEB6) 5DE497F544D78911CBD1B96C7216F4D3 {
   "backendNodeId": 13,
   "objectGroup": "90c9d239-ea44-4a6a-9e07-9d6e603baf95"
}
[1766136399.458][DEBUG]: DevTools WebSocket Response: DOM.resolveNode (id=343) (session_id=0AAA18818893BB4F6B34C271151FCEB6) 5DE497F544D78911CBD1B96C7216F4D3 {
   "object": {
      "className": "HTMLDivElement",
      "description": "div.el-card__body",
      "objectId": "1667652473473659487.1.93",
      "subtype": "node",
      "type": "object"
   }
}
[1766136399.458][DEBUG]: DevTools WebSocket Command: Page.getFrameTree (id=344) (session_id=0AAA18818893BB4F6B34C271151FCEB6) 5DE497F544D78911CBD1B96C7216F4D3 {
}
[1766136399.459][DEBUG]: DevTools WebSocket Response: Page.getFrameTree (id=344) (session_id=0AAA18818893BB4F6B34C271151FCEB6) 5DE497F544D78911CBD1B96C7216F4D3 {
   "frameTree": {
      "frame": {
         "adFrameStatus": {
            "adFrameType": "none"
         },
         "crossOriginIsolatedContextType": "NotIsolated",
         "domainAndRegistry": "scrape.center",
         "gatedAPIFeatures": [  ],
         "id": "5DE497F544D78911CBD1B96C7216F4D3",
         "loaderId": "5017C2A040EE4D9953D9F7C6D2E8BB92",
         "mimeType": "text/html",
         "secureContextType": "Secure",
         "securityOrigin": "https://spa1.scrape.center",
         "securityOriginDetails": {
            "isLocalhost": false
         },
         "url": "https://spa1.scrape.center/"
      }
   }
}
[1766136399.460][DEBUG]: DevTools WebSocket Command: Runtime.callFunctionOn (id=345) (session_id=0AAA18818893BB4F6B34C271151FCEB6) 5DE497F544D78911CBD1B96C7216F4D3 {
   "arguments": [ {
      "objectId": "1667652473473659487.1.93"
   } ],
   "awaitPromise": true,
   "functionDeclaration": "function(){ return (function() { // Copyright 2012 The Chromium Authors\n// Use of this source code is governed by a BSD-style license that can be\n// found in the LICENSE file.\n\n/**\n * Enum for WebD...",
   "objectGroup": "90c9d239-ea44-4a6a-9e07-9d6e603baf95",
   "serializationOptions": {
      "serialization": "deep"
   },
   "uniqueContextId": "-88754438306678378.-5366136884038128798"
}
[1766136399.462][DEBUG]: DevTools WebSocket Response: Runtime.callFunctionOn (id=345) (session_id=0AAA18818893BB4F6B34C271151FCEB6) 5DE497F544D78911CBD1B96C7216F4D3 {
   "result": {
      "className": "Array",
      "deepSerializedValue": {
         "type": "array",
         "value": [ {
            "type": "string",
            "value": "{\"status\":0,\"value\":{\"element-6066-11e4-a52e-4f735466cecf\":0}}"
         }, {
            "type": "node",
            "value": {
               "attributes": {
                  "class": "m-b-sm",
                  "data-v-1a647406": ""
               },
               "backendNodeId": 39,
               "childNodeCount": 1,
               "loaderId": "5017C2A040EE4D9953D9F7C6D2E8BB92",
               "localName": "h2",
               "namespaceURI": "http://www.w3.org/1999/xhtml",
               "nodeType": 1,
               "shadowRoot": null
            }
         } ]
      },
      "description": "Array(2)",
      "objectId": "1667652473473659487.1.94",
      "subtype": "array",
      "type": "object"
   }
}
[1766136399.462][DEBUG]: DevTools WebSocket Command: Runtime.releaseObjectGroup (id=346) (session_id=0AAA18818893BB4F6B34C271151FCEB6) 5DE497F544D78911CBD1B96C7216F4D3 {
   "objectGroup": "90c9d239-ea44-4a6a-9e07-9d6e603baf95"
}
[1766136399.462][INFO]: Waiting for pending navigations...
[1766136399.462][DEBUG]: DevTools WebSocket Command: Runtime.evaluate (id=347) (session_id=0AAA18818893BB4F6B34C271151FCEB6) 5DE497F544D78911CBD1B96C7216F4D3 {
   "expression": "1"
}
[1766136399.463][DEBUG]: DevTools WebSocket Response: Runtime.releaseObjectGroup (id=346) (session_id=0AAA18818893BB4F6B34C271151FCEB6) 5DE497F544D78911CBD1B96C7216F4D3 {
}
[1766136399.463][DEBUG]: DevTools WebSocket Response: Runtime.evaluate (id=347) (session_id=0AAA18818893BB4F6B34C271151FCEB6) 5DE497F544D78911CBD1B96C7216F4D3 {
   "result": {
      "description": "1",
      "type": "number",
      "value": 1
   }
}
[1766136399.463][INFO]: Done waiting for pending navigations. Status: ok
[1766136399.463][INFO]: [8cac16ba8b44337f2ba68d6c6e00a2d1] RESPONSE FindChildElement {
   "element-6066-11e4-a52e-4f735466cecf": "f.5DE497F544D78911CBD1B96C7216F4D3.d.5017C2A040EE4D9953D9F7C6D2E8BB92.e.39"
}
[1766136399.464][INFO]: [8cac16ba8b44337f2ba68d6c6e00a2d1] COMMAND GetElementText {
   "id": "f.5DE497F544D78911CBD1B96C7216F4D3.d.5017C2A040EE4D9953D9F7C6D2E8BB92.e.39"
}
[1766136399.464][INFO]: Waiting for pending navigations...
[1766136399.464][DEBUG]: DevTools WebSocket Command: Runtime.evaluate (id=348) (session_id=0AAA18818893BB4F6B34C271151FCEB6) 5DE497F544D78911CBD1B96C7216F4D3 {
   "expression": "1"
}
[1766136399.464][DEBUG]: DevTools WebSocket Response: Runtime.evaluate (id=348) (session_id=0AAA18818893BB4F6B34C271151FCEB6) 5DE497F544D78911CBD1B96C7216F4D3 {
   "result": {
      "description": "1",
      "type": "number",
      "value": 1
   }
}
[1766136399.464][INFO]: Done waiting for pending navigations. Status: ok
[1766136399.464][DEBUG]: DevTools WebSocket Command: Page.getFrameTree (id=349) (session_id=0AAA18818893BB4F6B34C271151FCEB6) 5DE497F544D78911CBD1B96C7216F4D3 {
}
[1766136399.464][DEBUG]: DevTools WebSocket Response: Page.getFrameTree (id=349) (session_id=0AAA18818893BB4F6B34C271151FCEB6) 5DE497F544D78911CBD1B96C7216F4D3 {
   "frameTree": {
      "frame": {
         "adFrameStatus": {
            "adFrameType": "none"
         },
         "crossOriginIsolatedContextType": "NotIsolated",
         "domainAndRegistry": "scrape.center",
         "gatedAPIFeatures": [  ],
         "id": "5DE497F544D78911CBD1B96C7216F4D3",
         "loaderId": "5017C2A040EE4D9953D9F7C6D2E8BB92",
         "mimeType": "text/html",
         "secureContextType": "Secure",
         "securityOrigin": "https://spa1.scrape.center",
         "securityOriginDetails": {
            "isLocalhost": false
         },
         "url": "https://spa1.scrape.center/"
      }
   }
}
[1766136399.464][DEBUG]: DevTools WebSocket Command: DOM.resolveNode (id=350) (session_id=0AAA18818893BB4F6B34C271151FCEB6) 5DE497F544D78911CBD1B96C7216F4D3 {
   "backendNodeId": 39,
   "objectGroup": "9d131941-61d3-4755-bb33-7a0421f7524d"
}
[1766136399.465][DEBUG]: DevTools WebSocket Response: DOM.resolveNode (id=350) (session_id=0AAA18818893BB4F6B34C271151FCEB6) 5DE497F544D78911CBD1B96C7216F4D3 {
   "object": {
      "className": "HTMLHeadingElement",
      "description": "h2.m-b-sm",
      "objectId": "1667652473473659487.1.95",
      "subtype": "node",
      "type": "object"
   }
}
[1766136399.465][DEBUG]: DevTools WebSocket Command: Page.getFrameTree (id=351) (session_id=0AAA18818893BB4F6B34C271151FCEB6) 5DE497F544D78911CBD1B96C7216F4D3 {
}
[1766136399.465][DEBUG]: DevTools WebSocket Response: Page.getFrameTree (id=351) (session_id=0AAA18818893BB4F6B34C271151FCEB6) 5DE497F544D78911CBD1B96C7216F4D3 {
   "frameTree": {
      "frame": {
         "adFrameStatus": {
            "adFrameType": "none"
         },
         "crossOriginIsolatedContextType": "NotIsolated",
         "domainAndRegistry": "scrape.center",
         "gatedAPIFeatures": [  ],
         "id": "5DE497F544D78911CBD1B96C7216F4D3",
         "loaderId": "5017C2A040EE4D9953D9F7C6D2E8BB92",
         "mimeType": "text/html",
         "secureContextType": "Secure",
         "securityOrigin": "https://spa1.scrape.center",
         "securityOriginDetails": {
            "isLocalhost": false
         },
         "url": "https://spa1.scrape.center/"
      }
   }
}
[1766136399.466][DEBUG]: DevTools WebSocket Command: Runtime.callFunctionOn (id=352) (session_id=0AAA18818893BB4F6B34C271151FCEB6) 5DE497F544D78911CBD1B96C7216F4D3 {
   "arguments": [ {
      "objectId": "1667652473473659487.1.95"
   } ],
   "awaitPromise": true,
   "functionDeclaration": "function(){ return (function() { // Copyright 2012 The Chromium Authors\n// Use of this source code is governed by a BSD-style license that can be\n// found in the LICENSE file.\n\n/**\n * Enum for WebD...",
   "objectGroup": "9d131941-61d3-4755-bb33-7a0421f7524d",
   "serializationOptions": {
      "serialization": "deep"
   },
   "uniqueContextId": "-88754438306678378.-5366136884038128798"
}
[1766136399.469][DEBUG]: DevTools WebSocket Response: Runtime.callFunctionOn (id=352) (session_id=0AAA18818893BB4F6B34C271151FCEB6) 5DE497F544D78911CBD1B96C7216F4D3 {
   "result": {
      "className": "Array",
      "deepSerializedValue": {
         "type": "array",
         "value": [ {
            "type": "string",
            "value": "{\"status\":0,\"value\":\"罗马假日 - Roman Holiday\"}"
         } ]
      },
      "description": "Array(1)",
      "objectId": "1667652473473659487.1.96",
      "subtype": "array",
      "type": "object"
   }
}
[1766136399.469][DEBUG]: DevTools WebSocket Command: Runtime.releaseObjectGroup (id=353) (session_id=0AAA18818893BB4F6B34C271151FCEB6) 5DE497F544D78911CBD1B96C7216F4D3 {
   "objectGroup": "9d131941-61d3-4755-bb33-7a0421f7524d"
}
[1766136399.469][INFO]: Waiting for pending navigations...
[1766136399.469][DEBUG]: DevTools WebSocket Command: Runtime.evaluate (id=354) (session_id=0AAA18818893BB4F6B34C271151FCEB6) 5DE497F544D78911CBD1B96C7216F4D3 {
   "expression": "1"
}
[1766136399.469][DEBUG]: DevTools WebSocket Response: Runtime.releaseObjectGroup (id=353) (session_id=0AAA18818893BB4F6B34C271151FCEB6) 5DE497F544D78911CBD1B96C7216F4D3 {
}
[1766136399.469][DEBUG]: DevTools WebSocket Response: Runtime.evaluate (id=354) (session_id=0AAA18818893BB4F6B34C271151FCEB6) 5DE497F544D78911CBD1B96C7216F4D3 {
   "result": {
      "description": "1",
      "type": "number",
      "value": 1
   }
}
[1766136399.469][INFO]: Done waiting for pending navigations. Status: ok
[1766136399.469][INFO]: [8cac16ba8b44337f2ba68d6c6e00a2d1] RESPONSE GetElementText "罗马假日 - Roman Holiday"
[1766136399.470][INFO]: [8cac16ba8b44337f2ba68d6c6e00a2d1] COMMAND FindChildElement {
   "id": "f.5DE497F544D78911CBD1B96C7216F4D3.d.5017C2A040EE4D9953D9F7C6D2E8BB92.e.13",
   "using": "css selector",
   "value": "a[href*='/detail/']"
}
[1766136399.470][INFO]: Waiting for pending navigations...
[1766136399.470][DEBUG]: DevTools WebSocket Command: Runtime.evaluate (id=355) (session_id=0AAA18818893BB4F6B34C271151FCEB6) 5DE497F544D78911CBD1B96C7216F4D3 {
   "expression": "1"
}
[1766136399.471][DEBUG]: DevTools WebSocket Response: Runtime.evaluate (id=355) (session_id=0AAA18818893BB4F6B34C271151FCEB6) 5DE497F544D78911CBD1B96C7216F4D3 {
   "result": {
      "description": "1",
      "type": "number",
      "value": 1
   }
}
[1766136399.471][INFO]: Done waiting for pending navigations. Status: ok
[1766136399.471][DEBUG]: DevTools WebSocket Command: Page.getFrameTree (id=356) (session_id=0AAA18818893BB4F6B34C271151FCEB6) 5DE497F544D78911CBD1B96C7216F4D3 {
}
[1766136399.471][DEBUG]: DevTools WebSocket Response: Page.getFrameTree (id=356) (session_id=0AAA18818893BB4F6B34C271151FCEB6) 5DE497F544D78911CBD1B96C7216F4D3 {
   "frameTree": {
      "frame": {
         "adFrameStatus": {
            "adFrameType": "none"
         },
         "crossOriginIsolatedContextType": "NotIsolated",
         "domainAndRegistry": "scrape.center",
         "gatedAPIFeatures": [  ],
         "id": "5DE497F544D78911CBD1B96C7216F4D3",
         "loaderId": "5017C2A040EE4D9953D9F7C6D2E8BB92",
         "mimeType": "text/html",
         "secureContextType": "Secure",
         "securityOrigin": "https://spa1.scrape.center",
         "securityOriginDetails": {
            "isLocalhost": false
         },
         "url": "https://spa1.scrape.center/"
      }
   }
}
[1766136399.471][DEBUG]: DevTools WebSocket Command: DOM.resolveNode (id=357) (session_id=0AAA18818893BB4F6B34C271151FCEB6) 5DE497F544D78911CBD1B96C7216F4D3 {
   "backendNodeId": 13,
   "objectGroup": "f73118b7-42e2-4741-a79d-06a041e1aea7"
}
[1766136399.472][DEBUG]: DevTools WebSocket Response: DOM.resolveNode (id=357) (session_id=0AAA18818893BB4F6B34C271151FCEB6) 5DE497F544D78911CBD1B96C7216F4D3 {
   "object": {
      "className": "HTMLDivElement",
      "description": "div.el-card__body",
      "objectId": "1667652473473659487.1.97",
      "subtype": "node",
      "type": "object"
   }
}
[1766136399.472][DEBUG]: DevTools WebSocket Command: Page.getFrameTree (id=358) (session_id=0AAA18818893BB4F6B34C271151FCEB6) 5DE497F544D78911CBD1B96C7216F4D3 {
}
[1766136399.472][DEBUG]: DevTools WebSocket Response: Page.getFrameTree (id=358) (session_id=0AAA18818893BB4F6B34C271151FCEB6) 5DE497F544D78911CBD1B96C7216F4D3 {
   "frameTree": {
      "frame": {
         "adFrameStatus": {
            "adFrameType": "none"
         },
         "crossOriginIsolatedContextType": "NotIsolated",
         "domainAndRegistry": "scrape.center",
         "gatedAPIFeatures": [  ],
         "id": "5DE497F544D78911CBD1B96C7216F4D3",
         "loaderId": "5017C2A040EE4D9953D9F7C6D2E8BB92",
         "mimeType": "text/html",
         "secureContextType": "Secure",
         "securityOrigin": "https://spa1.scrape.center",
         "securityOriginDetails": {
            "isLocalhost": false
         },
         "url": "https://spa1.scrape.center/"
      }
   }
}
[1766136399.473][DEBUG]: DevTools WebSocket Command: Runtime.callFunctionOn (id=359) (session_id=0AAA18818893BB4F6B34C271151FCEB6) 5DE497F544D78911CBD1B96C7216F4D3 {
   "arguments": [ {
      "objectId": "1667652473473659487.1.97"
   } ],
   "awaitPromise": true,
   "functionDeclaration": "function(){ return (function() { // Copyright 2012 The Chromium Authors\n// Use of this source code is governed by a BSD-style license that can be\n// found in the LICENSE file.\n\n/**\n * Enum for WebD...",
   "objectGroup": "f73118b7-42e2-4741-a79d-06a041e1aea7",
   "serializationOptions": {
      "serialization": "deep"
   },
   "uniqueContextId": "-88754438306678378.-5366136884038128798"
}
[1766136399.476][DEBUG]: DevTools WebSocket Response: Runtime.callFunctionOn (id=359) (session_id=0AAA18818893BB4F6B34C271151FCEB6) 5DE497F544D78911CBD1B96C7216F4D3 {
   "result": {
      "className": "Array",
      "deepSerializedValue": {
         "type": "array",
         "value": [ {
            "type": "string",
            "value": "{\"status\":0,\"value\":{\"element-6066-11e4-a52e-4f735466cecf\":0}}"
         }, {
            "type": "node",
            "value": {
               "attributes": {
                  "class": "",
                  "data-v-1a647406": "",
                  "href": "/detail/5"
               },
               "backendNodeId": 40,
               "childNodeCount": 1,
               "loaderId": "5017C2A040EE4D9953D9F7C6D2E8BB92",
               "localName": "a",
               "namespaceURI": "http://www.w3.org/1999/xhtml",
               "nodeType": 1,
               "shadowRoot": null
            }
         } ]
      },
      "description": "Array(2)",
      "objectId": "1667652473473659487.1.98",
      "subtype": "array",
      "type": "object"
   }
}
[1766136399.476][DEBUG]: DevTools WebSocket Command: Runtime.releaseObjectGroup (id=360) (session_id=0AAA18818893BB4F6B34C271151FCEB6) 5DE497F544D78911CBD1B96C7216F4D3 {
   "objectGroup": "f73118b7-42e2-4741-a79d-06a041e1aea7"
}
[1766136399.476][INFO]: Waiting for pending navigations...
[1766136399.476][DEBUG]: DevTools WebSocket Command: Runtime.evaluate (id=361) (session_id=0AAA18818893BB4F6B34C271151FCEB6) 5DE497F544D78911CBD1B96C7216F4D3 {
   "expression": "1"
}
[1766136399.476][DEBUG]: DevTools WebSocket Response: Runtime.releaseObjectGroup (id=360) (session_id=0AAA18818893BB4F6B34C271151FCEB6) 5DE497F544D78911CBD1B96C7216F4D3 {
}
[1766136399.476][DEBUG]: DevTools WebSocket Response: Runtime.evaluate (id=361) (session_id=0AAA18818893BB4F6B34C271151FCEB6) 5DE497F544D78911CBD1B96C7216F4D3 {
   "result": {
      "description": "1",
      "type": "number",
      "value": 1
   }
}
[1766136399.476][INFO]: Done waiting for pending navigations. Status: ok
[1766136399.476][INFO]: [8cac16ba8b44337f2ba68d6c6e00a2d1] RESPONSE FindChildElement {
   "element-6066-11e4-a52e-4f735466cecf": "f.5DE497F544D78911CBD1B96C7216F4D3.d.5017C2A040EE4D9953D9F7C6D2E8BB92.e.40"
}
[1766136399.477][INFO]: [8cac16ba8b44337f2ba68d6c6e00a2d1] COMMAND ExecuteScript {
   "args": [ {
      "element-6066-11e4-a52e-4f735466cecf": "f.5DE497F544D78911CBD1B96C7216F4D3.d.5017C2A040EE4D9953D9F7C6D2E8BB92.e.40"
   }, "href" ],
   "script": "/* getAttribute */return (function(){return (function(){var d=this||self;function f(a,b){function c(){}c.prototype=b.prototype;a.prototype=new c;a.prototype.constructor=a};var h=Array.prototype.indexOf?function(a,b){return Array.prototype.indexOf.call(a,b,void 0)}:function(a,b){if(\"string\"===typeof a)return\"string\"!==typeof b||1!=b.length?-1:a.indexOf(b,0);for(var c=0;c\u003Ca.length;c++)if(c in a&&a[c]===b)return c;return-1},k=Array.prototype.forEach?function(a,b){Array.prototype.forEach.call(a,b,void 0)}:function(a,b){for(var c=a.length,e=\"string\"===typeof a?a.split(\"\"):a,g=0;g\u003Cc;g++)g in e&&b.call(void 0,e[g],g,a)};function l(a,b){this.code=a;this.a=m[a]||n;this.message=b||\"\";a=this.a.replace(/((?:^|\\s+)[a-z])/g,function(c){return c.toUpperCase().replace(/^[\\s\\xa0]+/g,\"\")});b=a.length-5;if(0>b||a.indexOf(\"Error\",b)!=b)a+=\"Error\";this.name=a;a=Error(this.message);a.name=this.name;this.stack=a.stack||\"\"}f(l,Error);var n=\"unknown error\",m={15:\"element not selectable\",11:\"element not visible\"};m[31]=n;m[30]=n;m[24]=\"invalid cookie domain\";m[29]=\"invalid element coordinates\";m[12]=\"invalid element state\";m[32]=\"invalid selector\";\nm[51]=\"invalid selector\";m[52]=\"invalid selector\";m[17]=\"javascript error\";m[405]=\"unsupported operation\";m[34]=\"move target out of bounds\";m[27]=\"no such alert\";m[7]=\"no such element\";m[8]=\"no such frame\";m[23]=\"no such window\";m[28]=\"script timeout\";m[33]=\"session not created\";m[10]=\"stale element reference\";m[21]=\"timeout\";m[25]=\"unable to set cookie\";m[26]=\"unexpected alert open\";m[13]=n;m[9]=\"unknown command\";var p;a:{var q=d.navigator;if(q){var r=q.userAgent;if(r){p=r;break a}}p=\"\"}function t(a){return-1!=p.indexOf(a)};function u(){return t(\"Firefox\")||t(\"FxiOS\")}function v(){return(t(\"Chrome\")||t(\"CriOS\"))&&!t(\"Edge\")};function w(){return t(\"iPhone\")&&!t(\"iPod\")&&!t(\"iPad\")};var y=t(\"Opera\"),z=t(\"Trident\")||t(\"MSIE\"),A=t(\"Edge\"),B=t(\"Gecko\")&&!(-1!=p.toLowerCase().indexOf(\"webkit\")&&!t(\"Edge\"))&&!(t(\"Trident\")||t(\"MSIE\"))&&!t(\"Edge\"),C=-1!=p.toLowerCase().indexOf(\"webkit\")&&!t(\"Edge\");function D(){var a=d.document;return a?a.documentMode:void 0}var E;\na:{var F=\"\",G=function(){var a=p;if(B)return/rv:([^\\);]+)(\\)|;)/.exec(a);if(A)return/Edge\\/([\\d\\.]+)/.exec(a);if(z)return/\\b(?:MSIE|rv)[: ]([^\\);]+)(\\)|;)/.exec(a);if(C)return/WebKit\\/(\\S+)/.exec(a);if(y)return/(?:Version)[ \\/]?(\\S+)/.exec(a)}();G&&(F=G?G[1]:\"\");if(z){var H=D();if(null!=H&&H>parseFloat(F)){E=String(H);break a}}E=F}var I;I=d.document&&z?D():void 0;var J=u(),K=w()||t(\"iPod\"),L=t(\"iPad\"),M=t(\"Android\")&&!(v()||u()||t(\"Opera\")||t(\"Silk\")),N=v(),aa=t(\"Safari\")&&!(v()||t(\"Coast\")||t(\"Opera\")||t(\"Edge\")||t(\"Edg/\")||t(\"OPR\")||u()||t(\"Silk\")||t(\"Android\"))&&!(w()||t(\"iPad\")||t(\"iPod\"));function O(a){return(a=a.exec(p))?a[1]:\"\"}(function(){if(J)return O(/Firefox\\/([0-9.]+)/);if(z||A||y)return E;if(N)return w()||t(\"iPad\")||t(\"iPod\")?O(/CriOS\\/([0-9.]+)/):O(/Chrome\\/([0-9.]+)/);if(aa&&!(w()||t(\"iPad\")||t(\"iPod\")))return O(/Version\\/([0-9.]+)/);if(K||L){var a=/Version\\/(\\S+).*Mobile\\/(\\S+)/.exec(p);if(a)return a[1]+\".\"+a[2]}else if(M)return(a=O(/Android\\s+([0-9.]+)/))?a:O(/Version\\/([0-9.]+)/);return\"\"})();var P=z&&!(8\u003C=Number(I)),ba=z&&!(9\u003C=Number(I));var ca={SCRIPT:1,STYLE:1,HEAD:1,IFRAME:1,OBJECT:1},Q={IMG:\" \",BR:\"\\n\"};function R(a,b,c){if(!(a.nodeName in ca))if(3==a.nodeType)c?b.push(String(a.nodeValue).replace(/(\\r\\n|\\r|\\n)/g,\"\")):b.push(a.nodeValue);else if(a.nodeName in Q)b.push(Q[a.nodeName]);else for(a=a.firstChild;a;)R(a,b,c),a=a.nextSibling};function S(a,b){b=b.toLowerCase();return\"style\"==b?da(a.style.cssText):P&&\"value\"==b&&T(a,\"INPUT\")?a.value:ba&&!0===a[b]?String(a.getAttribute(b)):(a=a.getAttributeNode(b))&&a.specified?a.value:null}var ea=/[;]+(?=(?:(?:[^\"]*\"){2})*[^\"]*$)(?=(?:(?:[^']*'){2})*[^']*$)(?=(?:[^()]*\\([^()]*\\))*[^()]*$)/;\nfunction da(a){var b=[];k(a.split(ea),function(c){var e=c.indexOf(\":\");0\u003Ce&&(c=[c.slice(0,e),c.slice(e+1)],2==c.length&&b.push(c[0].toLowerCase(),\":\",c[1],\";\"))});b=b.join(\"\");return b=\";\"==b.charAt(b.length-1)?b:b+\";\"}function U(a,b){P&&\"value\"==b&&T(a,\"OPTION\")&&null===S(a,\"value\")?(b=[],R(a,b,!1),a=b.join(\"\")):a=a[b];return a}\nfunction T(a,b){b&&\"string\"!==typeof b&&(b=b.toString());return a instanceof HTMLFormElement?!!a&&1==a.nodeType&&(!b||\"FORM\"==b):!!a&&1==a.nodeType&&(!b||a.tagName.toUpperCase()==b)}function V(a){return T(a,\"OPTION\")?!0:T(a,\"INPUT\")?(a=a.type.toLowerCase(),\"checkbox\"==a||\"radio\"==a):!1};var fa={\"class\":\"className\",readonly:\"readOnly\"},ha=\"allowfullscreen allowpaymentrequest allowusermedia async autofocus autoplay checked compact complete controls declare default defaultchecked defaultselected defer disabled ended formnovalidate hidden indeterminate iscontenteditable ismap itemscope loop multiple muted nohref nomodule noresize noshade novalidate nowrap open paused playsinline pubdate readonly required reversed scoped seamless seeking selected truespeed typemustmatch willvalidate\".split(\" \");function W(a,b){var c=null,e=b.toLowerCase();if(\"style\"==e)return(c=a.style)&&\"string\"!=typeof c&&(c=c.cssText),c;if((\"selected\"==e||\"checked\"==e)&&V(a)){if(!V(a))throw new l(15,\"Element is not selectable\");b=\"selected\";c=a.type&&a.type.toLowerCase();if(\"checkbox\"==c||\"radio\"==c)b=\"checked\";return U(a,b)?\"true\":null}var g=T(a,\"A\");if(T(a,\"IMG\")&&\"src\"==e||g&&\"href\"==e)return(c=S(a,e))&&(c=U(a,e)),c;if(\"spellcheck\"==e){c=S(a,e);if(null!==c){if(\"false\"==c.toLowerCase())return\"false\";if(\"true\"==c.toLowerCase())return\"true\"}return U(a,\ne)+\"\"}g=fa[b]||b;if(0\u003C=h(ha,e))return(c=null!==S(a,b)||U(a,g))?\"true\":null;try{var x=U(a,g)}catch(ia){}(e=null==x)||(e=typeof x,e=\"object\"==e&&null!=x||\"function\"==e);e?c=S(a,b):c=x;return null!=c?c.toString():null}var X=[\"se_exportedFunctionSymbol\"],Y=d;X[0]in Y||\"undefined\"==typeof Y.execScript||Y.execScript(\"var \"+X[0]);for(var Z;X.length&&(Z=X.shift());)X.length||void 0===W?Y[Z]&&Y[Z]!==Object.prototype[Z]?Y=Y[Z]:Y=Y[Z]={}:Y[Z]=W;; return this.se_exportedFunctionSymbol.apply(null,arguments);}).apply(window, arguments);}\n).apply(null, arguments);"
}
[1766136399.477][INFO]: Waiting for pending navigations...
[1766136399.477][DEBUG]: DevTools WebSocket Command: Runtime.evaluate (id=362) (session_id=0AAA18818893BB4F6B34C271151FCEB6) 5DE497F544D78911CBD1B96C7216F4D3 {
   "expression": "1"
}
[1766136399.478][DEBUG]: DevTools WebSocket Response: Runtime.evaluate (id=362) (session_id=0AAA18818893BB4F6B34C271151FCEB6) 5DE497F544D78911CBD1B96C7216F4D3 {
   "result": {
      "description": "1",
      "type": "number",
      "value": 1
   }
}
[1766136399.478][INFO]: Done waiting for pending navigations. Status: ok
[1766136399.478][DEBUG]: DevTools WebSocket Command: Page.getFrameTree (id=363) (session_id=0AAA18818893BB4F6B34C271151FCEB6) 5DE497F544D78911CBD1B96C7216F4D3 {
}
[1766136399.478][DEBUG]: DevTools WebSocket Response: Page.getFrameTree (id=363) (session_id=0AAA18818893BB4F6B34C271151FCEB6) 5DE497F544D78911CBD1B96C7216F4D3 {
   "frameTree": {
      "frame": {
         "adFrameStatus": {
            "adFrameType": "none"
         },
         "crossOriginIsolatedContextType": "NotIsolated",
         "domainAndRegistry": "scrape.center",
         "gatedAPIFeatures": [  ],
         "id": "5DE497F544D78911CBD1B96C7216F4D3",
         "loaderId": "5017C2A040EE4D9953D9F7C6D2E8BB92",
         "mimeType": "text/html",
         "secureContextType": "Secure",
         "securityOrigin": "https://spa1.scrape.center",
         "securityOriginDetails": {
            "isLocalhost": false
         },
         "url": "https://spa1.scrape.center/"
      }
   }
}
[1766136399.478][DEBUG]: DevTools WebSocket Command: DOM.resolveNode (id=364) (session_id=0AAA18818893BB4F6B34C271151FCEB6) 5DE497F544D78911CBD1B96C7216F4D3 {
   "backendNodeId": 40,
   "objectGroup": "c71dbbd6-8f7f-4ad2-bf2f-65e6dcfb0d9f"
}
[1766136399.478][DEBUG]: DevTools WebSocket Response: DOM.resolveNode (id=364) (session_id=0AAA18818893BB4F6B34C271151FCEB6) 5DE497F544D78911CBD1B96C7216F4D3 {
   "object": {
      "className": "HTMLAnchorElement",
      "description": "a",
      "objectId": "1667652473473659487.1.99",
      "subtype": "node",
      "type": "object"
   }
}
[1766136399.478][DEBUG]: DevTools WebSocket Command: Page.getFrameTree (id=365) (session_id=0AAA18818893BB4F6B34C271151FCEB6) 5DE497F544D78911CBD1B96C7216F4D3 {
}
[1766136399.479][DEBUG]: DevTools WebSocket Response: Page.getFrameTree (id=365) (session_id=0AAA18818893BB4F6B34C271151FCEB6) 5DE497F544D78911CBD1B96C7216F4D3 {
   "frameTree": {
      "frame": {
         "adFrameStatus": {
            "adFrameType": "none"
         },
         "crossOriginIsolatedContextType": "NotIsolated",
         "domainAndRegistry": "scrape.center",
         "gatedAPIFeatures": [  ],
         "id": "5DE497F544D78911CBD1B96C7216F4D3",
         "loaderId": "5017C2A040EE4D9953D9F7C6D2E8BB92",
         "mimeType": "text/html",
         "secureContextType": "Secure",
         "securityOrigin": "https://spa1.scrape.center",
         "securityOriginDetails": {
            "isLocalhost": false
         },
         "url": "https://spa1.scrape.center/"
      }
   }
}
[1766136399.479][DEBUG]: DevTools WebSocket Command: Runtime.callFunctionOn (id=366) (session_id=0AAA18818893BB4F6B34C271151FCEB6) 5DE497F544D78911CBD1B96C7216F4D3 {
   "arguments": [ {
      "objectId": "1667652473473659487.1.99"
   } ],
   "awaitPromise": true,
   "functionDeclaration": "function(){ return (function() { // Copyright 2012 The Chromium Authors\n// Use of this source code is governed by a BSD-style license that can be\n// found in the LICENSE file.\n\n/**\n * Enum for WebD...",
   "objectGroup": "c71dbbd6-8f7f-4ad2-bf2f-65e6dcfb0d9f",
   "serializationOptions": {
      "serialization": "deep"
   },
   "uniqueContextId": "-88754438306678378.-5366136884038128798"
}
[1766136399.480][DEBUG]: DevTools WebSocket Response: Runtime.callFunctionOn (id=366) (session_id=0AAA18818893BB4F6B34C271151FCEB6) 5DE497F544D78911CBD1B96C7216F4D3 {
   "result": {
      "className": "Array",
      "deepSerializedValue": {
         "type": "array",
         "value": [ {
            "type": "string",
            "value": "{\"status\":0,\"value\":\"https://spa1.scrape.center/detail/5\"}"
         } ]
      },
      "description": "Array(1)",
      "objectId": "1667652473473659487.1.100",
      "subtype": "array",
      "type": "object"
   }
}
[1766136399.480][DEBUG]: DevTools WebSocket Command: Runtime.releaseObjectGroup (id=367) (session_id=0AAA18818893BB4F6B34C271151FCEB6) 5DE497F544D78911CBD1B96C7216F4D3 {
   "objectGroup": "c71dbbd6-8f7f-4ad2-bf2f-65e6dcfb0d9f"
}
[1766136399.480][INFO]: Waiting for pending navigations...
[1766136399.480][DEBUG]: DevTools WebSocket Command: Runtime.evaluate (id=368) (session_id=0AAA18818893BB4F6B34C271151FCEB6) 5DE497F544D78911CBD1B96C7216F4D3 {
   "expression": "1"
}
[1766136399.480][DEBUG]: DevTools WebSocket Response: Runtime.releaseObjectGroup (id=367) (session_id=0AAA18818893BB4F6B34C271151FCEB6) 5DE497F544D78911CBD1B96C7216F4D3 {
}
[1766136399.480][DEBUG]: DevTools WebSocket Response: Runtime.evaluate (id=368) (session_id=0AAA18818893BB4F6B34C271151FCEB6) 5DE497F544D78911CBD1B96C7216F4D3 {
   "result": {
      "description": "1",
      "type": "number",
      "value": 1
   }
}
[1766136399.480][INFO]: Done waiting for pending navigations. Status: ok
[1766136399.480][INFO]: [8cac16ba8b44337f2ba68d6c6e00a2d1] RESPONSE ExecuteScript "https://spa1.scrape.center/detail/5"
[1766136399.481][INFO]: [8cac16ba8b44337f2ba68d6c6e00a2d1] COMMAND FindChildElements {
   "id": "f.5DE497F544D78911CBD1B96C7216F4D3.d.5017C2A040EE4D9953D9F7C6D2E8BB92.e.13",
   "using": "css selector",
   "value": ".m-v-sm"
}
[1766136399.481][INFO]: Waiting for pending navigations...
[1766136399.481][DEBUG]: DevTools WebSocket Command: Runtime.evaluate (id=369) (session_id=0AAA18818893BB4F6B34C271151FCEB6) 5DE497F544D78911CBD1B96C7216F4D3 {
   "expression": "1"
}
[1766136399.481][DEBUG]: DevTools WebSocket Response: Runtime.evaluate (id=369) (session_id=0AAA18818893BB4F6B34C271151FCEB6) 5DE497F544D78911CBD1B96C7216F4D3 {
   "result": {
      "description": "1",
      "type": "number",
      "value": 1
   }
}
[1766136399.481][INFO]: Done waiting for pending navigations. Status: ok
[1766136399.482][DEBUG]: DevTools WebSocket Command: Page.getFrameTree (id=370) (session_id=0AAA18818893BB4F6B34C271151FCEB6) 5DE497F544D78911CBD1B96C7216F4D3 {
}
[1766136399.482][DEBUG]: DevTools WebSocket Response: Page.getFrameTree (id=370) (session_id=0AAA18818893BB4F6B34C271151FCEB6) 5DE497F544D78911CBD1B96C7216F4D3 {
   "frameTree": {
      "frame": {
         "adFrameStatus": {
            "adFrameType": "none"
         },
         "crossOriginIsolatedContextType": "NotIsolated",
         "domainAndRegistry": "scrape.center",
         "gatedAPIFeatures": [  ],
         "id": "5DE497F544D78911CBD1B96C7216F4D3",
         "loaderId": "5017C2A040EE4D9953D9F7C6D2E8BB92",
         "mimeType": "text/html",
         "secureContextType": "Secure",
         "securityOrigin": "https://spa1.scrape.center",
         "securityOriginDetails": {
            "isLocalhost": false
         },
         "url": "https://spa1.scrape.center/"
      }
   }
}
[1766136399.482][DEBUG]: DevTools WebSocket Command: DOM.resolveNode (id=371) (session_id=0AAA18818893BB4F6B34C271151FCEB6) 5DE497F544D78911CBD1B96C7216F4D3 {
   "backendNodeId": 13,
   "objectGroup": "6999b294-f70f-4967-919a-e0df1e402267"
}
[1766136399.482][DEBUG]: DevTools WebSocket Response: DOM.resolveNode (id=371) (session_id=0AAA18818893BB4F6B34C271151FCEB6) 5DE497F544D78911CBD1B96C7216F4D3 {
   "object": {
      "className": "HTMLDivElement",
      "description": "div.el-card__body",
      "objectId": "1667652473473659487.1.101",
      "subtype": "node",
      "type": "object"
   }
}
[1766136399.483][DEBUG]: DevTools WebSocket Command: Page.getFrameTree (id=372) (session_id=0AAA18818893BB4F6B34C271151FCEB6) 5DE497F544D78911CBD1B96C7216F4D3 {
}
[1766136399.483][DEBUG]: DevTools WebSocket Response: Page.getFrameTree (id=372) (session_id=0AAA18818893BB4F6B34C271151FCEB6) 5DE497F544D78911CBD1B96C7216F4D3 {
   "frameTree": {
      "frame": {
         "adFrameStatus": {
            "adFrameType": "none"
         },
         "crossOriginIsolatedContextType": "NotIsolated",
         "domainAndRegistry": "scrape.center",
         "gatedAPIFeatures": [  ],
         "id": "5DE497F544D78911CBD1B96C7216F4D3",
         "loaderId": "5017C2A040EE4D9953D9F7C6D2E8BB92",
         "mimeType": "text/html",
         "secureContextType": "Secure",
         "securityOrigin": "https://spa1.scrape.center",
         "securityOriginDetails": {
            "isLocalhost": false
         },
         "url": "https://spa1.scrape.center/"
      }
   }
}
[1766136399.484][DEBUG]: DevTools WebSocket Command: Runtime.callFunctionOn (id=373) (session_id=0AAA18818893BB4F6B34C271151FCEB6) 5DE497F544D78911CBD1B96C7216F4D3 {
   "arguments": [ {
      "objectId": "1667652473473659487.1.101"
   } ],
   "awaitPromise": true,
   "functionDeclaration": "function(){ return (function() { // Copyright 2012 The Chromium Authors\n// Use of this source code is governed by a BSD-style license that can be\n// found in the LICENSE file.\n\n/**\n * Enum for WebD...",
   "objectGroup": "6999b294-f70f-4967-919a-e0df1e402267",
   "serializationOptions": {
      "serialization": "deep"
   },
   "uniqueContextId": "-88754438306678378.-5366136884038128798"
}
[1766136399.486][DEBUG]: DevTools WebSocket Response: Runtime.callFunctionOn (id=373) (session_id=0AAA18818893BB4F6B34C271151FCEB6) 5DE497F544D78911CBD1B96C7216F4D3 {
   "result": {
      "className": "Array",
      "deepSerializedValue": {
         "type": "array",
         "value": [ {
            "type": "string",
            "value": "{\"status\":0,\"value\":[{\"element-6066-11e4-a52e-4f735466cecf\":0},{\"element-6066-11e4-a52e-4f735466cecf\":1}]}"
         }, {
            "type": "node",
            "value": {
               "attributes": {
                  "class": "m-v-sm info",
                  "data-v-1a647406": ""
               },
               "backendNodeId": 41,
               "childNodeCount": 3,
               "loaderId": "5017C2A040EE4D9953D9F7C6D2E8BB92",
               "localName": "div",
               "namespaceURI": "http://www.w3.org/1999/xhtml",
               "nodeType": 1,
               "shadowRoot": null
            }
         }, {
            "type": "node",
            "value": {
               "attributes": {
                  "class": "m-v-sm info",
                  "data-v-1a647406": ""
               },
               "backendNodeId": 42,
               "childNodeCount": 1,
               "loaderId": "5017C2A040EE4D9953D9F7C6D2E8BB92",
               "localName": "div",
               "namespaceURI": "http://www.w3.org/1999/xhtml",
               "nodeType": 1,
               "shadowRoot": null
            }
         } ]
      },
      "description": "Array(3)",
      "objectId": "1667652473473659487.1.102",
      "subtype": "array",
      "type": "object"
   }
}
[1766136399.486][DEBUG]: DevTools WebSocket Command: Runtime.releaseObjectGroup (id=374) (session_id=0AAA18818893BB4F6B34C271151FCEB6) 5DE497F544D78911CBD1B96C7216F4D3 {
   "objectGroup": "6999b294-f70f-4967-919a-e0df1e402267"
}
[1766136399.487][INFO]: Waiting for pending navigations...
[1766136399.487][DEBUG]: DevTools WebSocket Command: Runtime.evaluate (id=375) (session_id=0AAA18818893BB4F6B34C271151FCEB6) 5DE497F544D78911CBD1B96C7216F4D3 {
   "expression": "1"
}
[1766136399.487][DEBUG]: DevTools WebSocket Response: Runtime.releaseObjectGroup (id=374) (session_id=0AAA18818893BB4F6B34C271151FCEB6) 5DE497F544D78911CBD1B96C7216F4D3 {
}
[1766136399.487][DEBUG]: DevTools WebSocket Response: Runtime.evaluate (id=375) (session_id=0AAA18818893BB4F6B34C271151FCEB6) 5DE497F544D78911CBD1B96C7216F4D3 {
   "result": {
      "description": "1",
      "type": "number",
      "value": 1
   }
}
[1766136399.487][INFO]: Done waiting for pending navigations. Status: ok
[1766136399.487][INFO]: [8cac16ba8b44337f2ba68d6c6e00a2d1] RESPONSE FindChildElements [ {
   "element-6066-11e4-a52e-4f735466cecf": "f.5DE497F544D78911CBD1B96C7216F4D3.d.5017C2A040EE4D9953D9F7C6D2E8BB92.e.41"
}, {
   "element-6066-11e4-a52e-4f735466cecf": "f.5DE497F544D78911CBD1B96C7216F4D3.d.5017C2A040EE4D9953D9F7C6D2E8BB92.e.42"
} ]
[1766136399.488][INFO]: [8cac16ba8b44337f2ba68d6c6e00a2d1] COMMAND GetElementText {
   "id": "f.5DE497F544D78911CBD1B96C7216F4D3.d.5017C2A040EE4D9953D9F7C6D2E8BB92.e.41"
}
[1766136399.488][INFO]: Waiting for pending navigations...
[1766136399.488][DEBUG]: DevTools WebSocket Command: Runtime.evaluate (id=376) (session_id=0AAA18818893BB4F6B34C271151FCEB6) 5DE497F544D78911CBD1B96C7216F4D3 {
   "expression": "1"
}
[1766136399.488][DEBUG]: DevTools WebSocket Response: Runtime.evaluate (id=376) (session_id=0AAA18818893BB4F6B34C271151FCEB6) 5DE497F544D78911CBD1B96C7216F4D3 {
   "result": {
      "description": "1",
      "type": "number",
      "value": 1
   }
}
[1766136399.488][INFO]: Done waiting for pending navigations. Status: ok
[1766136399.489][DEBUG]: DevTools WebSocket Command: Page.getFrameTree (id=377) (session_id=0AAA18818893BB4F6B34C271151FCEB6) 5DE497F544D78911CBD1B96C7216F4D3 {
}
[1766136399.489][DEBUG]: DevTools WebSocket Response: Page.getFrameTree (id=377) (session_id=0AAA18818893BB4F6B34C271151FCEB6) 5DE497F544D78911CBD1B96C7216F4D3 {
   "frameTree": {
      "frame": {
         "adFrameStatus": {
            "adFrameType": "none"
         },
         "crossOriginIsolatedContextType": "NotIsolated",
         "domainAndRegistry": "scrape.center",
         "gatedAPIFeatures": [  ],
         "id": "5DE497F544D78911CBD1B96C7216F4D3",
         "loaderId": "5017C2A040EE4D9953D9F7C6D2E8BB92",
         "mimeType": "text/html",
         "secureContextType": "Secure",
         "securityOrigin": "https://spa1.scrape.center",
         "securityOriginDetails": {
            "isLocalhost": false
         },
         "url": "https://spa1.scrape.center/"
      }
   }
}
[1766136399.489][DEBUG]: DevTools WebSocket Command: DOM.resolveNode (id=378) (session_id=0AAA18818893BB4F6B34C271151FCEB6) 5DE497F544D78911CBD1B96C7216F4D3 {
   "backendNodeId": 41,
   "objectGroup": "08e4b96e-7c5e-478c-b3d2-35bd22f6fe3d"
}
[1766136399.489][DEBUG]: DevTools WebSocket Response: DOM.resolveNode (id=378) (session_id=0AAA18818893BB4F6B34C271151FCEB6) 5DE497F544D78911CBD1B96C7216F4D3 {
   "object": {
      "className": "HTMLDivElement",
      "description": "div.m-v-sm.info",
      "objectId": "1667652473473659487.1.103",
      "subtype": "node",
      "type": "object"
   }
}
[1766136399.489][DEBUG]: DevTools WebSocket Command: Page.getFrameTree (id=379) (session_id=0AAA18818893BB4F6B34C271151FCEB6) 5DE497F544D78911CBD1B96C7216F4D3 {
}
[1766136399.490][DEBUG]: DevTools WebSocket Response: Page.getFrameTree (id=379) (session_id=0AAA18818893BB4F6B34C271151FCEB6) 5DE497F544D78911CBD1B96C7216F4D3 {
   "frameTree": {
      "frame": {
         "adFrameStatus": {
            "adFrameType": "none"
         },
         "crossOriginIsolatedContextType": "NotIsolated",
         "domainAndRegistry": "scrape.center",
         "gatedAPIFeatures": [  ],
         "id": "5DE497F544D78911CBD1B96C7216F4D3",
         "loaderId": "5017C2A040EE4D9953D9F7C6D2E8BB92",
         "mimeType": "text/html",
         "secureContextType": "Secure",
         "securityOrigin": "https://spa1.scrape.center",
         "securityOriginDetails": {
            "isLocalhost": false
         },
         "url": "https://spa1.scrape.center/"
      }
   }
}
[1766136399.491][DEBUG]: DevTools WebSocket Command: Runtime.callFunctionOn (id=380) (session_id=0AAA18818893BB4F6B34C271151FCEB6) 5DE497F544D78911CBD1B96C7216F4D3 {
   "arguments": [ {
      "objectId": "1667652473473659487.1.103"
   } ],
   "awaitPromise": true,
   "functionDeclaration": "function(){ return (function() { // Copyright 2012 The Chromium Authors\n// Use of this source code is governed by a BSD-style license that can be\n// found in the LICENSE file.\n\n/**\n * Enum for WebD...",
   "objectGroup": "08e4b96e-7c5e-478c-b3d2-35bd22f6fe3d",
   "serializationOptions": {
      "serialization": "deep"
   },
   "uniqueContextId": "-88754438306678378.-5366136884038128798"
}
[1766136399.494][DEBUG]: DevTools WebSocket Response: Runtime.callFunctionOn (id=380) (session_id=0AAA18818893BB4F6B34C271151FCEB6) 5DE497F544D78911CBD1B96C7216F4D3 {
   "result": {
      "className": "Array",
      "deepSerializedValue": {
         "type": "array",
         "value": [ {
            "type": "string",
            "value": "{\"status\":0,\"value\":\"美国 / 118 分钟\"}"
         } ]
      },
      "description": "Array(1)",
      "objectId": "1667652473473659487.1.104",
      "subtype": "array",
      "type": "object"
   }
}
[1766136399.494][DEBUG]: DevTools WebSocket Command: Runtime.releaseObjectGroup (id=381) (session_id=0AAA18818893BB4F6B34C271151FCEB6) 5DE497F544D78911CBD1B96C7216F4D3 {
   "objectGroup": "08e4b96e-7c5e-478c-b3d2-35bd22f6fe3d"
}
[1766136399.494][INFO]: Waiting for pending navigations...
[1766136399.494][DEBUG]: DevTools WebSocket Command: Runtime.evaluate (id=382) (session_id=0AAA18818893BB4F6B34C271151FCEB6) 5DE497F544D78911CBD1B96C7216F4D3 {
   "expression": "1"
}
[1766136399.494][DEBUG]: DevTools WebSocket Response: Runtime.releaseObjectGroup (id=381) (session_id=0AAA18818893BB4F6B34C271151FCEB6) 5DE497F544D78911CBD1B96C7216F4D3 {
}
[1766136399.494][DEBUG]: DevTools WebSocket Response: Runtime.evaluate (id=382) (session_id=0AAA18818893BB4F6B34C271151FCEB6) 5DE497F544D78911CBD1B96C7216F4D3 {
   "result": {
      "description": "1",
      "type": "number",
      "value": 1
   }
}
[1766136399.494][INFO]: Done waiting for pending navigations. Status: ok
[1766136399.494][INFO]: [8cac16ba8b44337f2ba68d6c6e00a2d1] RESPONSE GetElementText "美国 / 118 分钟"
[1766136399.495][INFO]: [8cac16ba8b44337f2ba68d6c6e00a2d1] COMMAND FindChildElements {
   "id": "f.5DE497F544D78911CBD1B96C7216F4D3.d.5017C2A040EE4D9953D9F7C6D2E8BB92.e.13",
   "using": "css selector",
   "value": ".m-v-sm"
}
[1766136399.495][INFO]: Waiting for pending navigations...
[1766136399.495][DEBUG]: DevTools WebSocket Command: Runtime.evaluate (id=383) (session_id=0AAA18818893BB4F6B34C271151FCEB6) 5DE497F544D78911CBD1B96C7216F4D3 {
   "expression": "1"
}
[1766136399.495][DEBUG]: DevTools WebSocket Response: Runtime.evaluate (id=383) (session_id=0AAA18818893BB4F6B34C271151FCEB6) 5DE497F544D78911CBD1B96C7216F4D3 {
   "result": {
      "description": "1",
      "type": "number",
      "value": 1
   }
}
[1766136399.496][INFO]: Done waiting for pending navigations. Status: ok
[1766136399.496][DEBUG]: DevTools WebSocket Command: Page.getFrameTree (id=384) (session_id=0AAA18818893BB4F6B34C271151FCEB6) 5DE497F544D78911CBD1B96C7216F4D3 {
}
[1766136399.496][DEBUG]: DevTools WebSocket Response: Page.getFrameTree (id=384) (session_id=0AAA18818893BB4F6B34C271151FCEB6) 5DE497F544D78911CBD1B96C7216F4D3 {
   "frameTree": {
      "frame": {
         "adFrameStatus": {
            "adFrameType": "none"
         },
         "crossOriginIsolatedContextType": "NotIsolated",
         "domainAndRegistry": "scrape.center",
         "gatedAPIFeatures": [  ],
         "id": "5DE497F544D78911CBD1B96C7216F4D3",
         "loaderId": "5017C2A040EE4D9953D9F7C6D2E8BB92",
         "mimeType": "text/html",
         "secureContextType": "Secure",
         "securityOrigin": "https://spa1.scrape.center",
         "securityOriginDetails": {
            "isLocalhost": false
         },
         "url": "https://spa1.scrape.center/"
      }
   }
}
[1766136399.496][DEBUG]: DevTools WebSocket Command: DOM.resolveNode (id=385) (session_id=0AAA18818893BB4F6B34C271151FCEB6) 5DE497F544D78911CBD1B96C7216F4D3 {
   "backendNodeId": 13,
   "objectGroup": "3a19071e-8916-451e-8743-ec814363438a"
}
[1766136399.496][DEBUG]: DevTools WebSocket Response: DOM.resolveNode (id=385) (session_id=0AAA18818893BB4F6B34C271151FCEB6) 5DE497F544D78911CBD1B96C7216F4D3 {
   "object": {
      "className": "HTMLDivElement",
      "description": "div.el-card__body",
      "objectId": "1667652473473659487.1.105",
      "subtype": "node",
      "type": "object"
   }
}
[1766136399.496][DEBUG]: DevTools WebSocket Command: Page.getFrameTree (id=386) (session_id=0AAA18818893BB4F6B34C271151FCEB6) 5DE497F544D78911CBD1B96C7216F4D3 {
}
[1766136399.497][DEBUG]: DevTools WebSocket Response: Page.getFrameTree (id=386) (session_id=0AAA18818893BB4F6B34C271151FCEB6) 5DE497F544D78911CBD1B96C7216F4D3 {
   "frameTree": {
      "frame": {
         "adFrameStatus": {
            "adFrameType": "none"
         },
         "crossOriginIsolatedContextType": "NotIsolated",
         "domainAndRegistry": "scrape.center",
         "gatedAPIFeatures": [  ],
         "id": "5DE497F544D78911CBD1B96C7216F4D3",
         "loaderId": "5017C2A040EE4D9953D9F7C6D2E8BB92",
         "mimeType": "text/html",
         "secureContextType": "Secure",
         "securityOrigin": "https://spa1.scrape.center",
         "securityOriginDetails": {
            "isLocalhost": false
         },
         "url": "https://spa1.scrape.center/"
      }
   }
}
[1766136399.498][DEBUG]: DevTools WebSocket Command: Runtime.callFunctionOn (id=387) (session_id=0AAA18818893BB4F6B34C271151FCEB6) 5DE497F544D78911CBD1B96C7216F4D3 {
   "arguments": [ {
      "objectId": "1667652473473659487.1.105"
   } ],
   "awaitPromise": true,
   "functionDeclaration": "function(){ return (function() { // Copyright 2012 The Chromium Authors\n// Use of this source code is governed by a BSD-style license that can be\n// found in the LICENSE file.\n\n/**\n * Enum for WebD...",
   "objectGroup": "3a19071e-8916-451e-8743-ec814363438a",
   "serializationOptions": {
      "serialization": "deep"
   },
   "uniqueContextId": "-88754438306678378.-5366136884038128798"
}
[1766136399.500][DEBUG]: DevTools WebSocket Response: Runtime.callFunctionOn (id=387) (session_id=0AAA18818893BB4F6B34C271151FCEB6) 5DE497F544D78911CBD1B96C7216F4D3 {
   "result": {
      "className": "Array",
      "deepSerializedValue": {
         "type": "array",
         "value": [ {
            "type": "string",
            "value": "{\"status\":0,\"value\":[{\"element-6066-11e4-a52e-4f735466cecf\":0},{\"element-6066-11e4-a52e-4f735466cecf\":1}]}"
         }, {
            "type": "node",
            "value": {
               "attributes": {
                  "class": "m-v-sm info",
                  "data-v-1a647406": ""
               },
               "backendNodeId": 41,
               "childNodeCount": 3,
               "loaderId": "5017C2A040EE4D9953D9F7C6D2E8BB92",
               "localName": "div",
               "namespaceURI": "http://www.w3.org/1999/xhtml",
               "nodeType": 1,
               "shadowRoot": null
            }
         }, {
            "type": "node",
            "value": {
               "attributes": {
                  "class": "m-v-sm info",
                  "data-v-1a647406": ""
               },
               "backendNodeId": 42,
               "childNodeCount": 1,
               "loaderId": "5017C2A040EE4D9953D9F7C6D2E8BB92",
               "localName": "div",
               "namespaceURI": "http://www.w3.org/1999/xhtml",
               "nodeType": 1,
               "shadowRoot": null
            }
         } ]
      },
      "description": "Array(3)",
      "objectId": "1667652473473659487.1.106",
      "subtype": "array",
      "type": "object"
   }
}
[1766136399.500][DEBUG]: DevTools WebSocket Command: Runtime.releaseObjectGroup (id=388) (session_id=0AAA18818893BB4F6B34C271151FCEB6) 5DE497F544D78911CBD1B96C7216F4D3 {
   "objectGroup": "3a19071e-8916-451e-8743-ec814363438a"
}
[1766136399.500][INFO]: Waiting for pending navigations...
[1766136399.500][DEBUG]: DevTools WebSocket Command: Runtime.evaluate (id=389) (session_id=0AAA18818893BB4F6B34C271151FCEB6) 5DE497F544D78911CBD1B96C7216F4D3 {
   "expression": "1"
}
[1766136399.500][DEBUG]: DevTools WebSocket Response: Runtime.releaseObjectGroup (id=388) (session_id=0AAA18818893BB4F6B34C271151FCEB6) 5DE497F544D78911CBD1B96C7216F4D3 {
}
[1766136399.500][DEBUG]: DevTools WebSocket Response: Runtime.evaluate (id=389) (session_id=0AAA18818893BB4F6B34C271151FCEB6) 5DE497F544D78911CBD1B96C7216F4D3 {
   "result": {
      "description": "1",
      "type": "number",
      "value": 1
   }
}
[1766136399.500][INFO]: Done waiting for pending navigations. Status: ok
[1766136399.500][INFO]: [8cac16ba8b44337f2ba68d6c6e00a2d1] RESPONSE FindChildElements [ {
   "element-6066-11e4-a52e-4f735466cecf": "f.5DE497F544D78911CBD1B96C7216F4D3.d.5017C2A040EE4D9953D9F7C6D2E8BB92.e.41"
}, {
   "element-6066-11e4-a52e-4f735466cecf": "f.5DE497F544D78911CBD1B96C7216F4D3.d.5017C2A040EE4D9953D9F7C6D2E8BB92.e.42"
} ]
[1766136399.501][INFO]: [8cac16ba8b44337f2ba68d6c6e00a2d1] COMMAND GetElementText {
   "id": "f.5DE497F544D78911CBD1B96C7216F4D3.d.5017C2A040EE4D9953D9F7C6D2E8BB92.e.42"
}
[1766136399.501][INFO]: Waiting for pending navigations...
[1766136399.501][DEBUG]: DevTools WebSocket Command: Runtime.evaluate (id=390) (session_id=0AAA18818893BB4F6B34C271151FCEB6) 5DE497F544D78911CBD1B96C7216F4D3 {
   "expression": "1"
}
[1766136399.502][DEBUG]: DevTools WebSocket Response: Runtime.evaluate (id=390) (session_id=0AAA18818893BB4F6B34C271151FCEB6) 5DE497F544D78911CBD1B96C7216F4D3 {
   "result": {
      "description": "1",
      "type": "number",
      "value": 1
   }
}
[1766136399.502][INFO]: Done waiting for pending navigations. Status: ok
[1766136399.502][DEBUG]: DevTools WebSocket Command: Page.getFrameTree (id=391) (session_id=0AAA18818893BB4F6B34C271151FCEB6) 5DE497F544D78911CBD1B96C7216F4D3 {
}
[1766136399.502][DEBUG]: DevTools WebSocket Response: Page.getFrameTree (id=391) (session_id=0AAA18818893BB4F6B34C271151FCEB6) 5DE497F544D78911CBD1B96C7216F4D3 {
   "frameTree": {
      "frame": {
         "adFrameStatus": {
            "adFrameType": "none"
         },
         "crossOriginIsolatedContextType": "NotIsolated",
         "domainAndRegistry": "scrape.center",
         "gatedAPIFeatures": [  ],
         "id": "5DE497F544D78911CBD1B96C7216F4D3",
         "loaderId": "5017C2A040EE4D9953D9F7C6D2E8BB92",
         "mimeType": "text/html",
         "secureContextType": "Secure",
         "securityOrigin": "https://spa1.scrape.center",
         "securityOriginDetails": {
            "isLocalhost": false
         },
         "url": "https://spa1.scrape.center/"
      }
   }
}
[1766136399.502][DEBUG]: DevTools WebSocket Command: DOM.resolveNode (id=392) (session_id=0AAA18818893BB4F6B34C271151FCEB6) 5DE497F544D78911CBD1B96C7216F4D3 {
   "backendNodeId": 42,
   "objectGroup": "e130c9ab-47ef-412f-bf91-41834a0e603a"
}
[1766136399.503][DEBUG]: DevTools WebSocket Response: DOM.resolveNode (id=392) (session_id=0AAA18818893BB4F6B34C271151FCEB6) 5DE497F544D78911CBD1B96C7216F4D3 {
   "object": {
      "className": "HTMLDivElement",
      "description": "div.m-v-sm.info",
      "objectId": "1667652473473659487.1.107",
      "subtype": "node",
      "type": "object"
   }
}
[1766136399.503][DEBUG]: DevTools WebSocket Command: Page.getFrameTree (id=393) (session_id=0AAA18818893BB4F6B34C271151FCEB6) 5DE497F544D78911CBD1B96C7216F4D3 {
}
[1766136399.503][DEBUG]: DevTools WebSocket Response: Page.getFrameTree (id=393) (session_id=0AAA18818893BB4F6B34C271151FCEB6) 5DE497F544D78911CBD1B96C7216F4D3 {
   "frameTree": {
      "frame": {
         "adFrameStatus": {
            "adFrameType": "none"
         },
         "crossOriginIsolatedContextType": "NotIsolated",
         "domainAndRegistry": "scrape.center",
         "gatedAPIFeatures": [  ],
         "id": "5DE497F544D78911CBD1B96C7216F4D3",
         "loaderId": "5017C2A040EE4D9953D9F7C6D2E8BB92",
         "mimeType": "text/html",
         "secureContextType": "Secure",
         "securityOrigin": "https://spa1.scrape.center",
         "securityOriginDetails": {
            "isLocalhost": false
         },
         "url": "https://spa1.scrape.center/"
      }
   }
}
[1766136399.505][DEBUG]: DevTools WebSocket Command: Runtime.callFunctionOn (id=394) (session_id=0AAA18818893BB4F6B34C271151FCEB6) 5DE497F544D78911CBD1B96C7216F4D3 {
   "arguments": [ {
      "objectId": "1667652473473659487.1.107"
   } ],
   "awaitPromise": true,
   "functionDeclaration": "function(){ return (function() { // Copyright 2012 The Chromium Authors\n// Use of this source code is governed by a BSD-style license that can be\n// found in the LICENSE file.\n\n/**\n * Enum for WebD...",
   "objectGroup": "e130c9ab-47ef-412f-bf91-41834a0e603a",
   "serializationOptions": {
      "serialization": "deep"
   },
   "uniqueContextId": "-88754438306678378.-5366136884038128798"
}
[1766136399.507][DEBUG]: DevTools WebSocket Response: Runtime.callFunctionOn (id=394) (session_id=0AAA18818893BB4F6B34C271151FCEB6) 5DE497F544D78911CBD1B96C7216F4D3 {
   "result": {
      "className": "Array",
      "deepSerializedValue": {
         "type": "array",
         "value": [ {
            "type": "string",
            "value": "{\"status\":0,\"value\":\"1953-08-20 上映\"}"
         } ]
      },
      "description": "Array(1)",
      "objectId": "1667652473473659487.1.108",
      "subtype": "array",
      "type": "object"
   }
}
[1766136399.507][DEBUG]: DevTools WebSocket Command: Runtime.releaseObjectGroup (id=395) (session_id=0AAA18818893BB4F6B34C271151FCEB6) 5DE497F544D78911CBD1B96C7216F4D3 {
   "objectGroup": "e130c9ab-47ef-412f-bf91-41834a0e603a"
}
[1766136399.508][INFO]: Waiting for pending navigations...
[1766136399.508][DEBUG]: DevTools WebSocket Command: Runtime.evaluate (id=396) (session_id=0AAA18818893BB4F6B34C271151FCEB6) 5DE497F544D78911CBD1B96C7216F4D3 {
   "expression": "1"
}
[1766136399.508][DEBUG]: DevTools WebSocket Response: Runtime.releaseObjectGroup (id=395) (session_id=0AAA18818893BB4F6B34C271151FCEB6) 5DE497F544D78911CBD1B96C7216F4D3 {
}
[1766136399.508][DEBUG]: DevTools WebSocket Response: Runtime.evaluate (id=396) (session_id=0AAA18818893BB4F6B34C271151FCEB6) 5DE497F544D78911CBD1B96C7216F4D3 {
   "result": {
      "description": "1",
      "type": "number",
      "value": 1
   }
}
[1766136399.508][INFO]: Done waiting for pending navigations. Status: ok
[1766136399.508][INFO]: [8cac16ba8b44337f2ba68d6c6e00a2d1] RESPONSE GetElementText "1953-08-20 上映"
[1766136399.509][INFO]: [8cac16ba8b44337f2ba68d6c6e00a2d1] COMMAND FindChildElement {
   "id": "f.5DE497F544D78911CBD1B96C7216F4D3.d.5017C2A040EE4D9953D9F7C6D2E8BB92.e.13",
   "using": "css selector",
   "value": ".score"
}
[1766136399.509][INFO]: Waiting for pending navigations...
[1766136399.509][DEBUG]: DevTools WebSocket Command: Runtime.evaluate (id=397) (session_id=0AAA18818893BB4F6B34C271151FCEB6) 5DE497F544D78911CBD1B96C7216F4D3 {
   "expression": "1"
}
[1766136399.509][DEBUG]: DevTools WebSocket Response: Runtime.evaluate (id=397) (session_id=0AAA18818893BB4F6B34C271151FCEB6) 5DE497F544D78911CBD1B96C7216F4D3 {
   "result": {
      "description": "1",
      "type": "number",
      "value": 1
   }
}
[1766136399.510][INFO]: Done waiting for pending navigations. Status: ok
[1766136399.510][DEBUG]: DevTools WebSocket Command: Page.getFrameTree (id=398) (session_id=0AAA18818893BB4F6B34C271151FCEB6) 5DE497F544D78911CBD1B96C7216F4D3 {
}
[1766136399.510][DEBUG]: DevTools WebSocket Response: Page.getFrameTree (id=398) (session_id=0AAA18818893BB4F6B34C271151FCEB6) 5DE497F544D78911CBD1B96C7216F4D3 {
   "frameTree": {
      "frame": {
         "adFrameStatus": {
            "adFrameType": "none"
         },
         "crossOriginIsolatedContextType": "NotIsolated",
         "domainAndRegistry": "scrape.center",
         "gatedAPIFeatures": [  ],
         "id": "5DE497F544D78911CBD1B96C7216F4D3",
         "loaderId": "5017C2A040EE4D9953D9F7C6D2E8BB92",
         "mimeType": "text/html",
         "secureContextType": "Secure",
         "securityOrigin": "https://spa1.scrape.center",
         "securityOriginDetails": {
            "isLocalhost": false
         },
         "url": "https://spa1.scrape.center/"
      }
   }
}
[1766136399.510][DEBUG]: DevTools WebSocket Command: DOM.resolveNode (id=399) (session_id=0AAA18818893BB4F6B34C271151FCEB6) 5DE497F544D78911CBD1B96C7216F4D3 {
   "backendNodeId": 13,
   "objectGroup": "6f420439-3959-4ea5-a870-80b6a7e74c57"
}
[1766136399.511][DEBUG]: DevTools WebSocket Response: DOM.resolveNode (id=399) (session_id=0AAA18818893BB4F6B34C271151FCEB6) 5DE497F544D78911CBD1B96C7216F4D3 {
   "object": {
      "className": "HTMLDivElement",
      "description": "div.el-card__body",
      "objectId": "1667652473473659487.1.109",
      "subtype": "node",
      "type": "object"
   }
}
[1766136399.511][DEBUG]: DevTools WebSocket Command: Page.getFrameTree (id=400) (session_id=0AAA18818893BB4F6B34C271151FCEB6) 5DE497F544D78911CBD1B96C7216F4D3 {
}
[1766136399.511][DEBUG]: DevTools WebSocket Response: Page.getFrameTree (id=400) (session_id=0AAA18818893BB4F6B34C271151FCEB6) 5DE497F544D78911CBD1B96C7216F4D3 {
   "frameTree": {
      "frame": {
         "adFrameStatus": {
            "adFrameType": "none"
         },
         "crossOriginIsolatedContextType": "NotIsolated",
         "domainAndRegistry": "scrape.center",
         "gatedAPIFeatures": [  ],
         "id": "5DE497F544D78911CBD1B96C7216F4D3",
         "loaderId": "5017C2A040EE4D9953D9F7C6D2E8BB92",
         "mimeType": "text/html",
         "secureContextType": "Secure",
         "securityOrigin": "https://spa1.scrape.center",
         "securityOriginDetails": {
            "isLocalhost": false
         },
         "url": "https://spa1.scrape.center/"
      }
   }
}
[1766136399.512][DEBUG]: DevTools WebSocket Command: Runtime.callFunctionOn (id=401) (session_id=0AAA18818893BB4F6B34C271151FCEB6) 5DE497F544D78911CBD1B96C7216F4D3 {
   "arguments": [ {
      "objectId": "1667652473473659487.1.109"
   } ],
   "awaitPromise": true,
   "functionDeclaration": "function(){ return (function() { // Copyright 2012 The Chromium Authors\n// Use of this source code is governed by a BSD-style license that can be\n// found in the LICENSE file.\n\n/**\n * Enum for WebD...",
   "objectGroup": "6f420439-3959-4ea5-a870-80b6a7e74c57",
   "serializationOptions": {
      "serialization": "deep"
   },
   "uniqueContextId": "-88754438306678378.-5366136884038128798"
}
[1766136399.515][DEBUG]: DevTools WebSocket Response: Runtime.callFunctionOn (id=401) (session_id=0AAA18818893BB4F6B34C271151FCEB6) 5DE497F544D78911CBD1B96C7216F4D3 {
   "result": {
      "className": "Array",
      "deepSerializedValue": {
         "type": "array",
         "value": [ {
            "type": "string",
            "value": "{\"status\":0,\"value\":{\"element-6066-11e4-a52e-4f735466cecf\":0}}"
         }, {
            "type": "node",
            "value": {
               "attributes": {
                  "class": "score m-t-md m-b-n-sm",
                  "data-v-1a647406": ""
               },
               "backendNodeId": 43,
               "childNodeCount": 1,
               "loaderId": "5017C2A040EE4D9953D9F7C6D2E8BB92",
               "localName": "p",
               "namespaceURI": "http://www.w3.org/1999/xhtml",
               "nodeType": 1,
               "shadowRoot": null
            }
         } ]
      },
      "description": "Array(2)",
      "objectId": "1667652473473659487.1.110",
      "subtype": "array",
      "type": "object"
   }
}
[1766136399.515][DEBUG]: DevTools WebSocket Command: Runtime.releaseObjectGroup (id=402) (session_id=0AAA18818893BB4F6B34C271151FCEB6) 5DE497F544D78911CBD1B96C7216F4D3 {
   "objectGroup": "6f420439-3959-4ea5-a870-80b6a7e74c57"
}
[1766136399.515][INFO]: Waiting for pending navigations...
[1766136399.515][DEBUG]: DevTools WebSocket Command: Runtime.evaluate (id=403) (session_id=0AAA18818893BB4F6B34C271151FCEB6) 5DE497F544D78911CBD1B96C7216F4D3 {
   "expression": "1"
}
[1766136399.516][DEBUG]: DevTools WebSocket Response: Runtime.releaseObjectGroup (id=402) (session_id=0AAA18818893BB4F6B34C271151FCEB6) 5DE497F544D78911CBD1B96C7216F4D3 {
}
[1766136399.516][DEBUG]: DevTools WebSocket Response: Runtime.evaluate (id=403) (session_id=0AAA18818893BB4F6B34C271151FCEB6) 5DE497F544D78911CBD1B96C7216F4D3 {
   "result": {
      "description": "1",
      "type": "number",
      "value": 1
   }
}
[1766136399.516][INFO]: Done waiting for pending navigations. Status: ok
[1766136399.516][INFO]: [8cac16ba8b44337f2ba68d6c6e00a2d1] RESPONSE FindChildElement {
   "element-6066-11e4-a52e-4f735466cecf": "f.5DE497F544D78911CBD1B96C7216F4D3.d.5017C2A040EE4D9953D9F7C6D2E8BB92.e.43"
}
[1766136399.517][INFO]: [8cac16ba8b44337f2ba68d6c6e00a2d1] COMMAND GetElementText {
   "id": "f.5DE497F544D78911CBD1B96C7216F4D3.d.5017C2A040EE4D9953D9F7C6D2E8BB92.e.43"
}
[1766136399.517][INFO]: Waiting for pending navigations...
[1766136399.517][DEBUG]: DevTools WebSocket Command: Runtime.evaluate (id=404) (session_id=0AAA18818893BB4F6B34C271151FCEB6) 5DE497F544D78911CBD1B96C7216F4D3 {
   "expression": "1"
}
[1766136399.517][DEBUG]: DevTools WebSocket Response: Runtime.evaluate (id=404) (session_id=0AAA18818893BB4F6B34C271151FCEB6) 5DE497F544D78911CBD1B96C7216F4D3 {
   "result": {
      "description": "1",
      "type": "number",
      "value": 1
   }
}
[1766136399.517][INFO]: Done waiting for pending navigations. Status: ok
[1766136399.518][DEBUG]: DevTools WebSocket Command: Page.getFrameTree (id=405) (session_id=0AAA18818893BB4F6B34C271151FCEB6) 5DE497F544D78911CBD1B96C7216F4D3 {
}
[1766136399.518][DEBUG]: DevTools WebSocket Response: Page.getFrameTree (id=405) (session_id=0AAA18818893BB4F6B34C271151FCEB6) 5DE497F544D78911CBD1B96C7216F4D3 {
   "frameTree": {
      "frame": {
         "adFrameStatus": {
            "adFrameType": "none"
         },
         "crossOriginIsolatedContextType": "NotIsolated",
         "domainAndRegistry": "scrape.center",
         "gatedAPIFeatures": [  ],
         "id": "5DE497F544D78911CBD1B96C7216F4D3",
         "loaderId": "5017C2A040EE4D9953D9F7C6D2E8BB92",
         "mimeType": "text/html",
         "secureContextType": "Secure",
         "securityOrigin": "https://spa1.scrape.center",
         "securityOriginDetails": {
            "isLocalhost": false
         },
         "url": "https://spa1.scrape.center/"
      }
   }
}
[1766136399.518][DEBUG]: DevTools WebSocket Command: DOM.resolveNode (id=406) (session_id=0AAA18818893BB4F6B34C271151FCEB6) 5DE497F544D78911CBD1B96C7216F4D3 {
   "backendNodeId": 43,
   "objectGroup": "bee883b4-f1e8-4b39-ac6c-e44758ab2f13"
}
[1766136399.518][DEBUG]: DevTools WebSocket Response: DOM.resolveNode (id=406) (session_id=0AAA18818893BB4F6B34C271151FCEB6) 5DE497F544D78911CBD1B96C7216F4D3 {
   "object": {
      "className": "HTMLParagraphElement",
      "description": "p.score.m-t-md.m-b-n-sm",
      "objectId": "1667652473473659487.1.111",
      "subtype": "node",
      "type": "object"
   }
}
[1766136399.518][DEBUG]: DevTools WebSocket Command: Page.getFrameTree (id=407) (session_id=0AAA18818893BB4F6B34C271151FCEB6) 5DE497F544D78911CBD1B96C7216F4D3 {
}
[1766136399.519][DEBUG]: DevTools WebSocket Response: Page.getFrameTree (id=407) (session_id=0AAA18818893BB4F6B34C271151FCEB6) 5DE497F544D78911CBD1B96C7216F4D3 {
   "frameTree": {
      "frame": {
         "adFrameStatus": {
            "adFrameType": "none"
         },
         "crossOriginIsolatedContextType": "NotIsolated",
         "domainAndRegistry": "scrape.center",
         "gatedAPIFeatures": [  ],
         "id": "5DE497F544D78911CBD1B96C7216F4D3",
         "loaderId": "5017C2A040EE4D9953D9F7C6D2E8BB92",
         "mimeType": "text/html",
         "secureContextType": "Secure",
         "securityOrigin": "https://spa1.scrape.center",
         "securityOriginDetails": {
            "isLocalhost": false
         },
         "url": "https://spa1.scrape.center/"
      }
   }
}
[1766136399.520][DEBUG]: DevTools WebSocket Command: Runtime.callFunctionOn (id=408) (session_id=0AAA18818893BB4F6B34C271151FCEB6) 5DE497F544D78911CBD1B96C7216F4D3 {
   "arguments": [ {
      "objectId": "1667652473473659487.1.111"
   } ],
   "awaitPromise": true,
   "functionDeclaration": "function(){ return (function() { // Copyright 2012 The Chromium Authors\n// Use of this source code is governed by a BSD-style license that can be\n// found in the LICENSE file.\n\n/**\n * Enum for WebD...",
   "objectGroup": "bee883b4-f1e8-4b39-ac6c-e44758ab2f13",
   "serializationOptions": {
      "serialization": "deep"
   },
   "uniqueContextId": "-88754438306678378.-5366136884038128798"
}
[1766136399.523][DEBUG]: DevTools WebSocket Response: Runtime.callFunctionOn (id=408) (session_id=0AAA18818893BB4F6B34C271151FCEB6) 5DE497F544D78911CBD1B96C7216F4D3 {
   "result": {
      "className": "Array",
      "deepSerializedValue": {
         "type": "array",
         "value": [ {
            "type": "string",
            "value": "{\"status\":0,\"value\":\"9.5\"}"
         } ]
      },
      "description": "Array(1)",
      "objectId": "1667652473473659487.1.112",
      "subtype": "array",
      "type": "object"
   }
}
[1766136399.523][DEBUG]: DevTools WebSocket Command: Runtime.releaseObjectGroup (id=409) (session_id=0AAA18818893BB4F6B34C271151FCEB6) 5DE497F544D78911CBD1B96C7216F4D3 {
   "objectGroup": "bee883b4-f1e8-4b39-ac6c-e44758ab2f13"
}
[1766136399.523][INFO]: Waiting for pending navigations...
[1766136399.523][DEBUG]: DevTools WebSocket Command: Runtime.evaluate (id=410) (session_id=0AAA18818893BB4F6B34C271151FCEB6) 5DE497F544D78911CBD1B96C7216F4D3 {
   "expression": "1"
}
[1766136399.523][DEBUG]: DevTools WebSocket Response: Runtime.releaseObjectGroup (id=409) (session_id=0AAA18818893BB4F6B34C271151FCEB6) 5DE497F544D78911CBD1B96C7216F4D3 {
}
[1766136399.523][DEBUG]: DevTools WebSocket Response: Runtime.evaluate (id=410) (session_id=0AAA18818893BB4F6B34C271151FCEB6) 5DE497F544D78911CBD1B96C7216F4D3 {
   "result": {
      "description": "1",
      "type": "number",
      "value": 1
   }
}
[1766136399.524][INFO]: Done waiting for pending navigations. Status: ok
[1766136399.524][INFO]: [8cac16ba8b44337f2ba68d6c6e00a2d1] RESPONSE GetElementText "9.5"
[1766136399.524][INFO]: [8cac16ba8b44337f2ba68d6c6e00a2d1] COMMAND FindChildElement {
   "id": "f.5DE497F544D78911CBD1B96C7216F4D3.d.5017C2A040EE4D9953D9F7C6D2E8BB92.e.14",
   "using": "css selector",
   "value": ".m-b-sm"
}
[1766136399.524][INFO]: Waiting for pending navigations...
[1766136399.524][DEBUG]: DevTools WebSocket Command: Runtime.evaluate (id=411) (session_id=0AAA18818893BB4F6B34C271151FCEB6) 5DE497F544D78911CBD1B96C7216F4D3 {
   "expression": "1"
}
[1766136399.525][DEBUG]: DevTools WebSocket Response: Runtime.evaluate (id=411) (session_id=0AAA18818893BB4F6B34C271151FCEB6) 5DE497F544D78911CBD1B96C7216F4D3 {
   "result": {
      "description": "1",
      "type": "number",
      "value": 1
   }
}
[1766136399.525][INFO]: Done waiting for pending navigations. Status: ok
[1766136399.525][DEBUG]: DevTools WebSocket Command: Page.getFrameTree (id=412) (session_id=0AAA18818893BB4F6B34C271151FCEB6) 5DE497F544D78911CBD1B96C7216F4D3 {
}
[1766136399.525][DEBUG]: DevTools WebSocket Response: Page.getFrameTree (id=412) (session_id=0AAA18818893BB4F6B34C271151FCEB6) 5DE497F544D78911CBD1B96C7216F4D3 {
   "frameTree": {
      "frame": {
         "adFrameStatus": {
            "adFrameType": "none"
         },
         "crossOriginIsolatedContextType": "NotIsolated",
         "domainAndRegistry": "scrape.center",
         "gatedAPIFeatures": [  ],
         "id": "5DE497F544D78911CBD1B96C7216F4D3",
         "loaderId": "5017C2A040EE4D9953D9F7C6D2E8BB92",
         "mimeType": "text/html",
         "secureContextType": "Secure",
         "securityOrigin": "https://spa1.scrape.center",
         "securityOriginDetails": {
            "isLocalhost": false
         },
         "url": "https://spa1.scrape.center/"
      }
   }
}
[1766136399.525][DEBUG]: DevTools WebSocket Command: DOM.resolveNode (id=413) (session_id=0AAA18818893BB4F6B34C271151FCEB6) 5DE497F544D78911CBD1B96C7216F4D3 {
   "backendNodeId": 14,
   "objectGroup": "f72d9462-175b-4682-a2ee-128065ee765b"
}
[1766136399.526][DEBUG]: DevTools WebSocket Response: DOM.resolveNode (id=413) (session_id=0AAA18818893BB4F6B34C271151FCEB6) 5DE497F544D78911CBD1B96C7216F4D3 {
   "object": {
      "className": "HTMLDivElement",
      "description": "div.el-card__body",
      "objectId": "1667652473473659487.1.113",
      "subtype": "node",
      "type": "object"
   }
}
[1766136399.526][DEBUG]: DevTools WebSocket Command: Page.getFrameTree (id=414) (session_id=0AAA18818893BB4F6B34C271151FCEB6) 5DE497F544D78911CBD1B96C7216F4D3 {
}
[1766136399.526][DEBUG]: DevTools WebSocket Response: Page.getFrameTree (id=414) (session_id=0AAA18818893BB4F6B34C271151FCEB6) 5DE497F544D78911CBD1B96C7216F4D3 {
   "frameTree": {
      "frame": {
         "adFrameStatus": {
            "adFrameType": "none"
         },
         "crossOriginIsolatedContextType": "NotIsolated",
         "domainAndRegistry": "scrape.center",
         "gatedAPIFeatures": [  ],
         "id": "5DE497F544D78911CBD1B96C7216F4D3",
         "loaderId": "5017C2A040EE4D9953D9F7C6D2E8BB92",
         "mimeType": "text/html",
         "secureContextType": "Secure",
         "securityOrigin": "https://spa1.scrape.center",
         "securityOriginDetails": {
            "isLocalhost": false
         },
         "url": "https://spa1.scrape.center/"
      }
   }
}
[1766136399.527][DEBUG]: DevTools WebSocket Command: Runtime.callFunctionOn (id=415) (session_id=0AAA18818893BB4F6B34C271151FCEB6) 5DE497F544D78911CBD1B96C7216F4D3 {
   "arguments": [ {
      "objectId": "1667652473473659487.1.113"
   } ],
   "awaitPromise": true,
   "functionDeclaration": "function(){ return (function() { // Copyright 2012 The Chromium Authors\n// Use of this source code is governed by a BSD-style license that can be\n// found in the LICENSE file.\n\n/**\n * Enum for WebD...",
   "objectGroup": "f72d9462-175b-4682-a2ee-128065ee765b",
   "serializationOptions": {
      "serialization": "deep"
   },
   "uniqueContextId": "-88754438306678378.-5366136884038128798"
}
[1766136399.529][DEBUG]: DevTools WebSocket Response: Runtime.callFunctionOn (id=415) (session_id=0AAA18818893BB4F6B34C271151FCEB6) 5DE497F544D78911CBD1B96C7216F4D3 {
   "result": {
      "className": "Array",
      "deepSerializedValue": {
         "type": "array",
         "value": [ {
            "type": "string",
            "value": "{\"status\":0,\"value\":{\"element-6066-11e4-a52e-4f735466cecf\":0}}"
         }, {
            "type": "node",
            "value": {
               "attributes": {
                  "class": "m-b-sm",
                  "data-v-1a647406": ""
               },
               "backendNodeId": 44,
               "childNodeCount": 1,
               "loaderId": "5017C2A040EE4D9953D9F7C6D2E8BB92",
               "localName": "h2",
               "namespaceURI": "http://www.w3.org/1999/xhtml",
               "nodeType": 1,
               "shadowRoot": null
            }
         } ]
      },
      "description": "Array(2)",
      "objectId": "1667652473473659487.1.114",
      "subtype": "array",
      "type": "object"
   }
}
[1766136399.529][DEBUG]: DevTools WebSocket Command: Runtime.releaseObjectGroup (id=416) (session_id=0AAA18818893BB4F6B34C271151FCEB6) 5DE497F544D78911CBD1B96C7216F4D3 {
   "objectGroup": "f72d9462-175b-4682-a2ee-128065ee765b"
}
[1766136399.530][INFO]: Waiting for pending navigations...
[1766136399.530][DEBUG]: DevTools WebSocket Command: Runtime.evaluate (id=417) (session_id=0AAA18818893BB4F6B34C271151FCEB6) 5DE497F544D78911CBD1B96C7216F4D3 {
   "expression": "1"
}
[1766136399.530][DEBUG]: DevTools WebSocket Response: Runtime.releaseObjectGroup (id=416) (session_id=0AAA18818893BB4F6B34C271151FCEB6) 5DE497F544D78911CBD1B96C7216F4D3 {
}
[1766136399.530][DEBUG]: DevTools WebSocket Response: Runtime.evaluate (id=417) (session_id=0AAA18818893BB4F6B34C271151FCEB6) 5DE497F544D78911CBD1B96C7216F4D3 {
   "result": {
      "description": "1",
      "type": "number",
      "value": 1
   }
}
[1766136399.530][INFO]: Done waiting for pending navigations. Status: ok
[1766136399.530][INFO]: [8cac16ba8b44337f2ba68d6c6e00a2d1] RESPONSE FindChildElement {
   "element-6066-11e4-a52e-4f735466cecf": "f.5DE497F544D78911CBD1B96C7216F4D3.d.5017C2A040EE4D9953D9F7C6D2E8BB92.e.44"
}
[1766136399.531][INFO]: [8cac16ba8b44337f2ba68d6c6e00a2d1] COMMAND GetElementText {
   "id": "f.5DE497F544D78911CBD1B96C7216F4D3.d.5017C2A040EE4D9953D9F7C6D2E8BB92.e.44"
}
[1766136399.531][INFO]: Waiting for pending navigations...
[1766136399.531][DEBUG]: DevTools WebSocket Command: Runtime.evaluate (id=418) (session_id=0AAA18818893BB4F6B34C271151FCEB6) 5DE497F544D78911CBD1B96C7216F4D3 {
   "expression": "1"
}
[1766136399.531][DEBUG]: DevTools WebSocket Response: Runtime.evaluate (id=418) (session_id=0AAA18818893BB4F6B34C271151FCEB6) 5DE497F544D78911CBD1B96C7216F4D3 {
   "result": {
      "description": "1",
      "type": "number",
      "value": 1
   }
}
[1766136399.531][INFO]: Done waiting for pending navigations. Status: ok
[1766136399.531][DEBUG]: DevTools WebSocket Command: Page.getFrameTree (id=419) (session_id=0AAA18818893BB4F6B34C271151FCEB6) 5DE497F544D78911CBD1B96C7216F4D3 {
}
[1766136399.532][DEBUG]: DevTools WebSocket Response: Page.getFrameTree (id=419) (session_id=0AAA18818893BB4F6B34C271151FCEB6) 5DE497F544D78911CBD1B96C7216F4D3 {
   "frameTree": {
      "frame": {
         "adFrameStatus": {
            "adFrameType": "none"
         },
         "crossOriginIsolatedContextType": "NotIsolated",
         "domainAndRegistry": "scrape.center",
         "gatedAPIFeatures": [  ],
         "id": "5DE497F544D78911CBD1B96C7216F4D3",
         "loaderId": "5017C2A040EE4D9953D9F7C6D2E8BB92",
         "mimeType": "text/html",
         "secureContextType": "Secure",
         "securityOrigin": "https://spa1.scrape.center",
         "securityOriginDetails": {
            "isLocalhost": false
         },
         "url": "https://spa1.scrape.center/"
      }
   }
}
[1766136399.532][DEBUG]: DevTools WebSocket Command: DOM.resolveNode (id=420) (session_id=0AAA18818893BB4F6B34C271151FCEB6) 5DE497F544D78911CBD1B96C7216F4D3 {
   "backendNodeId": 44,
   "objectGroup": "d619a3d2-31a9-441c-a955-22fc3db28605"
}
[1766136399.532][DEBUG]: DevTools WebSocket Response: DOM.resolveNode (id=420) (session_id=0AAA18818893BB4F6B34C271151FCEB6) 5DE497F544D78911CBD1B96C7216F4D3 {
   "object": {
      "className": "HTMLHeadingElement",
      "description": "h2.m-b-sm",
      "objectId": "1667652473473659487.1.115",
      "subtype": "node",
      "type": "object"
   }
}
[1766136399.532][DEBUG]: DevTools WebSocket Command: Page.getFrameTree (id=421) (session_id=0AAA18818893BB4F6B34C271151FCEB6) 5DE497F544D78911CBD1B96C7216F4D3 {
}
[1766136399.532][DEBUG]: DevTools WebSocket Response: Page.getFrameTree (id=421) (session_id=0AAA18818893BB4F6B34C271151FCEB6) 5DE497F544D78911CBD1B96C7216F4D3 {
   "frameTree": {
      "frame": {
         "adFrameStatus": {
            "adFrameType": "none"
         },
         "crossOriginIsolatedContextType": "NotIsolated",
         "domainAndRegistry": "scrape.center",
         "gatedAPIFeatures": [  ],
         "id": "5DE497F544D78911CBD1B96C7216F4D3",
         "loaderId": "5017C2A040EE4D9953D9F7C6D2E8BB92",
         "mimeType": "text/html",
         "secureContextType": "Secure",
         "securityOrigin": "https://spa1.scrape.center",
         "securityOriginDetails": {
            "isLocalhost": false
         },
         "url": "https://spa1.scrape.center/"
      }
   }
}
[1766136399.533][DEBUG]: DevTools WebSocket Command: Runtime.callFunctionOn (id=422) (session_id=0AAA18818893BB4F6B34C271151FCEB6) 5DE497F544D78911CBD1B96C7216F4D3 {
   "arguments": [ {
      "objectId": "1667652473473659487.1.115"
   } ],
   "awaitPromise": true,
   "functionDeclaration": "function(){ return (function() { // Copyright 2012 The Chromium Authors\n// Use of this source code is governed by a BSD-style license that can be\n// found in the LICENSE file.\n\n/**\n * Enum for WebD...",
   "objectGroup": "d619a3d2-31a9-441c-a955-22fc3db28605",
   "serializationOptions": {
      "serialization": "deep"
   },
   "uniqueContextId": "-88754438306678378.-5366136884038128798"
}
[1766136399.536][DEBUG]: DevTools WebSocket Response: Runtime.callFunctionOn (id=422) (session_id=0AAA18818893BB4F6B34C271151FCEB6) 5DE497F544D78911CBD1B96C7216F4D3 {
   "result": {
      "className": "Array",
      "deepSerializedValue": {
         "type": "array",
         "value": [ {
            "type": "string",
            "value": "{\"status\":0,\"value\":\"唐伯虎点秋香 - Flirting Scholar\"}"
         } ]
      },
      "description": "Array(1)",
      "objectId": "1667652473473659487.1.116",
      "subtype": "array",
      "type": "object"
   }
}
[1766136399.536][DEBUG]: DevTools WebSocket Command: Runtime.releaseObjectGroup (id=423) (session_id=0AAA18818893BB4F6B34C271151FCEB6) 5DE497F544D78911CBD1B96C7216F4D3 {
   "objectGroup": "d619a3d2-31a9-441c-a955-22fc3db28605"
}
[1766136399.536][INFO]: Waiting for pending navigations...
[1766136399.536][DEBUG]: DevTools WebSocket Command: Runtime.evaluate (id=424) (session_id=0AAA18818893BB4F6B34C271151FCEB6) 5DE497F544D78911CBD1B96C7216F4D3 {
   "expression": "1"
}
[1766136399.536][DEBUG]: DevTools WebSocket Response: Runtime.releaseObjectGroup (id=423) (session_id=0AAA18818893BB4F6B34C271151FCEB6) 5DE497F544D78911CBD1B96C7216F4D3 {
}
[1766136399.536][DEBUG]: DevTools WebSocket Response: Runtime.evaluate (id=424) (session_id=0AAA18818893BB4F6B34C271151FCEB6) 5DE497F544D78911CBD1B96C7216F4D3 {
   "result": {
      "description": "1",
      "type": "number",
      "value": 1
   }
}
[1766136399.536][INFO]: Done waiting for pending navigations. Status: ok
[1766136399.536][INFO]: [8cac16ba8b44337f2ba68d6c6e00a2d1] RESPONSE GetElementText "唐伯虎点秋香 - Flirting Scholar"
[1766136399.537][INFO]: [8cac16ba8b44337f2ba68d6c6e00a2d1] COMMAND FindChildElement {
   "id": "f.5DE497F544D78911CBD1B96C7216F4D3.d.5017C2A040EE4D9953D9F7C6D2E8BB92.e.14",
   "using": "css selector",
   "value": "a[href*='/detail/']"
}
[1766136399.537][INFO]: Waiting for pending navigations...
[1766136399.537][DEBUG]: DevTools WebSocket Command: Runtime.evaluate (id=425) (session_id=0AAA18818893BB4F6B34C271151FCEB6) 5DE497F544D78911CBD1B96C7216F4D3 {
   "expression": "1"
}
[1766136399.537][DEBUG]: DevTools WebSocket Response: Runtime.evaluate (id=425) (session_id=0AAA18818893BB4F6B34C271151FCEB6) 5DE497F544D78911CBD1B96C7216F4D3 {
   "result": {
      "description": "1",
      "type": "number",
      "value": 1
   }
}
[1766136399.537][INFO]: Done waiting for pending navigations. Status: ok
[1766136399.538][DEBUG]: DevTools WebSocket Command: Page.getFrameTree (id=426) (session_id=0AAA18818893BB4F6B34C271151FCEB6) 5DE497F544D78911CBD1B96C7216F4D3 {
}
[1766136399.538][DEBUG]: DevTools WebSocket Response: Page.getFrameTree (id=426) (session_id=0AAA18818893BB4F6B34C271151FCEB6) 5DE497F544D78911CBD1B96C7216F4D3 {
   "frameTree": {
      "frame": {
         "adFrameStatus": {
            "adFrameType": "none"
         },
         "crossOriginIsolatedContextType": "NotIsolated",
         "domainAndRegistry": "scrape.center",
         "gatedAPIFeatures": [  ],
         "id": "5DE497F544D78911CBD1B96C7216F4D3",
         "loaderId": "5017C2A040EE4D9953D9F7C6D2E8BB92",
         "mimeType": "text/html",
         "secureContextType": "Secure",
         "securityOrigin": "https://spa1.scrape.center",
         "securityOriginDetails": {
            "isLocalhost": false
         },
         "url": "https://spa1.scrape.center/"
      }
   }
}
[1766136399.538][DEBUG]: DevTools WebSocket Command: DOM.resolveNode (id=427) (session_id=0AAA18818893BB4F6B34C271151FCEB6) 5DE497F544D78911CBD1B96C7216F4D3 {
   "backendNodeId": 14,
   "objectGroup": "0e268674-1006-498c-b5b7-226134991bc2"
}
[1766136399.538][DEBUG]: DevTools WebSocket Response: DOM.resolveNode (id=427) (session_id=0AAA18818893BB4F6B34C271151FCEB6) 5DE497F544D78911CBD1B96C7216F4D3 {
   "object": {
      "className": "HTMLDivElement",
      "description": "div.el-card__body",
      "objectId": "1667652473473659487.1.117",
      "subtype": "node",
      "type": "object"
   }
}
[1766136399.538][DEBUG]: DevTools WebSocket Command: Page.getFrameTree (id=428) (session_id=0AAA18818893BB4F6B34C271151FCEB6) 5DE497F544D78911CBD1B96C7216F4D3 {
}
[1766136399.539][DEBUG]: DevTools WebSocket Response: Page.getFrameTree (id=428) (session_id=0AAA18818893BB4F6B34C271151FCEB6) 5DE497F544D78911CBD1B96C7216F4D3 {
   "frameTree": {
      "frame": {
         "adFrameStatus": {
            "adFrameType": "none"
         },
         "crossOriginIsolatedContextType": "NotIsolated",
         "domainAndRegistry": "scrape.center",
         "gatedAPIFeatures": [  ],
         "id": "5DE497F544D78911CBD1B96C7216F4D3",
         "loaderId": "5017C2A040EE4D9953D9F7C6D2E8BB92",
         "mimeType": "text/html",
         "secureContextType": "Secure",
         "securityOrigin": "https://spa1.scrape.center",
         "securityOriginDetails": {
            "isLocalhost": false
         },
         "url": "https://spa1.scrape.center/"
      }
   }
}
[1766136399.540][DEBUG]: DevTools WebSocket Command: Runtime.callFunctionOn (id=429) (session_id=0AAA18818893BB4F6B34C271151FCEB6) 5DE497F544D78911CBD1B96C7216F4D3 {
   "arguments": [ {
      "objectId": "1667652473473659487.1.117"
   } ],
   "awaitPromise": true,
   "functionDeclaration": "function(){ return (function() { // Copyright 2012 The Chromium Authors\n// Use of this source code is governed by a BSD-style license that can be\n// found in the LICENSE file.\n\n/**\n * Enum for WebD...",
   "objectGroup": "0e268674-1006-498c-b5b7-226134991bc2",
   "serializationOptions": {
      "serialization": "deep"
   },
   "uniqueContextId": "-88754438306678378.-5366136884038128798"
}
[1766136399.541][DEBUG]: DevTools WebSocket Response: Runtime.callFunctionOn (id=429) (session_id=0AAA18818893BB4F6B34C271151FCEB6) 5DE497F544D78911CBD1B96C7216F4D3 {
   "result": {
      "className": "Array",
      "deepSerializedValue": {
         "type": "array",
         "value": [ {
            "type": "string",
            "value": "{\"status\":0,\"value\":{\"element-6066-11e4-a52e-4f735466cecf\":0}}"
         }, {
            "type": "node",
            "value": {
               "attributes": {
                  "class": "",
                  "data-v-1a647406": "",
                  "href": "/detail/6"
               },
               "backendNodeId": 45,
               "childNodeCount": 1,
               "loaderId": "5017C2A040EE4D9953D9F7C6D2E8BB92",
               "localName": "a",
               "namespaceURI": "http://www.w3.org/1999/xhtml",
               "nodeType": 1,
               "shadowRoot": null
            }
         } ]
      },
      "description": "Array(2)",
      "objectId": "1667652473473659487.1.118",
      "subtype": "array",
      "type": "object"
   }
}
[1766136399.541][DEBUG]: DevTools WebSocket Command: Runtime.releaseObjectGroup (id=430) (session_id=0AAA18818893BB4F6B34C271151FCEB6) 5DE497F544D78911CBD1B96C7216F4D3 {
   "objectGroup": "0e268674-1006-498c-b5b7-226134991bc2"
}
[1766136399.541][INFO]: Waiting for pending navigations...
[1766136399.541][DEBUG]: DevTools WebSocket Command: Runtime.evaluate (id=431) (session_id=0AAA18818893BB4F6B34C271151FCEB6) 5DE497F544D78911CBD1B96C7216F4D3 {
   "expression": "1"
}
[1766136399.542][DEBUG]: DevTools WebSocket Response: Runtime.releaseObjectGroup (id=430) (session_id=0AAA18818893BB4F6B34C271151FCEB6) 5DE497F544D78911CBD1B96C7216F4D3 {
}
[1766136399.542][DEBUG]: DevTools WebSocket Response: Runtime.evaluate (id=431) (session_id=0AAA18818893BB4F6B34C271151FCEB6) 5DE497F544D78911CBD1B96C7216F4D3 {
   "result": {
      "description": "1",
      "type": "number",
      "value": 1
   }
}
[1766136399.542][INFO]: Done waiting for pending navigations. Status: ok
[1766136399.542][INFO]: [8cac16ba8b44337f2ba68d6c6e00a2d1] RESPONSE FindChildElement {
   "element-6066-11e4-a52e-4f735466cecf": "f.5DE497F544D78911CBD1B96C7216F4D3.d.5017C2A040EE4D9953D9F7C6D2E8BB92.e.45"
}
[1766136399.543][INFO]: [8cac16ba8b44337f2ba68d6c6e00a2d1] COMMAND ExecuteScript {
   "args": [ {
      "element-6066-11e4-a52e-4f735466cecf": "f.5DE497F544D78911CBD1B96C7216F4D3.d.5017C2A040EE4D9953D9F7C6D2E8BB92.e.45"
   }, "href" ],
   "script": "/* getAttribute */return (function(){return (function(){var d=this||self;function f(a,b){function c(){}c.prototype=b.prototype;a.prototype=new c;a.prototype.constructor=a};var h=Array.prototype.indexOf?function(a,b){return Array.prototype.indexOf.call(a,b,void 0)}:function(a,b){if(\"string\"===typeof a)return\"string\"!==typeof b||1!=b.length?-1:a.indexOf(b,0);for(var c=0;c\u003Ca.length;c++)if(c in a&&a[c]===b)return c;return-1},k=Array.prototype.forEach?function(a,b){Array.prototype.forEach.call(a,b,void 0)}:function(a,b){for(var c=a.length,e=\"string\"===typeof a?a.split(\"\"):a,g=0;g\u003Cc;g++)g in e&&b.call(void 0,e[g],g,a)};function l(a,b){this.code=a;this.a=m[a]||n;this.message=b||\"\";a=this.a.replace(/((?:^|\\s+)[a-z])/g,function(c){return c.toUpperCase().replace(/^[\\s\\xa0]+/g,\"\")});b=a.length-5;if(0>b||a.indexOf(\"Error\",b)!=b)a+=\"Error\";this.name=a;a=Error(this.message);a.name=this.name;this.stack=a.stack||\"\"}f(l,Error);var n=\"unknown error\",m={15:\"element not selectable\",11:\"element not visible\"};m[31]=n;m[30]=n;m[24]=\"invalid cookie domain\";m[29]=\"invalid element coordinates\";m[12]=\"invalid element state\";m[32]=\"invalid selector\";\nm[51]=\"invalid selector\";m[52]=\"invalid selector\";m[17]=\"javascript error\";m[405]=\"unsupported operation\";m[34]=\"move target out of bounds\";m[27]=\"no such alert\";m[7]=\"no such element\";m[8]=\"no such frame\";m[23]=\"no such window\";m[28]=\"script timeout\";m[33]=\"session not created\";m[10]=\"stale element reference\";m[21]=\"timeout\";m[25]=\"unable to set cookie\";m[26]=\"unexpected alert open\";m[13]=n;m[9]=\"unknown command\";var p;a:{var q=d.navigator;if(q){var r=q.userAgent;if(r){p=r;break a}}p=\"\"}function t(a){return-1!=p.indexOf(a)};function u(){return t(\"Firefox\")||t(\"FxiOS\")}function v(){return(t(\"Chrome\")||t(\"CriOS\"))&&!t(\"Edge\")};function w(){return t(\"iPhone\")&&!t(\"iPod\")&&!t(\"iPad\")};var y=t(\"Opera\"),z=t(\"Trident\")||t(\"MSIE\"),A=t(\"Edge\"),B=t(\"Gecko\")&&!(-1!=p.toLowerCase().indexOf(\"webkit\")&&!t(\"Edge\"))&&!(t(\"Trident\")||t(\"MSIE\"))&&!t(\"Edge\"),C=-1!=p.toLowerCase().indexOf(\"webkit\")&&!t(\"Edge\");function D(){var a=d.document;return a?a.documentMode:void 0}var E;\na:{var F=\"\",G=function(){var a=p;if(B)return/rv:([^\\);]+)(\\)|;)/.exec(a);if(A)return/Edge\\/([\\d\\.]+)/.exec(a);if(z)return/\\b(?:MSIE|rv)[: ]([^\\);]+)(\\)|;)/.exec(a);if(C)return/WebKit\\/(\\S+)/.exec(a);if(y)return/(?:Version)[ \\/]?(\\S+)/.exec(a)}();G&&(F=G?G[1]:\"\");if(z){var H=D();if(null!=H&&H>parseFloat(F)){E=String(H);break a}}E=F}var I;I=d.document&&z?D():void 0;var J=u(),K=w()||t(\"iPod\"),L=t(\"iPad\"),M=t(\"Android\")&&!(v()||u()||t(\"Opera\")||t(\"Silk\")),N=v(),aa=t(\"Safari\")&&!(v()||t(\"Coast\")||t(\"Opera\")||t(\"Edge\")||t(\"Edg/\")||t(\"OPR\")||u()||t(\"Silk\")||t(\"Android\"))&&!(w()||t(\"iPad\")||t(\"iPod\"));function O(a){return(a=a.exec(p))?a[1]:\"\"}(function(){if(J)return O(/Firefox\\/([0-9.]+)/);if(z||A||y)return E;if(N)return w()||t(\"iPad\")||t(\"iPod\")?O(/CriOS\\/([0-9.]+)/):O(/Chrome\\/([0-9.]+)/);if(aa&&!(w()||t(\"iPad\")||t(\"iPod\")))return O(/Version\\/([0-9.]+)/);if(K||L){var a=/Version\\/(\\S+).*Mobile\\/(\\S+)/.exec(p);if(a)return a[1]+\".\"+a[2]}else if(M)return(a=O(/Android\\s+([0-9.]+)/))?a:O(/Version\\/([0-9.]+)/);return\"\"})();var P=z&&!(8\u003C=Number(I)),ba=z&&!(9\u003C=Number(I));var ca={SCRIPT:1,STYLE:1,HEAD:1,IFRAME:1,OBJECT:1},Q={IMG:\" \",BR:\"\\n\"};function R(a,b,c){if(!(a.nodeName in ca))if(3==a.nodeType)c?b.push(String(a.nodeValue).replace(/(\\r\\n|\\r|\\n)/g,\"\")):b.push(a.nodeValue);else if(a.nodeName in Q)b.push(Q[a.nodeName]);else for(a=a.firstChild;a;)R(a,b,c),a=a.nextSibling};function S(a,b){b=b.toLowerCase();return\"style\"==b?da(a.style.cssText):P&&\"value\"==b&&T(a,\"INPUT\")?a.value:ba&&!0===a[b]?String(a.getAttribute(b)):(a=a.getAttributeNode(b))&&a.specified?a.value:null}var ea=/[;]+(?=(?:(?:[^\"]*\"){2})*[^\"]*$)(?=(?:(?:[^']*'){2})*[^']*$)(?=(?:[^()]*\\([^()]*\\))*[^()]*$)/;\nfunction da(a){var b=[];k(a.split(ea),function(c){var e=c.indexOf(\":\");0\u003Ce&&(c=[c.slice(0,e),c.slice(e+1)],2==c.length&&b.push(c[0].toLowerCase(),\":\",c[1],\";\"))});b=b.join(\"\");return b=\";\"==b.charAt(b.length-1)?b:b+\";\"}function U(a,b){P&&\"value\"==b&&T(a,\"OPTION\")&&null===S(a,\"value\")?(b=[],R(a,b,!1),a=b.join(\"\")):a=a[b];return a}\nfunction T(a,b){b&&\"string\"!==typeof b&&(b=b.toString());return a instanceof HTMLFormElement?!!a&&1==a.nodeType&&(!b||\"FORM\"==b):!!a&&1==a.nodeType&&(!b||a.tagName.toUpperCase()==b)}function V(a){return T(a,\"OPTION\")?!0:T(a,\"INPUT\")?(a=a.type.toLowerCase(),\"checkbox\"==a||\"radio\"==a):!1};var fa={\"class\":\"className\",readonly:\"readOnly\"},ha=\"allowfullscreen allowpaymentrequest allowusermedia async autofocus autoplay checked compact complete controls declare default defaultchecked defaultselected defer disabled ended formnovalidate hidden indeterminate iscontenteditable ismap itemscope loop multiple muted nohref nomodule noresize noshade novalidate nowrap open paused playsinline pubdate readonly required reversed scoped seamless seeking selected truespeed typemustmatch willvalidate\".split(\" \");function W(a,b){var c=null,e=b.toLowerCase();if(\"style\"==e)return(c=a.style)&&\"string\"!=typeof c&&(c=c.cssText),c;if((\"selected\"==e||\"checked\"==e)&&V(a)){if(!V(a))throw new l(15,\"Element is not selectable\");b=\"selected\";c=a.type&&a.type.toLowerCase();if(\"checkbox\"==c||\"radio\"==c)b=\"checked\";return U(a,b)?\"true\":null}var g=T(a,\"A\");if(T(a,\"IMG\")&&\"src\"==e||g&&\"href\"==e)return(c=S(a,e))&&(c=U(a,e)),c;if(\"spellcheck\"==e){c=S(a,e);if(null!==c){if(\"false\"==c.toLowerCase())return\"false\";if(\"true\"==c.toLowerCase())return\"true\"}return U(a,\ne)+\"\"}g=fa[b]||b;if(0\u003C=h(ha,e))return(c=null!==S(a,b)||U(a,g))?\"true\":null;try{var x=U(a,g)}catch(ia){}(e=null==x)||(e=typeof x,e=\"object\"==e&&null!=x||\"function\"==e);e?c=S(a,b):c=x;return null!=c?c.toString():null}var X=[\"se_exportedFunctionSymbol\"],Y=d;X[0]in Y||\"undefined\"==typeof Y.execScript||Y.execScript(\"var \"+X[0]);for(var Z;X.length&&(Z=X.shift());)X.length||void 0===W?Y[Z]&&Y[Z]!==Object.prototype[Z]?Y=Y[Z]:Y=Y[Z]={}:Y[Z]=W;; return this.se_exportedFunctionSymbol.apply(null,arguments);}).apply(window, arguments);}\n).apply(null, arguments);"
}
[1766136399.543][INFO]: Waiting for pending navigations...
[1766136399.543][DEBUG]: DevTools WebSocket Command: Runtime.evaluate (id=432) (session_id=0AAA18818893BB4F6B34C271151FCEB6) 5DE497F544D78911CBD1B96C7216F4D3 {
   "expression": "1"
}
[1766136399.543][DEBUG]: DevTools WebSocket Response: Runtime.evaluate (id=432) (session_id=0AAA18818893BB4F6B34C271151FCEB6) 5DE497F544D78911CBD1B96C7216F4D3 {
   "result": {
      "description": "1",
      "type": "number",
      "value": 1
   }
}
[1766136399.543][INFO]: Done waiting for pending navigations. Status: ok
[1766136399.543][DEBUG]: DevTools WebSocket Command: Page.getFrameTree (id=433) (session_id=0AAA18818893BB4F6B34C271151FCEB6) 5DE497F544D78911CBD1B96C7216F4D3 {
}
[1766136399.543][DEBUG]: DevTools WebSocket Response: Page.getFrameTree (id=433) (session_id=0AAA18818893BB4F6B34C271151FCEB6) 5DE497F544D78911CBD1B96C7216F4D3 {
   "frameTree": {
      "frame": {
         "adFrameStatus": {
            "adFrameType": "none"
         },
         "crossOriginIsolatedContextType": "NotIsolated",
         "domainAndRegistry": "scrape.center",
         "gatedAPIFeatures": [  ],
         "id": "5DE497F544D78911CBD1B96C7216F4D3",
         "loaderId": "5017C2A040EE4D9953D9F7C6D2E8BB92",
         "mimeType": "text/html",
         "secureContextType": "Secure",
         "securityOrigin": "https://spa1.scrape.center",
         "securityOriginDetails": {
            "isLocalhost": false
         },
         "url": "https://spa1.scrape.center/"
      }
   }
}
[1766136399.543][DEBUG]: DevTools WebSocket Command: DOM.resolveNode (id=434) (session_id=0AAA18818893BB4F6B34C271151FCEB6) 5DE497F544D78911CBD1B96C7216F4D3 {
   "backendNodeId": 45,
   "objectGroup": "bd48d406-87a1-47a6-9ce0-ace8278c159e"
}
[1766136399.544][DEBUG]: DevTools WebSocket Response: DOM.resolveNode (id=434) (session_id=0AAA18818893BB4F6B34C271151FCEB6) 5DE497F544D78911CBD1B96C7216F4D3 {
   "object": {
      "className": "HTMLAnchorElement",
      "description": "a",
      "objectId": "1667652473473659487.1.119",
      "subtype": "node",
      "type": "object"
   }
}
[1766136399.544][DEBUG]: DevTools WebSocket Command: Page.getFrameTree (id=435) (session_id=0AAA18818893BB4F6B34C271151FCEB6) 5DE497F544D78911CBD1B96C7216F4D3 {
}
[1766136399.544][DEBUG]: DevTools WebSocket Response: Page.getFrameTree (id=435) (session_id=0AAA18818893BB4F6B34C271151FCEB6) 5DE497F544D78911CBD1B96C7216F4D3 {
   "frameTree": {
      "frame": {
         "adFrameStatus": {
            "adFrameType": "none"
         },
         "crossOriginIsolatedContextType": "NotIsolated",
         "domainAndRegistry": "scrape.center",
         "gatedAPIFeatures": [  ],
         "id": "5DE497F544D78911CBD1B96C7216F4D3",
         "loaderId": "5017C2A040EE4D9953D9F7C6D2E8BB92",
         "mimeType": "text/html",
         "secureContextType": "Secure",
         "securityOrigin": "https://spa1.scrape.center",
         "securityOriginDetails": {
            "isLocalhost": false
         },
         "url": "https://spa1.scrape.center/"
      }
   }
}
[1766136399.544][DEBUG]: DevTools WebSocket Command: Runtime.callFunctionOn (id=436) (session_id=0AAA18818893BB4F6B34C271151FCEB6) 5DE497F544D78911CBD1B96C7216F4D3 {
   "arguments": [ {
      "objectId": "1667652473473659487.1.119"
   } ],
   "awaitPromise": true,
   "functionDeclaration": "function(){ return (function() { // Copyright 2012 The Chromium Authors\n// Use of this source code is governed by a BSD-style license that can be\n// found in the LICENSE file.\n\n/**\n * Enum for WebD...",
   "objectGroup": "bd48d406-87a1-47a6-9ce0-ace8278c159e",
   "serializationOptions": {
      "serialization": "deep"
   },
   "uniqueContextId": "-88754438306678378.-5366136884038128798"
}
[1766136399.545][DEBUG]: DevTools WebSocket Response: Runtime.callFunctionOn (id=436) (session_id=0AAA18818893BB4F6B34C271151FCEB6) 5DE497F544D78911CBD1B96C7216F4D3 {
   "result": {
      "className": "Array",
      "deepSerializedValue": {
         "type": "array",
         "value": [ {
            "type": "string",
            "value": "{\"status\":0,\"value\":\"https://spa1.scrape.center/detail/6\"}"
         } ]
      },
      "description": "Array(1)",
      "objectId": "1667652473473659487.1.120",
      "subtype": "array",
      "type": "object"
   }
}
[1766136399.545][DEBUG]: DevTools WebSocket Command: Runtime.releaseObjectGroup (id=437) (session_id=0AAA18818893BB4F6B34C271151FCEB6) 5DE497F544D78911CBD1B96C7216F4D3 {
   "objectGroup": "bd48d406-87a1-47a6-9ce0-ace8278c159e"
}
[1766136399.545][INFO]: Waiting for pending navigations...
[1766136399.545][DEBUG]: DevTools WebSocket Command: Runtime.evaluate (id=438) (session_id=0AAA18818893BB4F6B34C271151FCEB6) 5DE497F544D78911CBD1B96C7216F4D3 {
   "expression": "1"
}
[1766136399.545][DEBUG]: DevTools WebSocket Response: Runtime.releaseObjectGroup (id=437) (session_id=0AAA18818893BB4F6B34C271151FCEB6) 5DE497F544D78911CBD1B96C7216F4D3 {
}
[1766136399.546][DEBUG]: DevTools WebSocket Response: Runtime.evaluate (id=438) (session_id=0AAA18818893BB4F6B34C271151FCEB6) 5DE497F544D78911CBD1B96C7216F4D3 {
   "result": {
      "description": "1",
      "type": "number",
      "value": 1
   }
}
[1766136399.546][INFO]: Done waiting for pending navigations. Status: ok
[1766136399.546][INFO]: [8cac16ba8b44337f2ba68d6c6e00a2d1] RESPONSE ExecuteScript "https://spa1.scrape.center/detail/6"
[1766136399.546][INFO]: [8cac16ba8b44337f2ba68d6c6e00a2d1] COMMAND FindChildElements {
   "id": "f.5DE497F544D78911CBD1B96C7216F4D3.d.5017C2A040EE4D9953D9F7C6D2E8BB92.e.14",
   "using": "css selector",
   "value": ".m-v-sm"
}
[1766136399.546][INFO]: Waiting for pending navigations...
[1766136399.546][DEBUG]: DevTools WebSocket Command: Runtime.evaluate (id=439) (session_id=0AAA18818893BB4F6B34C271151FCEB6) 5DE497F544D78911CBD1B96C7216F4D3 {
   "expression": "1"
}
[1766136399.547][DEBUG]: DevTools WebSocket Response: Runtime.evaluate (id=439) (session_id=0AAA18818893BB4F6B34C271151FCEB6) 5DE497F544D78911CBD1B96C7216F4D3 {
   "result": {
      "description": "1",
      "type": "number",
      "value": 1
   }
}
[1766136399.547][INFO]: Done waiting for pending navigations. Status: ok
[1766136399.547][DEBUG]: DevTools WebSocket Command: Page.getFrameTree (id=440) (session_id=0AAA18818893BB4F6B34C271151FCEB6) 5DE497F544D78911CBD1B96C7216F4D3 {
}
[1766136399.548][DEBUG]: DevTools WebSocket Response: Page.getFrameTree (id=440) (session_id=0AAA18818893BB4F6B34C271151FCEB6) 5DE497F544D78911CBD1B96C7216F4D3 {
   "frameTree": {
      "frame": {
         "adFrameStatus": {
            "adFrameType": "none"
         },
         "crossOriginIsolatedContextType": "NotIsolated",
         "domainAndRegistry": "scrape.center",
         "gatedAPIFeatures": [  ],
         "id": "5DE497F544D78911CBD1B96C7216F4D3",
         "loaderId": "5017C2A040EE4D9953D9F7C6D2E8BB92",
         "mimeType": "text/html",
         "secureContextType": "Secure",
         "securityOrigin": "https://spa1.scrape.center",
         "securityOriginDetails": {
            "isLocalhost": false
         },
         "url": "https://spa1.scrape.center/"
      }
   }
}
[1766136399.548][DEBUG]: DevTools WebSocket Command: DOM.resolveNode (id=441) (session_id=0AAA18818893BB4F6B34C271151FCEB6) 5DE497F544D78911CBD1B96C7216F4D3 {
   "backendNodeId": 14,
   "objectGroup": "c761a66c-50f3-4dcd-b549-1a62209bfba5"
}
[1766136399.548][DEBUG]: DevTools WebSocket Response: DOM.resolveNode (id=441) (session_id=0AAA18818893BB4F6B34C271151FCEB6) 5DE497F544D78911CBD1B96C7216F4D3 {
   "object": {
      "className": "HTMLDivElement",
      "description": "div.el-card__body",
      "objectId": "1667652473473659487.1.121",
      "subtype": "node",
      "type": "object"
   }
}
[1766136399.548][DEBUG]: DevTools WebSocket Command: Page.getFrameTree (id=442) (session_id=0AAA18818893BB4F6B34C271151FCEB6) 5DE497F544D78911CBD1B96C7216F4D3 {
}
[1766136399.548][DEBUG]: DevTools WebSocket Response: Page.getFrameTree (id=442) (session_id=0AAA18818893BB4F6B34C271151FCEB6) 5DE497F544D78911CBD1B96C7216F4D3 {
   "frameTree": {
      "frame": {
         "adFrameStatus": {
            "adFrameType": "none"
         },
         "crossOriginIsolatedContextType": "NotIsolated",
         "domainAndRegistry": "scrape.center",
         "gatedAPIFeatures": [  ],
         "id": "5DE497F544D78911CBD1B96C7216F4D3",
         "loaderId": "5017C2A040EE4D9953D9F7C6D2E8BB92",
         "mimeType": "text/html",
         "secureContextType": "Secure",
         "securityOrigin": "https://spa1.scrape.center",
         "securityOriginDetails": {
            "isLocalhost": false
         },
         "url": "https://spa1.scrape.center/"
      }
   }
}
[1766136399.550][DEBUG]: DevTools WebSocket Command: Runtime.callFunctionOn (id=443) (session_id=0AAA18818893BB4F6B34C271151FCEB6) 5DE497F544D78911CBD1B96C7216F4D3 {
   "arguments": [ {
      "objectId": "1667652473473659487.1.121"
   } ],
   "awaitPromise": true,
   "functionDeclaration": "function(){ return (function() { // Copyright 2012 The Chromium Authors\n// Use of this source code is governed by a BSD-style license that can be\n// found in the LICENSE file.\n\n/**\n * Enum for WebD...",
   "objectGroup": "c761a66c-50f3-4dcd-b549-1a62209bfba5",
   "serializationOptions": {
      "serialization": "deep"
   },
   "uniqueContextId": "-88754438306678378.-5366136884038128798"
}
[1766136399.552][DEBUG]: DevTools WebSocket Response: Runtime.callFunctionOn (id=443) (session_id=0AAA18818893BB4F6B34C271151FCEB6) 5DE497F544D78911CBD1B96C7216F4D3 {
   "result": {
      "className": "Array",
      "deepSerializedValue": {
         "type": "array",
         "value": [ {
            "type": "string",
            "value": "{\"status\":0,\"value\":[{\"element-6066-11e4-a52e-4f735466cecf\":0},{\"element-6066-11e4-a52e-4f735466cecf\":1}]}"
         }, {
            "type": "node",
            "value": {
               "attributes": {
                  "class": "m-v-sm info",
                  "data-v-1a647406": ""
               },
               "backendNodeId": 46,
               "childNodeCount": 3,
               "loaderId": "5017C2A040EE4D9953D9F7C6D2E8BB92",
               "localName": "div",
               "namespaceURI": "http://www.w3.org/1999/xhtml",
               "nodeType": 1,
               "shadowRoot": null
            }
         }, {
            "type": "node",
            "value": {
               "attributes": {
                  "class": "m-v-sm info",
                  "data-v-1a647406": ""
               },
               "backendNodeId": 47,
               "childNodeCount": 1,
               "loaderId": "5017C2A040EE4D9953D9F7C6D2E8BB92",
               "localName": "div",
               "namespaceURI": "http://www.w3.org/1999/xhtml",
               "nodeType": 1,
               "shadowRoot": null
            }
         } ]
      },
      "description": "Array(3)",
      "objectId": "1667652473473659487.1.122",
      "subtype": "array",
      "type": "object"
   }
}
[1766136399.552][DEBUG]: DevTools WebSocket Command: Runtime.releaseObjectGroup (id=444) (session_id=0AAA18818893BB4F6B34C271151FCEB6) 5DE497F544D78911CBD1B96C7216F4D3 {
   "objectGroup": "c761a66c-50f3-4dcd-b549-1a62209bfba5"
}
[1766136399.552][INFO]: Waiting for pending navigations...
[1766136399.552][DEBUG]: DevTools WebSocket Command: Runtime.evaluate (id=445) (session_id=0AAA18818893BB4F6B34C271151FCEB6) 5DE497F544D78911CBD1B96C7216F4D3 {
   "expression": "1"
}
[1766136399.552][DEBUG]: DevTools WebSocket Response: Runtime.releaseObjectGroup (id=444) (session_id=0AAA18818893BB4F6B34C271151FCEB6) 5DE497F544D78911CBD1B96C7216F4D3 {
}
[1766136399.553][DEBUG]: DevTools WebSocket Response: Runtime.evaluate (id=445) (session_id=0AAA18818893BB4F6B34C271151FCEB6) 5DE497F544D78911CBD1B96C7216F4D3 {
   "result": {
      "description": "1",
      "type": "number",
      "value": 1
   }
}
[1766136399.553][INFO]: Done waiting for pending navigations. Status: ok
[1766136399.553][INFO]: [8cac16ba8b44337f2ba68d6c6e00a2d1] RESPONSE FindChildElements [ {
   "element-6066-11e4-a52e-4f735466cecf": "f.5DE497F544D78911CBD1B96C7216F4D3.d.5017C2A040EE4D9953D9F7C6D2E8BB92.e.46"
}, {
   "element-6066-11e4-a52e-4f735466cecf": "f.5DE497F544D78911CBD1B96C7216F4D3.d.5017C2A040EE4D9953D9F7C6D2E8BB92.e.47"
} ]
[1766136399.553][INFO]: [8cac16ba8b44337f2ba68d6c6e00a2d1] COMMAND GetElementText {
   "id": "f.5DE497F544D78911CBD1B96C7216F4D3.d.5017C2A040EE4D9953D9F7C6D2E8BB92.e.46"
}
[1766136399.553][INFO]: Waiting for pending navigations...
[1766136399.553][DEBUG]: DevTools WebSocket Command: Runtime.evaluate (id=446) (session_id=0AAA18818893BB4F6B34C271151FCEB6) 5DE497F544D78911CBD1B96C7216F4D3 {
   "expression": "1"
}
[1766136399.553][DEBUG]: DevTools WebSocket Response: Runtime.evaluate (id=446) (session_id=0AAA18818893BB4F6B34C271151FCEB6) 5DE497F544D78911CBD1B96C7216F4D3 {
   "result": {
      "description": "1",
      "type": "number",
      "value": 1
   }
}
[1766136399.553][INFO]: Done waiting for pending navigations. Status: ok
[1766136399.554][DEBUG]: DevTools WebSocket Command: Page.getFrameTree (id=447) (session_id=0AAA18818893BB4F6B34C271151FCEB6) 5DE497F544D78911CBD1B96C7216F4D3 {
}
[1766136399.554][DEBUG]: DevTools WebSocket Response: Page.getFrameTree (id=447) (session_id=0AAA18818893BB4F6B34C271151FCEB6) 5DE497F544D78911CBD1B96C7216F4D3 {
   "frameTree": {
      "frame": {
         "adFrameStatus": {
            "adFrameType": "none"
         },
         "crossOriginIsolatedContextType": "NotIsolated",
         "domainAndRegistry": "scrape.center",
         "gatedAPIFeatures": [  ],
         "id": "5DE497F544D78911CBD1B96C7216F4D3",
         "loaderId": "5017C2A040EE4D9953D9F7C6D2E8BB92",
         "mimeType": "text/html",
         "secureContextType": "Secure",
         "securityOrigin": "https://spa1.scrape.center",
         "securityOriginDetails": {
            "isLocalhost": false
         },
         "url": "https://spa1.scrape.center/"
      }
   }
}
[1766136399.554][DEBUG]: DevTools WebSocket Command: DOM.resolveNode (id=448) (session_id=0AAA18818893BB4F6B34C271151FCEB6) 5DE497F544D78911CBD1B96C7216F4D3 {
   "backendNodeId": 46,
   "objectGroup": "e3570841-dbaa-46d5-a913-d36dcacebd06"
}
[1766136399.554][DEBUG]: DevTools WebSocket Response: DOM.resolveNode (id=448) (session_id=0AAA18818893BB4F6B34C271151FCEB6) 5DE497F544D78911CBD1B96C7216F4D3 {
   "object": {
      "className": "HTMLDivElement",
      "description": "div.m-v-sm.info",
      "objectId": "1667652473473659487.1.123",
      "subtype": "node",
      "type": "object"
   }
}
[1766136399.554][DEBUG]: DevTools WebSocket Command: Page.getFrameTree (id=449) (session_id=0AAA18818893BB4F6B34C271151FCEB6) 5DE497F544D78911CBD1B96C7216F4D3 {
}
[1766136399.555][DEBUG]: DevTools WebSocket Response: Page.getFrameTree (id=449) (session_id=0AAA18818893BB4F6B34C271151FCEB6) 5DE497F544D78911CBD1B96C7216F4D3 {
   "frameTree": {
      "frame": {
         "adFrameStatus": {
            "adFrameType": "none"
         },
         "crossOriginIsolatedContextType": "NotIsolated",
         "domainAndRegistry": "scrape.center",
         "gatedAPIFeatures": [  ],
         "id": "5DE497F544D78911CBD1B96C7216F4D3",
         "loaderId": "5017C2A040EE4D9953D9F7C6D2E8BB92",
         "mimeType": "text/html",
         "secureContextType": "Secure",
         "securityOrigin": "https://spa1.scrape.center",
         "securityOriginDetails": {
            "isLocalhost": false
         },
         "url": "https://spa1.scrape.center/"
      }
   }
}
[1766136399.556][DEBUG]: DevTools WebSocket Command: Runtime.callFunctionOn (id=450) (session_id=0AAA18818893BB4F6B34C271151FCEB6) 5DE497F544D78911CBD1B96C7216F4D3 {
   "arguments": [ {
      "objectId": "1667652473473659487.1.123"
   } ],
   "awaitPromise": true,
   "functionDeclaration": "function(){ return (function() { // Copyright 2012 The Chromium Authors\n// Use of this source code is governed by a BSD-style license that can be\n// found in the LICENSE file.\n\n/**\n * Enum for WebD...",
   "objectGroup": "e3570841-dbaa-46d5-a913-d36dcacebd06",
   "serializationOptions": {
      "serialization": "deep"
   },
   "uniqueContextId": "-88754438306678378.-5366136884038128798"
}
[1766136399.559][DEBUG]: DevTools WebSocket Response: Runtime.callFunctionOn (id=450) (session_id=0AAA18818893BB4F6B34C271151FCEB6) 5DE497F544D78911CBD1B96C7216F4D3 {
   "result": {
      "className": "Array",
      "deepSerializedValue": {
         "type": "array",
         "value": [ {
            "type": "string",
            "value": "{\"status\":0,\"value\":\"中国香港 / 102 分钟\"}"
         } ]
      },
      "description": "Array(1)",
      "objectId": "1667652473473659487.1.124",
      "subtype": "array",
      "type": "object"
   }
}
[1766136399.559][DEBUG]: DevTools WebSocket Command: Runtime.releaseObjectGroup (id=451) (session_id=0AAA18818893BB4F6B34C271151FCEB6) 5DE497F544D78911CBD1B96C7216F4D3 {
   "objectGroup": "e3570841-dbaa-46d5-a913-d36dcacebd06"
}
[1766136399.559][INFO]: Waiting for pending navigations...
[1766136399.559][DEBUG]: DevTools WebSocket Command: Runtime.evaluate (id=452) (session_id=0AAA18818893BB4F6B34C271151FCEB6) 5DE497F544D78911CBD1B96C7216F4D3 {
   "expression": "1"
}
[1766136399.560][DEBUG]: DevTools WebSocket Response: Runtime.releaseObjectGroup (id=451) (session_id=0AAA18818893BB4F6B34C271151FCEB6) 5DE497F544D78911CBD1B96C7216F4D3 {
}
[1766136399.560][DEBUG]: DevTools WebSocket Response: Runtime.evaluate (id=452) (session_id=0AAA18818893BB4F6B34C271151FCEB6) 5DE497F544D78911CBD1B96C7216F4D3 {
   "result": {
      "description": "1",
      "type": "number",
      "value": 1
   }
}
[1766136399.560][INFO]: Done waiting for pending navigations. Status: ok
[1766136399.560][INFO]: [8cac16ba8b44337f2ba68d6c6e00a2d1] RESPONSE GetElementText "中国香港 / 102 分钟"
[1766136399.562][INFO]: [8cac16ba8b44337f2ba68d6c6e00a2d1] COMMAND FindChildElements {
   "id": "f.5DE497F544D78911CBD1B96C7216F4D3.d.5017C2A040EE4D9953D9F7C6D2E8BB92.e.14",
   "using": "css selector",
   "value": ".m-v-sm"
}
[1766136399.562][INFO]: Waiting for pending navigations...
[1766136399.562][DEBUG]: DevTools WebSocket Command: Runtime.evaluate (id=453) (session_id=0AAA18818893BB4F6B34C271151FCEB6) 5DE497F544D78911CBD1B96C7216F4D3 {
   "expression": "1"
}
[1766136399.563][DEBUG]: DevTools WebSocket Response: Runtime.evaluate (id=453) (session_id=0AAA18818893BB4F6B34C271151FCEB6) 5DE497F544D78911CBD1B96C7216F4D3 {
   "result": {
      "description": "1",
      "type": "number",
      "value": 1
   }
}
[1766136399.563][INFO]: Done waiting for pending navigations. Status: ok
[1766136399.563][DEBUG]: DevTools WebSocket Command: Page.getFrameTree (id=454) (session_id=0AAA18818893BB4F6B34C271151FCEB6) 5DE497F544D78911CBD1B96C7216F4D3 {
}
[1766136399.564][DEBUG]: DevTools WebSocket Response: Page.getFrameTree (id=454) (session_id=0AAA18818893BB4F6B34C271151FCEB6) 5DE497F544D78911CBD1B96C7216F4D3 {
   "frameTree": {
      "frame": {
         "adFrameStatus": {
            "adFrameType": "none"
         },
         "crossOriginIsolatedContextType": "NotIsolated",
         "domainAndRegistry": "scrape.center",
         "gatedAPIFeatures": [  ],
         "id": "5DE497F544D78911CBD1B96C7216F4D3",
         "loaderId": "5017C2A040EE4D9953D9F7C6D2E8BB92",
         "mimeType": "text/html",
         "secureContextType": "Secure",
         "securityOrigin": "https://spa1.scrape.center",
         "securityOriginDetails": {
            "isLocalhost": false
         },
         "url": "https://spa1.scrape.center/"
      }
   }
}
[1766136399.564][DEBUG]: DevTools WebSocket Command: DOM.resolveNode (id=455) (session_id=0AAA18818893BB4F6B34C271151FCEB6) 5DE497F544D78911CBD1B96C7216F4D3 {
   "backendNodeId": 14,
   "objectGroup": "1ec6b07a-bb8a-45ed-b08b-187507e41c99"
}
[1766136399.564][DEBUG]: DevTools WebSocket Response: DOM.resolveNode (id=455) (session_id=0AAA18818893BB4F6B34C271151FCEB6) 5DE497F544D78911CBD1B96C7216F4D3 {
   "object": {
      "className": "HTMLDivElement",
      "description": "div.el-card__body",
      "objectId": "1667652473473659487.1.125",
      "subtype": "node",
      "type": "object"
   }
}
[1766136399.564][DEBUG]: DevTools WebSocket Command: Page.getFrameTree (id=456) (session_id=0AAA18818893BB4F6B34C271151FCEB6) 5DE497F544D78911CBD1B96C7216F4D3 {
}
[1766136399.565][DEBUG]: DevTools WebSocket Response: Page.getFrameTree (id=456) (session_id=0AAA18818893BB4F6B34C271151FCEB6) 5DE497F544D78911CBD1B96C7216F4D3 {
   "frameTree": {
      "frame": {
         "adFrameStatus": {
            "adFrameType": "none"
         },
         "crossOriginIsolatedContextType": "NotIsolated",
         "domainAndRegistry": "scrape.center",
         "gatedAPIFeatures": [  ],
         "id": "5DE497F544D78911CBD1B96C7216F4D3",
         "loaderId": "5017C2A040EE4D9953D9F7C6D2E8BB92",
         "mimeType": "text/html",
         "secureContextType": "Secure",
         "securityOrigin": "https://spa1.scrape.center",
         "securityOriginDetails": {
            "isLocalhost": false
         },
         "url": "https://spa1.scrape.center/"
      }
   }
}
[1766136399.566][DEBUG]: DevTools WebSocket Command: Runtime.callFunctionOn (id=457) (session_id=0AAA18818893BB4F6B34C271151FCEB6) 5DE497F544D78911CBD1B96C7216F4D3 {
   "arguments": [ {
      "objectId": "1667652473473659487.1.125"
   } ],
   "awaitPromise": true,
   "functionDeclaration": "function(){ return (function() { // Copyright 2012 The Chromium Authors\n// Use of this source code is governed by a BSD-style license that can be\n// found in the LICENSE file.\n\n/**\n * Enum for WebD...",
   "objectGroup": "1ec6b07a-bb8a-45ed-b08b-187507e41c99",
   "serializationOptions": {
      "serialization": "deep"
   },
   "uniqueContextId": "-88754438306678378.-5366136884038128798"
}
[1766136399.568][DEBUG]: DevTools WebSocket Response: Runtime.callFunctionOn (id=457) (session_id=0AAA18818893BB4F6B34C271151FCEB6) 5DE497F544D78911CBD1B96C7216F4D3 {
   "result": {
      "className": "Array",
      "deepSerializedValue": {
         "type": "array",
         "value": [ {
            "type": "string",
            "value": "{\"status\":0,\"value\":[{\"element-6066-11e4-a52e-4f735466cecf\":0},{\"element-6066-11e4-a52e-4f735466cecf\":1}]}"
         }, {
            "type": "node",
            "value": {
               "attributes": {
                  "class": "m-v-sm info",
                  "data-v-1a647406": ""
               },
               "backendNodeId": 46,
               "childNodeCount": 3,
               "loaderId": "5017C2A040EE4D9953D9F7C6D2E8BB92",
               "localName": "div",
               "namespaceURI": "http://www.w3.org/1999/xhtml",
               "nodeType": 1,
               "shadowRoot": null
            }
         }, {
            "type": "node",
            "value": {
               "attributes": {
                  "class": "m-v-sm info",
                  "data-v-1a647406": ""
               },
               "backendNodeId": 47,
               "childNodeCount": 1,
               "loaderId": "5017C2A040EE4D9953D9F7C6D2E8BB92",
               "localName": "div",
               "namespaceURI": "http://www.w3.org/1999/xhtml",
               "nodeType": 1,
               "shadowRoot": null
            }
         } ]
      },
      "description": "Array(3)",
      "objectId": "1667652473473659487.1.126",
      "subtype": "array",
      "type": "object"
   }
}
[1766136399.568][DEBUG]: DevTools WebSocket Command: Runtime.releaseObjectGroup (id=458) (session_id=0AAA18818893BB4F6B34C271151FCEB6) 5DE497F544D78911CBD1B96C7216F4D3 {
   "objectGroup": "1ec6b07a-bb8a-45ed-b08b-187507e41c99"
}
[1766136399.568][INFO]: Waiting for pending navigations...
[1766136399.568][DEBUG]: DevTools WebSocket Command: Runtime.evaluate (id=459) (session_id=0AAA18818893BB4F6B34C271151FCEB6) 5DE497F544D78911CBD1B96C7216F4D3 {
   "expression": "1"
}
[1766136399.568][DEBUG]: DevTools WebSocket Response: Runtime.releaseObjectGroup (id=458) (session_id=0AAA18818893BB4F6B34C271151FCEB6) 5DE497F544D78911CBD1B96C7216F4D3 {
}
[1766136399.568][DEBUG]: DevTools WebSocket Response: Runtime.evaluate (id=459) (session_id=0AAA18818893BB4F6B34C271151FCEB6) 5DE497F544D78911CBD1B96C7216F4D3 {
   "result": {
      "description": "1",
      "type": "number",
      "value": 1
   }
}
[1766136399.568][INFO]: Done waiting for pending navigations. Status: ok
[1766136399.568][INFO]: [8cac16ba8b44337f2ba68d6c6e00a2d1] RESPONSE FindChildElements [ {
   "element-6066-11e4-a52e-4f735466cecf": "f.5DE497F544D78911CBD1B96C7216F4D3.d.5017C2A040EE4D9953D9F7C6D2E8BB92.e.46"
}, {
   "element-6066-11e4-a52e-4f735466cecf": "f.5DE497F544D78911CBD1B96C7216F4D3.d.5017C2A040EE4D9953D9F7C6D2E8BB92.e.47"
} ]
[1766136399.569][INFO]: [8cac16ba8b44337f2ba68d6c6e00a2d1] COMMAND GetElementText {
   "id": "f.5DE497F544D78911CBD1B96C7216F4D3.d.5017C2A040EE4D9953D9F7C6D2E8BB92.e.47"
}
[1766136399.570][INFO]: Waiting for pending navigations...
[1766136399.570][DEBUG]: DevTools WebSocket Command: Runtime.evaluate (id=460) (session_id=0AAA18818893BB4F6B34C271151FCEB6) 5DE497F544D78911CBD1B96C7216F4D3 {
   "expression": "1"
}
[1766136399.570][DEBUG]: DevTools WebSocket Response: Runtime.evaluate (id=460) (session_id=0AAA18818893BB4F6B34C271151FCEB6) 5DE497F544D78911CBD1B96C7216F4D3 {
   "result": {
      "description": "1",
      "type": "number",
      "value": 1
   }
}
[1766136399.570][INFO]: Done waiting for pending navigations. Status: ok
[1766136399.570][DEBUG]: DevTools WebSocket Command: Page.getFrameTree (id=461) (session_id=0AAA18818893BB4F6B34C271151FCEB6) 5DE497F544D78911CBD1B96C7216F4D3 {
}
[1766136399.570][DEBUG]: DevTools WebSocket Response: Page.getFrameTree (id=461) (session_id=0AAA18818893BB4F6B34C271151FCEB6) 5DE497F544D78911CBD1B96C7216F4D3 {
   "frameTree": {
      "frame": {
         "adFrameStatus": {
            "adFrameType": "none"
         },
         "crossOriginIsolatedContextType": "NotIsolated",
         "domainAndRegistry": "scrape.center",
         "gatedAPIFeatures": [  ],
         "id": "5DE497F544D78911CBD1B96C7216F4D3",
         "loaderId": "5017C2A040EE4D9953D9F7C6D2E8BB92",
         "mimeType": "text/html",
         "secureContextType": "Secure",
         "securityOrigin": "https://spa1.scrape.center",
         "securityOriginDetails": {
            "isLocalhost": false
         },
         "url": "https://spa1.scrape.center/"
      }
   }
}
[1766136399.571][DEBUG]: DevTools WebSocket Command: DOM.resolveNode (id=462) (session_id=0AAA18818893BB4F6B34C271151FCEB6) 5DE497F544D78911CBD1B96C7216F4D3 {
   "backendNodeId": 47,
   "objectGroup": "f626e251-610b-4993-99ea-34758d929598"
}
[1766136399.571][DEBUG]: DevTools WebSocket Response: DOM.resolveNode (id=462) (session_id=0AAA18818893BB4F6B34C271151FCEB6) 5DE497F544D78911CBD1B96C7216F4D3 {
   "object": {
      "className": "HTMLDivElement",
      "description": "div.m-v-sm.info",
      "objectId": "1667652473473659487.1.127",
      "subtype": "node",
      "type": "object"
   }
}
[1766136399.571][DEBUG]: DevTools WebSocket Command: Page.getFrameTree (id=463) (session_id=0AAA18818893BB4F6B34C271151FCEB6) 5DE497F544D78911CBD1B96C7216F4D3 {
}
[1766136399.571][DEBUG]: DevTools WebSocket Response: Page.getFrameTree (id=463) (session_id=0AAA18818893BB4F6B34C271151FCEB6) 5DE497F544D78911CBD1B96C7216F4D3 {
   "frameTree": {
      "frame": {
         "adFrameStatus": {
            "adFrameType": "none"
         },
         "crossOriginIsolatedContextType": "NotIsolated",
         "domainAndRegistry": "scrape.center",
         "gatedAPIFeatures": [  ],
         "id": "5DE497F544D78911CBD1B96C7216F4D3",
         "loaderId": "5017C2A040EE4D9953D9F7C6D2E8BB92",
         "mimeType": "text/html",
         "secureContextType": "Secure",
         "securityOrigin": "https://spa1.scrape.center",
         "securityOriginDetails": {
            "isLocalhost": false
         },
         "url": "https://spa1.scrape.center/"
      }
   }
}
[1766136399.572][DEBUG]: DevTools WebSocket Command: Runtime.callFunctionOn (id=464) (session_id=0AAA18818893BB4F6B34C271151FCEB6) 5DE497F544D78911CBD1B96C7216F4D3 {
   "arguments": [ {
      "objectId": "1667652473473659487.1.127"
   } ],
   "awaitPromise": true,
   "functionDeclaration": "function(){ return (function() { // Copyright 2012 The Chromium Authors\n// Use of this source code is governed by a BSD-style license that can be\n// found in the LICENSE file.\n\n/**\n * Enum for WebD...",
   "objectGroup": "f626e251-610b-4993-99ea-34758d929598",
   "serializationOptions": {
      "serialization": "deep"
   },
   "uniqueContextId": "-88754438306678378.-5366136884038128798"
}
[1766136399.576][DEBUG]: DevTools WebSocket Response: Runtime.callFunctionOn (id=464) (session_id=0AAA18818893BB4F6B34C271151FCEB6) 5DE497F544D78911CBD1B96C7216F4D3 {
   "result": {
      "className": "Array",
      "deepSerializedValue": {
         "type": "array",
         "value": [ {
            "type": "string",
            "value": "{\"status\":0,\"value\":\"1993-07-01 上映\"}"
         } ]
      },
      "description": "Array(1)",
      "objectId": "1667652473473659487.1.128",
      "subtype": "array",
      "type": "object"
   }
}
[1766136399.576][DEBUG]: DevTools WebSocket Command: Runtime.releaseObjectGroup (id=465) (session_id=0AAA18818893BB4F6B34C271151FCEB6) 5DE497F544D78911CBD1B96C7216F4D3 {
   "objectGroup": "f626e251-610b-4993-99ea-34758d929598"
}
[1766136399.576][INFO]: Waiting for pending navigations...
[1766136399.576][DEBUG]: DevTools WebSocket Command: Runtime.evaluate (id=466) (session_id=0AAA18818893BB4F6B34C271151FCEB6) 5DE497F544D78911CBD1B96C7216F4D3 {
   "expression": "1"
}
[1766136399.576][DEBUG]: DevTools WebSocket Response: Runtime.releaseObjectGroup (id=465) (session_id=0AAA18818893BB4F6B34C271151FCEB6) 5DE497F544D78911CBD1B96C7216F4D3 {
}
[1766136399.576][DEBUG]: DevTools WebSocket Response: Runtime.evaluate (id=466) (session_id=0AAA18818893BB4F6B34C271151FCEB6) 5DE497F544D78911CBD1B96C7216F4D3 {
   "result": {
      "description": "1",
      "type": "number",
      "value": 1
   }
}
[1766136399.576][INFO]: Done waiting for pending navigations. Status: ok
[1766136399.576][INFO]: [8cac16ba8b44337f2ba68d6c6e00a2d1] RESPONSE GetElementText "1993-07-01 上映"
[1766136399.577][INFO]: [8cac16ba8b44337f2ba68d6c6e00a2d1] COMMAND FindChildElement {
   "id": "f.5DE497F544D78911CBD1B96C7216F4D3.d.5017C2A040EE4D9953D9F7C6D2E8BB92.e.14",
   "using": "css selector",
   "value": ".score"
}
[1766136399.577][INFO]: Waiting for pending navigations...
[1766136399.577][DEBUG]: DevTools WebSocket Command: Runtime.evaluate (id=467) (session_id=0AAA18818893BB4F6B34C271151FCEB6) 5DE497F544D78911CBD1B96C7216F4D3 {
   "expression": "1"
}
[1766136399.578][DEBUG]: DevTools WebSocket Response: Runtime.evaluate (id=467) (session_id=0AAA18818893BB4F6B34C271151FCEB6) 5DE497F544D78911CBD1B96C7216F4D3 {
   "result": {
      "description": "1",
      "type": "number",
      "value": 1
   }
}
[1766136399.578][INFO]: Done waiting for pending navigations. Status: ok
[1766136399.578][DEBUG]: DevTools WebSocket Command: Page.getFrameTree (id=468) (session_id=0AAA18818893BB4F6B34C271151FCEB6) 5DE497F544D78911CBD1B96C7216F4D3 {
}
[1766136399.578][DEBUG]: DevTools WebSocket Response: Page.getFrameTree (id=468) (session_id=0AAA18818893BB4F6B34C271151FCEB6) 5DE497F544D78911CBD1B96C7216F4D3 {
   "frameTree": {
      "frame": {
         "adFrameStatus": {
            "adFrameType": "none"
         },
         "crossOriginIsolatedContextType": "NotIsolated",
         "domainAndRegistry": "scrape.center",
         "gatedAPIFeatures": [  ],
         "id": "5DE497F544D78911CBD1B96C7216F4D3",
         "loaderId": "5017C2A040EE4D9953D9F7C6D2E8BB92",
         "mimeType": "text/html",
         "secureContextType": "Secure",
         "securityOrigin": "https://spa1.scrape.center",
         "securityOriginDetails": {
            "isLocalhost": false
         },
         "url": "https://spa1.scrape.center/"
      }
   }
}
[1766136399.578][DEBUG]: DevTools WebSocket Command: DOM.resolveNode (id=469) (session_id=0AAA18818893BB4F6B34C271151FCEB6) 5DE497F544D78911CBD1B96C7216F4D3 {
   "backendNodeId": 14,
   "objectGroup": "0a8807c1-6954-4f4a-8d7d-bb679ad92c88"
}
[1766136399.579][DEBUG]: DevTools WebSocket Response: DOM.resolveNode (id=469) (session_id=0AAA18818893BB4F6B34C271151FCEB6) 5DE497F544D78911CBD1B96C7216F4D3 {
   "object": {
      "className": "HTMLDivElement",
      "description": "div.el-card__body",
      "objectId": "1667652473473659487.1.129",
      "subtype": "node",
      "type": "object"
   }
}
[1766136399.579][DEBUG]: DevTools WebSocket Command: Page.getFrameTree (id=470) (session_id=0AAA18818893BB4F6B34C271151FCEB6) 5DE497F544D78911CBD1B96C7216F4D3 {
}
[1766136399.579][DEBUG]: DevTools WebSocket Response: Page.getFrameTree (id=470) (session_id=0AAA18818893BB4F6B34C271151FCEB6) 5DE497F544D78911CBD1B96C7216F4D3 {
   "frameTree": {
      "frame": {
         "adFrameStatus": {
            "adFrameType": "none"
         },
         "crossOriginIsolatedContextType": "NotIsolated",
         "domainAndRegistry": "scrape.center",
         "gatedAPIFeatures": [  ],
         "id": "5DE497F544D78911CBD1B96C7216F4D3",
         "loaderId": "5017C2A040EE4D9953D9F7C6D2E8BB92",
         "mimeType": "text/html",
         "secureContextType": "Secure",
         "securityOrigin": "https://spa1.scrape.center",
         "securityOriginDetails": {
            "isLocalhost": false
         },
         "url": "https://spa1.scrape.center/"
      }
   }
}
[1766136399.580][DEBUG]: DevTools WebSocket Command: Runtime.callFunctionOn (id=471) (session_id=0AAA18818893BB4F6B34C271151FCEB6) 5DE497F544D78911CBD1B96C7216F4D3 {
   "arguments": [ {
      "objectId": "1667652473473659487.1.129"
   } ],
   "awaitPromise": true,
   "functionDeclaration": "function(){ return (function() { // Copyright 2012 The Chromium Authors\n// Use of this source code is governed by a BSD-style license that can be\n// found in the LICENSE file.\n\n/**\n * Enum for WebD...",
   "objectGroup": "0a8807c1-6954-4f4a-8d7d-bb679ad92c88",
   "serializationOptions": {
      "serialization": "deep"
   },
   "uniqueContextId": "-88754438306678378.-5366136884038128798"
}
[1766136399.582][DEBUG]: DevTools WebSocket Response: Runtime.callFunctionOn (id=471) (session_id=0AAA18818893BB4F6B34C271151FCEB6) 5DE497F544D78911CBD1B96C7216F4D3 {
   "result": {
      "className": "Array",
      "deepSerializedValue": {
         "type": "array",
         "value": [ {
            "type": "string",
            "value": "{\"status\":0,\"value\":{\"element-6066-11e4-a52e-4f735466cecf\":0}}"
         }, {
            "type": "node",
            "value": {
               "attributes": {
                  "class": "score m-t-md m-b-n-sm",
                  "data-v-1a647406": ""
               },
               "backendNodeId": 48,
               "childNodeCount": 1,
               "loaderId": "5017C2A040EE4D9953D9F7C6D2E8BB92",
               "localName": "p",
               "namespaceURI": "http://www.w3.org/1999/xhtml",
               "nodeType": 1,
               "shadowRoot": null
            }
         } ]
      },
      "description": "Array(2)",
      "objectId": "1667652473473659487.1.130",
      "subtype": "array",
      "type": "object"
   }
}
[1766136399.582][DEBUG]: DevTools WebSocket Command: Runtime.releaseObjectGroup (id=472) (session_id=0AAA18818893BB4F6B34C271151FCEB6) 5DE497F544D78911CBD1B96C7216F4D3 {
   "objectGroup": "0a8807c1-6954-4f4a-8d7d-bb679ad92c88"
}
[1766136399.582][INFO]: Waiting for pending navigations...
[1766136399.583][DEBUG]: DevTools WebSocket Command: Runtime.evaluate (id=473) (session_id=0AAA18818893BB4F6B34C271151FCEB6) 5DE497F544D78911CBD1B96C7216F4D3 {
   "expression": "1"
}
[1766136399.583][DEBUG]: DevTools WebSocket Response: Runtime.releaseObjectGroup (id=472) (session_id=0AAA18818893BB4F6B34C271151FCEB6) 5DE497F544D78911CBD1B96C7216F4D3 {
}
[1766136399.583][DEBUG]: DevTools WebSocket Response: Runtime.evaluate (id=473) (session_id=0AAA18818893BB4F6B34C271151FCEB6) 5DE497F544D78911CBD1B96C7216F4D3 {
   "result": {
      "description": "1",
      "type": "number",
      "value": 1
   }
}
[1766136399.583][INFO]: Done waiting for pending navigations. Status: ok
[1766136399.583][INFO]: [8cac16ba8b44337f2ba68d6c6e00a2d1] RESPONSE FindChildElement {
   "element-6066-11e4-a52e-4f735466cecf": "f.5DE497F544D78911CBD1B96C7216F4D3.d.5017C2A040EE4D9953D9F7C6D2E8BB92.e.48"
}
[1766136399.583][INFO]: [8cac16ba8b44337f2ba68d6c6e00a2d1] COMMAND GetElementText {
   "id": "f.5DE497F544D78911CBD1B96C7216F4D3.d.5017C2A040EE4D9953D9F7C6D2E8BB92.e.48"
}
[1766136399.583][INFO]: Waiting for pending navigations...
[1766136399.583][DEBUG]: DevTools WebSocket Command: Runtime.evaluate (id=474) (session_id=0AAA18818893BB4F6B34C271151FCEB6) 5DE497F544D78911CBD1B96C7216F4D3 {
   "expression": "1"
}
[1766136399.584][DEBUG]: DevTools WebSocket Response: Runtime.evaluate (id=474) (session_id=0AAA18818893BB4F6B34C271151FCEB6) 5DE497F544D78911CBD1B96C7216F4D3 {
   "result": {
      "description": "1",
      "type": "number",
      "value": 1
   }
}
[1766136399.584][INFO]: Done waiting for pending navigations. Status: ok
[1766136399.584][DEBUG]: DevTools WebSocket Command: Page.getFrameTree (id=475) (session_id=0AAA18818893BB4F6B34C271151FCEB6) 5DE497F544D78911CBD1B96C7216F4D3 {
}
[1766136399.584][DEBUG]: DevTools WebSocket Response: Page.getFrameTree (id=475) (session_id=0AAA18818893BB4F6B34C271151FCEB6) 5DE497F544D78911CBD1B96C7216F4D3 {
   "frameTree": {
      "frame": {
         "adFrameStatus": {
            "adFrameType": "none"
         },
         "crossOriginIsolatedContextType": "NotIsolated",
         "domainAndRegistry": "scrape.center",
         "gatedAPIFeatures": [  ],
         "id": "5DE497F544D78911CBD1B96C7216F4D3",
         "loaderId": "5017C2A040EE4D9953D9F7C6D2E8BB92",
         "mimeType": "text/html",
         "secureContextType": "Secure",
         "securityOrigin": "https://spa1.scrape.center",
         "securityOriginDetails": {
            "isLocalhost": false
         },
         "url": "https://spa1.scrape.center/"
      }
   }
}
[1766136399.584][DEBUG]: DevTools WebSocket Command: DOM.resolveNode (id=476) (session_id=0AAA18818893BB4F6B34C271151FCEB6) 5DE497F544D78911CBD1B96C7216F4D3 {
   "backendNodeId": 48,
   "objectGroup": "b47a56a2-88bc-4ef7-b19f-374e4ed049e4"
}
[1766136399.585][DEBUG]: DevTools WebSocket Response: DOM.resolveNode (id=476) (session_id=0AAA18818893BB4F6B34C271151FCEB6) 5DE497F544D78911CBD1B96C7216F4D3 {
   "object": {
      "className": "HTMLParagraphElement",
      "description": "p.score.m-t-md.m-b-n-sm",
      "objectId": "1667652473473659487.1.131",
      "subtype": "node",
      "type": "object"
   }
}
[1766136399.585][DEBUG]: DevTools WebSocket Command: Page.getFrameTree (id=477) (session_id=0AAA18818893BB4F6B34C271151FCEB6) 5DE497F544D78911CBD1B96C7216F4D3 {
}
[1766136399.585][DEBUG]: DevTools WebSocket Response: Page.getFrameTree (id=477) (session_id=0AAA18818893BB4F6B34C271151FCEB6) 5DE497F544D78911CBD1B96C7216F4D3 {
   "frameTree": {
      "frame": {
         "adFrameStatus": {
            "adFrameType": "none"
         },
         "crossOriginIsolatedContextType": "NotIsolated",
         "domainAndRegistry": "scrape.center",
         "gatedAPIFeatures": [  ],
         "id": "5DE497F544D78911CBD1B96C7216F4D3",
         "loaderId": "5017C2A040EE4D9953D9F7C6D2E8BB92",
         "mimeType": "text/html",
         "secureContextType": "Secure",
         "securityOrigin": "https://spa1.scrape.center",
         "securityOriginDetails": {
            "isLocalhost": false
         },
         "url": "https://spa1.scrape.center/"
      }
   }
}
[1766136399.586][DEBUG]: DevTools WebSocket Command: Runtime.callFunctionOn (id=478) (session_id=0AAA18818893BB4F6B34C271151FCEB6) 5DE497F544D78911CBD1B96C7216F4D3 {
   "arguments": [ {
      "objectId": "1667652473473659487.1.131"
   } ],
   "awaitPromise": true,
   "functionDeclaration": "function(){ return (function() { // Copyright 2012 The Chromium Authors\n// Use of this source code is governed by a BSD-style license that can be\n// found in the LICENSE file.\n\n/**\n * Enum for WebD...",
   "objectGroup": "b47a56a2-88bc-4ef7-b19f-374e4ed049e4",
   "serializationOptions": {
      "serialization": "deep"
   },
   "uniqueContextId": "-88754438306678378.-5366136884038128798"
}
[1766136399.588][DEBUG]: DevTools WebSocket Response: Runtime.callFunctionOn (id=478) (session_id=0AAA18818893BB4F6B34C271151FCEB6) 5DE497F544D78911CBD1B96C7216F4D3 {
   "result": {
      "className": "Array",
      "deepSerializedValue": {
         "type": "array",
         "value": [ {
            "type": "string",
            "value": "{\"status\":0,\"value\":\"9.5\"}"
         } ]
      },
      "description": "Array(1)",
      "objectId": "1667652473473659487.1.132",
      "subtype": "array",
      "type": "object"
   }
}
[1766136399.588][DEBUG]: DevTools WebSocket Command: Runtime.releaseObjectGroup (id=479) (session_id=0AAA18818893BB4F6B34C271151FCEB6) 5DE497F544D78911CBD1B96C7216F4D3 {
   "objectGroup": "b47a56a2-88bc-4ef7-b19f-374e4ed049e4"
}
[1766136399.588][INFO]: Waiting for pending navigations...
[1766136399.588][DEBUG]: DevTools WebSocket Command: Runtime.evaluate (id=480) (session_id=0AAA18818893BB4F6B34C271151FCEB6) 5DE497F544D78911CBD1B96C7216F4D3 {
   "expression": "1"
}
[1766136399.588][DEBUG]: DevTools WebSocket Response: Runtime.releaseObjectGroup (id=479) (session_id=0AAA18818893BB4F6B34C271151FCEB6) 5DE497F544D78911CBD1B96C7216F4D3 {
}
[1766136399.588][DEBUG]: DevTools WebSocket Response: Runtime.evaluate (id=480) (session_id=0AAA18818893BB4F6B34C271151FCEB6) 5DE497F544D78911CBD1B96C7216F4D3 {
   "result": {
      "description": "1",
      "type": "number",
      "value": 1
   }
}
[1766136399.588][INFO]: Done waiting for pending navigations. Status: ok
[1766136399.588][INFO]: [8cac16ba8b44337f2ba68d6c6e00a2d1] RESPONSE GetElementText "9.5"
[1766136399.589][INFO]: [8cac16ba8b44337f2ba68d6c6e00a2d1] COMMAND FindChildElement {
   "id": "f.5DE497F544D78911CBD1B96C7216F4D3.d.5017C2A040EE4D9953D9F7C6D2E8BB92.e.15",
   "using": "css selector",
   "value": ".m-b-sm"
}
[1766136399.589][INFO]: Waiting for pending navigations...
[1766136399.589][DEBUG]: DevTools WebSocket Command: Runtime.evaluate (id=481) (session_id=0AAA18818893BB4F6B34C271151FCEB6) 5DE497F544D78911CBD1B96C7216F4D3 {
   "expression": "1"
}
[1766136399.589][DEBUG]: DevTools WebSocket Response: Runtime.evaluate (id=481) (session_id=0AAA18818893BB4F6B34C271151FCEB6) 5DE497F544D78911CBD1B96C7216F4D3 {
   "result": {
      "description": "1",
      "type": "number",
      "value": 1
   }
}
[1766136399.590][INFO]: Done waiting for pending navigations. Status: ok
[1766136399.590][DEBUG]: DevTools WebSocket Command: Page.getFrameTree (id=482) (session_id=0AAA18818893BB4F6B34C271151FCEB6) 5DE497F544D78911CBD1B96C7216F4D3 {
}
[1766136399.590][DEBUG]: DevTools WebSocket Response: Page.getFrameTree (id=482) (session_id=0AAA18818893BB4F6B34C271151FCEB6) 5DE497F544D78911CBD1B96C7216F4D3 {
   "frameTree": {
      "frame": {
         "adFrameStatus": {
            "adFrameType": "none"
         },
         "crossOriginIsolatedContextType": "NotIsolated",
         "domainAndRegistry": "scrape.center",
         "gatedAPIFeatures": [  ],
         "id": "5DE497F544D78911CBD1B96C7216F4D3",
         "loaderId": "5017C2A040EE4D9953D9F7C6D2E8BB92",
         "mimeType": "text/html",
         "secureContextType": "Secure",
         "securityOrigin": "https://spa1.scrape.center",
         "securityOriginDetails": {
            "isLocalhost": false
         },
         "url": "https://spa1.scrape.center/"
      }
   }
}
[1766136399.590][DEBUG]: DevTools WebSocket Command: DOM.resolveNode (id=483) (session_id=0AAA18818893BB4F6B34C271151FCEB6) 5DE497F544D78911CBD1B96C7216F4D3 {
   "backendNodeId": 15,
   "objectGroup": "6d5fb3fa-0fc5-45d3-b52e-4c764e07267b"
}
[1766136399.590][DEBUG]: DevTools WebSocket Response: DOM.resolveNode (id=483) (session_id=0AAA18818893BB4F6B34C271151FCEB6) 5DE497F544D78911CBD1B96C7216F4D3 {
   "object": {
      "className": "HTMLDivElement",
      "description": "div.el-card__body",
      "objectId": "1667652473473659487.1.133",
      "subtype": "node",
      "type": "object"
   }
}
[1766136399.590][DEBUG]: DevTools WebSocket Command: Page.getFrameTree (id=484) (session_id=0AAA18818893BB4F6B34C271151FCEB6) 5DE497F544D78911CBD1B96C7216F4D3 {
}
[1766136399.591][DEBUG]: DevTools WebSocket Response: Page.getFrameTree (id=484) (session_id=0AAA18818893BB4F6B34C271151FCEB6) 5DE497F544D78911CBD1B96C7216F4D3 {
   "frameTree": {
      "frame": {
         "adFrameStatus": {
            "adFrameType": "none"
         },
         "crossOriginIsolatedContextType": "NotIsolated",
         "domainAndRegistry": "scrape.center",
         "gatedAPIFeatures": [  ],
         "id": "5DE497F544D78911CBD1B96C7216F4D3",
         "loaderId": "5017C2A040EE4D9953D9F7C6D2E8BB92",
         "mimeType": "text/html",
         "secureContextType": "Secure",
         "securityOrigin": "https://spa1.scrape.center",
         "securityOriginDetails": {
            "isLocalhost": false
         },
         "url": "https://spa1.scrape.center/"
      }
   }
}
[1766136399.592][DEBUG]: DevTools WebSocket Command: Runtime.callFunctionOn (id=485) (session_id=0AAA18818893BB4F6B34C271151FCEB6) 5DE497F544D78911CBD1B96C7216F4D3 {
   "arguments": [ {
      "objectId": "1667652473473659487.1.133"
   } ],
   "awaitPromise": true,
   "functionDeclaration": "function(){ return (function() { // Copyright 2012 The Chromium Authors\n// Use of this source code is governed by a BSD-style license that can be\n// found in the LICENSE file.\n\n/**\n * Enum for WebD...",
   "objectGroup": "6d5fb3fa-0fc5-45d3-b52e-4c764e07267b",
   "serializationOptions": {
      "serialization": "deep"
   },
   "uniqueContextId": "-88754438306678378.-5366136884038128798"
}
[1766136399.594][DEBUG]: DevTools WebSocket Response: Runtime.callFunctionOn (id=485) (session_id=0AAA18818893BB4F6B34C271151FCEB6) 5DE497F544D78911CBD1B96C7216F4D3 {
   "result": {
      "className": "Array",
      "deepSerializedValue": {
         "type": "array",
         "value": [ {
            "type": "string",
            "value": "{\"status\":0,\"value\":{\"element-6066-11e4-a52e-4f735466cecf\":0}}"
         }, {
            "type": "node",
            "value": {
               "attributes": {
                  "class": "m-b-sm",
                  "data-v-1a647406": ""
               },
               "backendNodeId": 49,
               "childNodeCount": 1,
               "loaderId": "5017C2A040EE4D9953D9F7C6D2E8BB92",
               "localName": "h2",
               "namespaceURI": "http://www.w3.org/1999/xhtml",
               "nodeType": 1,
               "shadowRoot": null
            }
         } ]
      },
      "description": "Array(2)",
      "objectId": "1667652473473659487.1.134",
      "subtype": "array",
      "type": "object"
   }
}
[1766136399.594][DEBUG]: DevTools WebSocket Command: Runtime.releaseObjectGroup (id=486) (session_id=0AAA18818893BB4F6B34C271151FCEB6) 5DE497F544D78911CBD1B96C7216F4D3 {
   "objectGroup": "6d5fb3fa-0fc5-45d3-b52e-4c764e07267b"
}
[1766136399.594][INFO]: Waiting for pending navigations...
[1766136399.595][DEBUG]: DevTools WebSocket Command: Runtime.evaluate (id=487) (session_id=0AAA18818893BB4F6B34C271151FCEB6) 5DE497F544D78911CBD1B96C7216F4D3 {
   "expression": "1"
}
[1766136399.595][DEBUG]: DevTools WebSocket Response: Runtime.releaseObjectGroup (id=486) (session_id=0AAA18818893BB4F6B34C271151FCEB6) 5DE497F544D78911CBD1B96C7216F4D3 {
}
[1766136399.595][DEBUG]: DevTools WebSocket Response: Runtime.evaluate (id=487) (session_id=0AAA18818893BB4F6B34C271151FCEB6) 5DE497F544D78911CBD1B96C7216F4D3 {
   "result": {
      "description": "1",
      "type": "number",
      "value": 1
   }
}
[1766136399.595][INFO]: Done waiting for pending navigations. Status: ok
[1766136399.595][INFO]: [8cac16ba8b44337f2ba68d6c6e00a2d1] RESPONSE FindChildElement {
   "element-6066-11e4-a52e-4f735466cecf": "f.5DE497F544D78911CBD1B96C7216F4D3.d.5017C2A040EE4D9953D9F7C6D2E8BB92.e.49"
}
[1766136399.596][INFO]: [8cac16ba8b44337f2ba68d6c6e00a2d1] COMMAND GetElementText {
   "id": "f.5DE497F544D78911CBD1B96C7216F4D3.d.5017C2A040EE4D9953D9F7C6D2E8BB92.e.49"
}
[1766136399.596][INFO]: Waiting for pending navigations...
[1766136399.596][DEBUG]: DevTools WebSocket Command: Runtime.evaluate (id=488) (session_id=0AAA18818893BB4F6B34C271151FCEB6) 5DE497F544D78911CBD1B96C7216F4D3 {
   "expression": "1"
}
[1766136399.596][DEBUG]: DevTools WebSocket Response: Runtime.evaluate (id=488) (session_id=0AAA18818893BB4F6B34C271151FCEB6) 5DE497F544D78911CBD1B96C7216F4D3 {
   "result": {
      "description": "1",
      "type": "number",
      "value": 1
   }
}
[1766136399.596][INFO]: Done waiting for pending navigations. Status: ok
[1766136399.596][DEBUG]: DevTools WebSocket Command: Page.getFrameTree (id=489) (session_id=0AAA18818893BB4F6B34C271151FCEB6) 5DE497F544D78911CBD1B96C7216F4D3 {
}
[1766136399.597][DEBUG]: DevTools WebSocket Response: Page.getFrameTree (id=489) (session_id=0AAA18818893BB4F6B34C271151FCEB6) 5DE497F544D78911CBD1B96C7216F4D3 {
   "frameTree": {
      "frame": {
         "adFrameStatus": {
            "adFrameType": "none"
         },
         "crossOriginIsolatedContextType": "NotIsolated",
         "domainAndRegistry": "scrape.center",
         "gatedAPIFeatures": [  ],
         "id": "5DE497F544D78911CBD1B96C7216F4D3",
         "loaderId": "5017C2A040EE4D9953D9F7C6D2E8BB92",
         "mimeType": "text/html",
         "secureContextType": "Secure",
         "securityOrigin": "https://spa1.scrape.center",
         "securityOriginDetails": {
            "isLocalhost": false
         },
         "url": "https://spa1.scrape.center/"
      }
   }
}
[1766136399.597][DEBUG]: DevTools WebSocket Command: DOM.resolveNode (id=490) (session_id=0AAA18818893BB4F6B34C271151FCEB6) 5DE497F544D78911CBD1B96C7216F4D3 {
   "backendNodeId": 49,
   "objectGroup": "001a2622-1190-411f-9016-2b08aa8567a8"
}
[1766136399.597][DEBUG]: DevTools WebSocket Response: DOM.resolveNode (id=490) (session_id=0AAA18818893BB4F6B34C271151FCEB6) 5DE497F544D78911CBD1B96C7216F4D3 {
   "object": {
      "className": "HTMLHeadingElement",
      "description": "h2.m-b-sm",
      "objectId": "1667652473473659487.1.135",
      "subtype": "node",
      "type": "object"
   }
}
[1766136399.597][DEBUG]: DevTools WebSocket Command: Page.getFrameTree (id=491) (session_id=0AAA18818893BB4F6B34C271151FCEB6) 5DE497F544D78911CBD1B96C7216F4D3 {
}
[1766136399.598][DEBUG]: DevTools WebSocket Response: Page.getFrameTree (id=491) (session_id=0AAA18818893BB4F6B34C271151FCEB6) 5DE497F544D78911CBD1B96C7216F4D3 {
   "frameTree": {
      "frame": {
         "adFrameStatus": {
            "adFrameType": "none"
         },
         "crossOriginIsolatedContextType": "NotIsolated",
         "domainAndRegistry": "scrape.center",
         "gatedAPIFeatures": [  ],
         "id": "5DE497F544D78911CBD1B96C7216F4D3",
         "loaderId": "5017C2A040EE4D9953D9F7C6D2E8BB92",
         "mimeType": "text/html",
         "secureContextType": "Secure",
         "securityOrigin": "https://spa1.scrape.center",
         "securityOriginDetails": {
            "isLocalhost": false
         },
         "url": "https://spa1.scrape.center/"
      }
   }
}
[1766136399.598][DEBUG]: DevTools WebSocket Command: Runtime.callFunctionOn (id=492) (session_id=0AAA18818893BB4F6B34C271151FCEB6) 5DE497F544D78911CBD1B96C7216F4D3 {
   "arguments": [ {
      "objectId": "1667652473473659487.1.135"
   } ],
   "awaitPromise": true,
   "functionDeclaration": "function(){ return (function() { // Copyright 2012 The Chromium Authors\n// Use of this source code is governed by a BSD-style license that can be\n// found in the LICENSE file.\n\n/**\n * Enum for WebD...",
   "objectGroup": "001a2622-1190-411f-9016-2b08aa8567a8",
   "serializationOptions": {
      "serialization": "deep"
   },
   "uniqueContextId": "-88754438306678378.-5366136884038128798"
}
[1766136399.601][DEBUG]: DevTools WebSocket Response: Runtime.callFunctionOn (id=492) (session_id=0AAA18818893BB4F6B34C271151FCEB6) 5DE497F544D78911CBD1B96C7216F4D3 {
   "result": {
      "className": "Array",
      "deepSerializedValue": {
         "type": "array",
         "value": [ {
            "type": "string",
            "value": "{\"status\":0,\"value\":\"乱世佳人 - Gone with the Wind\"}"
         } ]
      },
      "description": "Array(1)",
      "objectId": "1667652473473659487.1.136",
      "subtype": "array",
      "type": "object"
   }
}
[1766136399.601][DEBUG]: DevTools WebSocket Command: Runtime.releaseObjectGroup (id=493) (session_id=0AAA18818893BB4F6B34C271151FCEB6) 5DE497F544D78911CBD1B96C7216F4D3 {
   "objectGroup": "001a2622-1190-411f-9016-2b08aa8567a8"
}
[1766136399.601][INFO]: Waiting for pending navigations...
[1766136399.601][DEBUG]: DevTools WebSocket Command: Runtime.evaluate (id=494) (session_id=0AAA18818893BB4F6B34C271151FCEB6) 5DE497F544D78911CBD1B96C7216F4D3 {
   "expression": "1"
}
[1766136399.601][DEBUG]: DevTools WebSocket Response: Runtime.releaseObjectGroup (id=493) (session_id=0AAA18818893BB4F6B34C271151FCEB6) 5DE497F544D78911CBD1B96C7216F4D3 {
}
[1766136399.602][DEBUG]: DevTools WebSocket Response: Runtime.evaluate (id=494) (session_id=0AAA18818893BB4F6B34C271151FCEB6) 5DE497F544D78911CBD1B96C7216F4D3 {
   "result": {
      "description": "1",
      "type": "number",
      "value": 1
   }
}
[1766136399.602][INFO]: Done waiting for pending navigations. Status: ok
[1766136399.602][INFO]: [8cac16ba8b44337f2ba68d6c6e00a2d1] RESPONSE GetElementText "乱世佳人 - Gone with the Wind"
[1766136399.603][INFO]: [8cac16ba8b44337f2ba68d6c6e00a2d1] COMMAND FindChildElement {
   "id": "f.5DE497F544D78911CBD1B96C7216F4D3.d.5017C2A040EE4D9953D9F7C6D2E8BB92.e.15",
   "using": "css selector",
   "value": "a[href*='/detail/']"
}
[1766136399.603][INFO]: Waiting for pending navigations...
[1766136399.603][DEBUG]: DevTools WebSocket Command: Runtime.evaluate (id=495) (session_id=0AAA18818893BB4F6B34C271151FCEB6) 5DE497F544D78911CBD1B96C7216F4D3 {
   "expression": "1"
}
[1766136399.603][DEBUG]: DevTools WebSocket Response: Runtime.evaluate (id=495) (session_id=0AAA18818893BB4F6B34C271151FCEB6) 5DE497F544D78911CBD1B96C7216F4D3 {
   "result": {
      "description": "1",
      "type": "number",
      "value": 1
   }
}
[1766136399.603][INFO]: Done waiting for pending navigations. Status: ok
[1766136399.603][DEBUG]: DevTools WebSocket Command: Page.getFrameTree (id=496) (session_id=0AAA18818893BB4F6B34C271151FCEB6) 5DE497F544D78911CBD1B96C7216F4D3 {
}
[1766136399.603][DEBUG]: DevTools WebSocket Response: Page.getFrameTree (id=496) (session_id=0AAA18818893BB4F6B34C271151FCEB6) 5DE497F544D78911CBD1B96C7216F4D3 {
   "frameTree": {
      "frame": {
         "adFrameStatus": {
            "adFrameType": "none"
         },
         "crossOriginIsolatedContextType": "NotIsolated",
         "domainAndRegistry": "scrape.center",
         "gatedAPIFeatures": [  ],
         "id": "5DE497F544D78911CBD1B96C7216F4D3",
         "loaderId": "5017C2A040EE4D9953D9F7C6D2E8BB92",
         "mimeType": "text/html",
         "secureContextType": "Secure",
         "securityOrigin": "https://spa1.scrape.center",
         "securityOriginDetails": {
            "isLocalhost": false
         },
         "url": "https://spa1.scrape.center/"
      }
   }
}
[1766136399.603][DEBUG]: DevTools WebSocket Command: DOM.resolveNode (id=497) (session_id=0AAA18818893BB4F6B34C271151FCEB6) 5DE497F544D78911CBD1B96C7216F4D3 {
   "backendNodeId": 15,
   "objectGroup": "e950346a-476d-4535-9ed1-aab06daa0eed"
}
[1766136399.604][DEBUG]: DevTools WebSocket Response: DOM.resolveNode (id=497) (session_id=0AAA18818893BB4F6B34C271151FCEB6) 5DE497F544D78911CBD1B96C7216F4D3 {
   "object": {
      "className": "HTMLDivElement",
      "description": "div.el-card__body",
      "objectId": "1667652473473659487.1.137",
      "subtype": "node",
      "type": "object"
   }
}
[1766136399.604][DEBUG]: DevTools WebSocket Command: Page.getFrameTree (id=498) (session_id=0AAA18818893BB4F6B34C271151FCEB6) 5DE497F544D78911CBD1B96C7216F4D3 {
}
[1766136399.604][DEBUG]: DevTools WebSocket Response: Page.getFrameTree (id=498) (session_id=0AAA18818893BB4F6B34C271151FCEB6) 5DE497F544D78911CBD1B96C7216F4D3 {
   "frameTree": {
      "frame": {
         "adFrameStatus": {
            "adFrameType": "none"
         },
         "crossOriginIsolatedContextType": "NotIsolated",
         "domainAndRegistry": "scrape.center",
         "gatedAPIFeatures": [  ],
         "id": "5DE497F544D78911CBD1B96C7216F4D3",
         "loaderId": "5017C2A040EE4D9953D9F7C6D2E8BB92",
         "mimeType": "text/html",
         "secureContextType": "Secure",
         "securityOrigin": "https://spa1.scrape.center",
         "securityOriginDetails": {
            "isLocalhost": false
         },
         "url": "https://spa1.scrape.center/"
      }
   }
}
[1766136399.605][DEBUG]: DevTools WebSocket Command: Runtime.callFunctionOn (id=499) (session_id=0AAA18818893BB4F6B34C271151FCEB6) 5DE497F544D78911CBD1B96C7216F4D3 {
   "arguments": [ {
      "objectId": "1667652473473659487.1.137"
   } ],
   "awaitPromise": true,
   "functionDeclaration": "function(){ return (function() { // Copyright 2012 The Chromium Authors\n// Use of this source code is governed by a BSD-style license that can be\n// found in the LICENSE file.\n\n/**\n * Enum for WebD...",
   "objectGroup": "e950346a-476d-4535-9ed1-aab06daa0eed",
   "serializationOptions": {
      "serialization": "deep"
   },
   "uniqueContextId": "-88754438306678378.-5366136884038128798"
}
[1766136399.607][DEBUG]: DevTools WebSocket Response: Runtime.callFunctionOn (id=499) (session_id=0AAA18818893BB4F6B34C271151FCEB6) 5DE497F544D78911CBD1B96C7216F4D3 {
   "result": {
      "className": "Array",
      "deepSerializedValue": {
         "type": "array",
         "value": [ {
            "type": "string",
            "value": "{\"status\":0,\"value\":{\"element-6066-11e4-a52e-4f735466cecf\":0}}"
         }, {
            "type": "node",
            "value": {
               "attributes": {
                  "class": "",
                  "data-v-1a647406": "",
                  "href": "/detail/7"
               },
               "backendNodeId": 50,
               "childNodeCount": 1,
               "loaderId": "5017C2A040EE4D9953D9F7C6D2E8BB92",
               "localName": "a",
               "namespaceURI": "http://www.w3.org/1999/xhtml",
               "nodeType": 1,
               "shadowRoot": null
            }
         } ]
      },
      "description": "Array(2)",
      "objectId": "1667652473473659487.1.138",
      "subtype": "array",
      "type": "object"
   }
}
[1766136399.607][DEBUG]: DevTools WebSocket Command: Runtime.releaseObjectGroup (id=500) (session_id=0AAA18818893BB4F6B34C271151FCEB6) 5DE497F544D78911CBD1B96C7216F4D3 {
   "objectGroup": "e950346a-476d-4535-9ed1-aab06daa0eed"
}
[1766136399.607][INFO]: Waiting for pending navigations...
[1766136399.607][DEBUG]: DevTools WebSocket Command: Runtime.evaluate (id=501) (session_id=0AAA18818893BB4F6B34C271151FCEB6) 5DE497F544D78911CBD1B96C7216F4D3 {
   "expression": "1"
}
[1766136399.608][DEBUG]: DevTools WebSocket Response: Runtime.releaseObjectGroup (id=500) (session_id=0AAA18818893BB4F6B34C271151FCEB6) 5DE497F544D78911CBD1B96C7216F4D3 {
}
[1766136399.608][DEBUG]: DevTools WebSocket Response: Runtime.evaluate (id=501) (session_id=0AAA18818893BB4F6B34C271151FCEB6) 5DE497F544D78911CBD1B96C7216F4D3 {
   "result": {
      "description": "1",
      "type": "number",
      "value": 1
   }
}
[1766136399.608][INFO]: Done waiting for pending navigations. Status: ok
[1766136399.608][INFO]: [8cac16ba8b44337f2ba68d6c6e00a2d1] RESPONSE FindChildElement {
   "element-6066-11e4-a52e-4f735466cecf": "f.5DE497F544D78911CBD1B96C7216F4D3.d.5017C2A040EE4D9953D9F7C6D2E8BB92.e.50"
}
[1766136399.609][INFO]: [8cac16ba8b44337f2ba68d6c6e00a2d1] COMMAND ExecuteScript {
   "args": [ {
      "element-6066-11e4-a52e-4f735466cecf": "f.5DE497F544D78911CBD1B96C7216F4D3.d.5017C2A040EE4D9953D9F7C6D2E8BB92.e.50"
   }, "href" ],
   "script": "/* getAttribute */return (function(){return (function(){var d=this||self;function f(a,b){function c(){}c.prototype=b.prototype;a.prototype=new c;a.prototype.constructor=a};var h=Array.prototype.indexOf?function(a,b){return Array.prototype.indexOf.call(a,b,void 0)}:function(a,b){if(\"string\"===typeof a)return\"string\"!==typeof b||1!=b.length?-1:a.indexOf(b,0);for(var c=0;c\u003Ca.length;c++)if(c in a&&a[c]===b)return c;return-1},k=Array.prototype.forEach?function(a,b){Array.prototype.forEach.call(a,b,void 0)}:function(a,b){for(var c=a.length,e=\"string\"===typeof a?a.split(\"\"):a,g=0;g\u003Cc;g++)g in e&&b.call(void 0,e[g],g,a)};function l(a,b){this.code=a;this.a=m[a]||n;this.message=b||\"\";a=this.a.replace(/((?:^|\\s+)[a-z])/g,function(c){return c.toUpperCase().replace(/^[\\s\\xa0]+/g,\"\")});b=a.length-5;if(0>b||a.indexOf(\"Error\",b)!=b)a+=\"Error\";this.name=a;a=Error(this.message);a.name=this.name;this.stack=a.stack||\"\"}f(l,Error);var n=\"unknown error\",m={15:\"element not selectable\",11:\"element not visible\"};m[31]=n;m[30]=n;m[24]=\"invalid cookie domain\";m[29]=\"invalid element coordinates\";m[12]=\"invalid element state\";m[32]=\"invalid selector\";\nm[51]=\"invalid selector\";m[52]=\"invalid selector\";m[17]=\"javascript error\";m[405]=\"unsupported operation\";m[34]=\"move target out of bounds\";m[27]=\"no such alert\";m[7]=\"no such element\";m[8]=\"no such frame\";m[23]=\"no such window\";m[28]=\"script timeout\";m[33]=\"session not created\";m[10]=\"stale element reference\";m[21]=\"timeout\";m[25]=\"unable to set cookie\";m[26]=\"unexpected alert open\";m[13]=n;m[9]=\"unknown command\";var p;a:{var q=d.navigator;if(q){var r=q.userAgent;if(r){p=r;break a}}p=\"\"}function t(a){return-1!=p.indexOf(a)};function u(){return t(\"Firefox\")||t(\"FxiOS\")}function v(){return(t(\"Chrome\")||t(\"CriOS\"))&&!t(\"Edge\")};function w(){return t(\"iPhone\")&&!t(\"iPod\")&&!t(\"iPad\")};var y=t(\"Opera\"),z=t(\"Trident\")||t(\"MSIE\"),A=t(\"Edge\"),B=t(\"Gecko\")&&!(-1!=p.toLowerCase().indexOf(\"webkit\")&&!t(\"Edge\"))&&!(t(\"Trident\")||t(\"MSIE\"))&&!t(\"Edge\"),C=-1!=p.toLowerCase().indexOf(\"webkit\")&&!t(\"Edge\");function D(){var a=d.document;return a?a.documentMode:void 0}var E;\na:{var F=\"\",G=function(){var a=p;if(B)return/rv:([^\\);]+)(\\)|;)/.exec(a);if(A)return/Edge\\/([\\d\\.]+)/.exec(a);if(z)return/\\b(?:MSIE|rv)[: ]([^\\);]+)(\\)|;)/.exec(a);if(C)return/WebKit\\/(\\S+)/.exec(a);if(y)return/(?:Version)[ \\/]?(\\S+)/.exec(a)}();G&&(F=G?G[1]:\"\");if(z){var H=D();if(null!=H&&H>parseFloat(F)){E=String(H);break a}}E=F}var I;I=d.document&&z?D():void 0;var J=u(),K=w()||t(\"iPod\"),L=t(\"iPad\"),M=t(\"Android\")&&!(v()||u()||t(\"Opera\")||t(\"Silk\")),N=v(),aa=t(\"Safari\")&&!(v()||t(\"Coast\")||t(\"Opera\")||t(\"Edge\")||t(\"Edg/\")||t(\"OPR\")||u()||t(\"Silk\")||t(\"Android\"))&&!(w()||t(\"iPad\")||t(\"iPod\"));function O(a){return(a=a.exec(p))?a[1]:\"\"}(function(){if(J)return O(/Firefox\\/([0-9.]+)/);if(z||A||y)return E;if(N)return w()||t(\"iPad\")||t(\"iPod\")?O(/CriOS\\/([0-9.]+)/):O(/Chrome\\/([0-9.]+)/);if(aa&&!(w()||t(\"iPad\")||t(\"iPod\")))return O(/Version\\/([0-9.]+)/);if(K||L){var a=/Version\\/(\\S+).*Mobile\\/(\\S+)/.exec(p);if(a)return a[1]+\".\"+a[2]}else if(M)return(a=O(/Android\\s+([0-9.]+)/))?a:O(/Version\\/([0-9.]+)/);return\"\"})();var P=z&&!(8\u003C=Number(I)),ba=z&&!(9\u003C=Number(I));var ca={SCRIPT:1,STYLE:1,HEAD:1,IFRAME:1,OBJECT:1},Q={IMG:\" \",BR:\"\\n\"};function R(a,b,c){if(!(a.nodeName in ca))if(3==a.nodeType)c?b.push(String(a.nodeValue).replace(/(\\r\\n|\\r|\\n)/g,\"\")):b.push(a.nodeValue);else if(a.nodeName in Q)b.push(Q[a.nodeName]);else for(a=a.firstChild;a;)R(a,b,c),a=a.nextSibling};function S(a,b){b=b.toLowerCase();return\"style\"==b?da(a.style.cssText):P&&\"value\"==b&&T(a,\"INPUT\")?a.value:ba&&!0===a[b]?String(a.getAttribute(b)):(a=a.getAttributeNode(b))&&a.specified?a.value:null}var ea=/[;]+(?=(?:(?:[^\"]*\"){2})*[^\"]*$)(?=(?:(?:[^']*'){2})*[^']*$)(?=(?:[^()]*\\([^()]*\\))*[^()]*$)/;\nfunction da(a){var b=[];k(a.split(ea),function(c){var e=c.indexOf(\":\");0\u003Ce&&(c=[c.slice(0,e),c.slice(e+1)],2==c.length&&b.push(c[0].toLowerCase(),\":\",c[1],\";\"))});b=b.join(\"\");return b=\";\"==b.charAt(b.length-1)?b:b+\";\"}function U(a,b){P&&\"value\"==b&&T(a,\"OPTION\")&&null===S(a,\"value\")?(b=[],R(a,b,!1),a=b.join(\"\")):a=a[b];return a}\nfunction T(a,b){b&&\"string\"!==typeof b&&(b=b.toString());return a instanceof HTMLFormElement?!!a&&1==a.nodeType&&(!b||\"FORM\"==b):!!a&&1==a.nodeType&&(!b||a.tagName.toUpperCase()==b)}function V(a){return T(a,\"OPTION\")?!0:T(a,\"INPUT\")?(a=a.type.toLowerCase(),\"checkbox\"==a||\"radio\"==a):!1};var fa={\"class\":\"className\",readonly:\"readOnly\"},ha=\"allowfullscreen allowpaymentrequest allowusermedia async autofocus autoplay checked compact complete controls declare default defaultchecked defaultselected defer disabled ended formnovalidate hidden indeterminate iscontenteditable ismap itemscope loop multiple muted nohref nomodule noresize noshade novalidate nowrap open paused playsinline pubdate readonly required reversed scoped seamless seeking selected truespeed typemustmatch willvalidate\".split(\" \");function W(a,b){var c=null,e=b.toLowerCase();if(\"style\"==e)return(c=a.style)&&\"string\"!=typeof c&&(c=c.cssText),c;if((\"selected\"==e||\"checked\"==e)&&V(a)){if(!V(a))throw new l(15,\"Element is not selectable\");b=\"selected\";c=a.type&&a.type.toLowerCase();if(\"checkbox\"==c||\"radio\"==c)b=\"checked\";return U(a,b)?\"true\":null}var g=T(a,\"A\");if(T(a,\"IMG\")&&\"src\"==e||g&&\"href\"==e)return(c=S(a,e))&&(c=U(a,e)),c;if(\"spellcheck\"==e){c=S(a,e);if(null!==c){if(\"false\"==c.toLowerCase())return\"false\";if(\"true\"==c.toLowerCase())return\"true\"}return U(a,\ne)+\"\"}g=fa[b]||b;if(0\u003C=h(ha,e))return(c=null!==S(a,b)||U(a,g))?\"true\":null;try{var x=U(a,g)}catch(ia){}(e=null==x)||(e=typeof x,e=\"object\"==e&&null!=x||\"function\"==e);e?c=S(a,b):c=x;return null!=c?c.toString():null}var X=[\"se_exportedFunctionSymbol\"],Y=d;X[0]in Y||\"undefined\"==typeof Y.execScript||Y.execScript(\"var \"+X[0]);for(var Z;X.length&&(Z=X.shift());)X.length||void 0===W?Y[Z]&&Y[Z]!==Object.prototype[Z]?Y=Y[Z]:Y=Y[Z]={}:Y[Z]=W;; return this.se_exportedFunctionSymbol.apply(null,arguments);}).apply(window, arguments);}\n).apply(null, arguments);"
}
[1766136399.609][INFO]: Waiting for pending navigations...
[1766136399.609][DEBUG]: DevTools WebSocket Command: Runtime.evaluate (id=502) (session_id=0AAA18818893BB4F6B34C271151FCEB6) 5DE497F544D78911CBD1B96C7216F4D3 {
   "expression": "1"
}
[1766136399.609][DEBUG]: DevTools WebSocket Response: Runtime.evaluate (id=502) (session_id=0AAA18818893BB4F6B34C271151FCEB6) 5DE497F544D78911CBD1B96C7216F4D3 {
   "result": {
      "description": "1",
      "type": "number",
      "value": 1
   }
}
[1766136399.609][INFO]: Done waiting for pending navigations. Status: ok
[1766136399.609][DEBUG]: DevTools WebSocket Command: Page.getFrameTree (id=503) (session_id=0AAA18818893BB4F6B34C271151FCEB6) 5DE497F544D78911CBD1B96C7216F4D3 {
}
[1766136399.609][DEBUG]: DevTools WebSocket Response: Page.getFrameTree (id=503) (session_id=0AAA18818893BB4F6B34C271151FCEB6) 5DE497F544D78911CBD1B96C7216F4D3 {
   "frameTree": {
      "frame": {
         "adFrameStatus": {
            "adFrameType": "none"
         },
         "crossOriginIsolatedContextType": "NotIsolated",
         "domainAndRegistry": "scrape.center",
         "gatedAPIFeatures": [  ],
         "id": "5DE497F544D78911CBD1B96C7216F4D3",
         "loaderId": "5017C2A040EE4D9953D9F7C6D2E8BB92",
         "mimeType": "text/html",
         "secureContextType": "Secure",
         "securityOrigin": "https://spa1.scrape.center",
         "securityOriginDetails": {
            "isLocalhost": false
         },
         "url": "https://spa1.scrape.center/"
      }
   }
}
[1766136399.609][DEBUG]: DevTools WebSocket Command: DOM.resolveNode (id=504) (session_id=0AAA18818893BB4F6B34C271151FCEB6) 5DE497F544D78911CBD1B96C7216F4D3 {
   "backendNodeId": 50,
   "objectGroup": "5d54288a-6b51-4056-b442-05505257f992"
}
[1766136399.610][DEBUG]: DevTools WebSocket Response: DOM.resolveNode (id=504) (session_id=0AAA18818893BB4F6B34C271151FCEB6) 5DE497F544D78911CBD1B96C7216F4D3 {
   "object": {
      "className": "HTMLAnchorElement",
      "description": "a",
      "objectId": "1667652473473659487.1.139",
      "subtype": "node",
      "type": "object"
   }
}
[1766136399.610][DEBUG]: DevTools WebSocket Command: Page.getFrameTree (id=505) (session_id=0AAA18818893BB4F6B34C271151FCEB6) 5DE497F544D78911CBD1B96C7216F4D3 {
}
[1766136399.610][DEBUG]: DevTools WebSocket Response: Page.getFrameTree (id=505) (session_id=0AAA18818893BB4F6B34C271151FCEB6) 5DE497F544D78911CBD1B96C7216F4D3 {
   "frameTree": {
      "frame": {
         "adFrameStatus": {
            "adFrameType": "none"
         },
         "crossOriginIsolatedContextType": "NotIsolated",
         "domainAndRegistry": "scrape.center",
         "gatedAPIFeatures": [  ],
         "id": "5DE497F544D78911CBD1B96C7216F4D3",
         "loaderId": "5017C2A040EE4D9953D9F7C6D2E8BB92",
         "mimeType": "text/html",
         "secureContextType": "Secure",
         "securityOrigin": "https://spa1.scrape.center",
         "securityOriginDetails": {
            "isLocalhost": false
         },
         "url": "https://spa1.scrape.center/"
      }
   }
}
[1766136399.611][DEBUG]: DevTools WebSocket Command: Runtime.callFunctionOn (id=506) (session_id=0AAA18818893BB4F6B34C271151FCEB6) 5DE497F544D78911CBD1B96C7216F4D3 {
   "arguments": [ {
      "objectId": "1667652473473659487.1.139"
   } ],
   "awaitPromise": true,
   "functionDeclaration": "function(){ return (function() { // Copyright 2012 The Chromium Authors\n// Use of this source code is governed by a BSD-style license that can be\n// found in the LICENSE file.\n\n/**\n * Enum for WebD...",
   "objectGroup": "5d54288a-6b51-4056-b442-05505257f992",
   "serializationOptions": {
      "serialization": "deep"
   },
   "uniqueContextId": "-88754438306678378.-5366136884038128798"
}
[1766136399.611][DEBUG]: DevTools WebSocket Response: Runtime.callFunctionOn (id=506) (session_id=0AAA18818893BB4F6B34C271151FCEB6) 5DE497F544D78911CBD1B96C7216F4D3 {
   "result": {
      "className": "Array",
      "deepSerializedValue": {
         "type": "array",
         "value": [ {
            "type": "string",
            "value": "{\"status\":0,\"value\":\"https://spa1.scrape.center/detail/7\"}"
         } ]
      },
      "description": "Array(1)",
      "objectId": "1667652473473659487.1.140",
      "subtype": "array",
      "type": "object"
   }
}
[1766136399.612][DEBUG]: DevTools WebSocket Command: Runtime.releaseObjectGroup (id=507) (session_id=0AAA18818893BB4F6B34C271151FCEB6) 5DE497F544D78911CBD1B96C7216F4D3 {
   "objectGroup": "5d54288a-6b51-4056-b442-05505257f992"
}
[1766136399.612][INFO]: Waiting for pending navigations...
[1766136399.612][DEBUG]: DevTools WebSocket Command: Runtime.evaluate (id=508) (session_id=0AAA18818893BB4F6B34C271151FCEB6) 5DE497F544D78911CBD1B96C7216F4D3 {
   "expression": "1"
}
[1766136399.612][DEBUG]: DevTools WebSocket Response: Runtime.releaseObjectGroup (id=507) (session_id=0AAA18818893BB4F6B34C271151FCEB6) 5DE497F544D78911CBD1B96C7216F4D3 {
}
[1766136399.612][DEBUG]: DevTools WebSocket Response: Runtime.evaluate (id=508) (session_id=0AAA18818893BB4F6B34C271151FCEB6) 5DE497F544D78911CBD1B96C7216F4D3 {
   "result": {
      "description": "1",
      "type": "number",
      "value": 1
   }
}
[1766136399.612][INFO]: Done waiting for pending navigations. Status: ok
[1766136399.612][INFO]: [8cac16ba8b44337f2ba68d6c6e00a2d1] RESPONSE ExecuteScript "https://spa1.scrape.center/detail/7"
[1766136399.613][INFO]: [8cac16ba8b44337f2ba68d6c6e00a2d1] COMMAND FindChildElements {
   "id": "f.5DE497F544D78911CBD1B96C7216F4D3.d.5017C2A040EE4D9953D9F7C6D2E8BB92.e.15",
   "using": "css selector",
   "value": ".m-v-sm"
}
[1766136399.613][INFO]: Waiting for pending navigations...
[1766136399.613][DEBUG]: DevTools WebSocket Command: Runtime.evaluate (id=509) (session_id=0AAA18818893BB4F6B34C271151FCEB6) 5DE497F544D78911CBD1B96C7216F4D3 {
   "expression": "1"
}
[1766136399.613][DEBUG]: DevTools WebSocket Response: Runtime.evaluate (id=509) (session_id=0AAA18818893BB4F6B34C271151FCEB6) 5DE497F544D78911CBD1B96C7216F4D3 {
   "result": {
      "description": "1",
      "type": "number",
      "value": 1
   }
}
[1766136399.613][INFO]: Done waiting for pending navigations. Status: ok
[1766136399.614][DEBUG]: DevTools WebSocket Command: Page.getFrameTree (id=510) (session_id=0AAA18818893BB4F6B34C271151FCEB6) 5DE497F544D78911CBD1B96C7216F4D3 {
}
[1766136399.614][DEBUG]: DevTools WebSocket Response: Page.getFrameTree (id=510) (session_id=0AAA18818893BB4F6B34C271151FCEB6) 5DE497F544D78911CBD1B96C7216F4D3 {
   "frameTree": {
      "frame": {
         "adFrameStatus": {
            "adFrameType": "none"
         },
         "crossOriginIsolatedContextType": "NotIsolated",
         "domainAndRegistry": "scrape.center",
         "gatedAPIFeatures": [  ],
         "id": "5DE497F544D78911CBD1B96C7216F4D3",
         "loaderId": "5017C2A040EE4D9953D9F7C6D2E8BB92",
         "mimeType": "text/html",
         "secureContextType": "Secure",
         "securityOrigin": "https://spa1.scrape.center",
         "securityOriginDetails": {
            "isLocalhost": false
         },
         "url": "https://spa1.scrape.center/"
      }
   }
}
[1766136399.614][DEBUG]: DevTools WebSocket Command: DOM.resolveNode (id=511) (session_id=0AAA18818893BB4F6B34C271151FCEB6) 5DE497F544D78911CBD1B96C7216F4D3 {
   "backendNodeId": 15,
   "objectGroup": "b058686b-2555-4137-b95c-e0261e114dfa"
}
[1766136399.615][DEBUG]: DevTools WebSocket Response: DOM.resolveNode (id=511) (session_id=0AAA18818893BB4F6B34C271151FCEB6) 5DE497F544D78911CBD1B96C7216F4D3 {
   "object": {
      "className": "HTMLDivElement",
      "description": "div.el-card__body",
      "objectId": "1667652473473659487.1.141",
      "subtype": "node",
      "type": "object"
   }
}
[1766136399.615][DEBUG]: DevTools WebSocket Command: Page.getFrameTree (id=512) (session_id=0AAA18818893BB4F6B34C271151FCEB6) 5DE497F544D78911CBD1B96C7216F4D3 {
}
[1766136399.615][DEBUG]: DevTools WebSocket Response: Page.getFrameTree (id=512) (session_id=0AAA18818893BB4F6B34C271151FCEB6) 5DE497F544D78911CBD1B96C7216F4D3 {
   "frameTree": {
      "frame": {
         "adFrameStatus": {
            "adFrameType": "none"
         },
         "crossOriginIsolatedContextType": "NotIsolated",
         "domainAndRegistry": "scrape.center",
         "gatedAPIFeatures": [  ],
         "id": "5DE497F544D78911CBD1B96C7216F4D3",
         "loaderId": "5017C2A040EE4D9953D9F7C6D2E8BB92",
         "mimeType": "text/html",
         "secureContextType": "Secure",
         "securityOrigin": "https://spa1.scrape.center",
         "securityOriginDetails": {
            "isLocalhost": false
         },
         "url": "https://spa1.scrape.center/"
      }
   }
}
[1766136399.616][DEBUG]: DevTools WebSocket Command: Runtime.callFunctionOn (id=513) (session_id=0AAA18818893BB4F6B34C271151FCEB6) 5DE497F544D78911CBD1B96C7216F4D3 {
   "arguments": [ {
      "objectId": "1667652473473659487.1.141"
   } ],
   "awaitPromise": true,
   "functionDeclaration": "function(){ return (function() { // Copyright 2012 The Chromium Authors\n// Use of this source code is governed by a BSD-style license that can be\n// found in the LICENSE file.\n\n/**\n * Enum for WebD...",
   "objectGroup": "b058686b-2555-4137-b95c-e0261e114dfa",
   "serializationOptions": {
      "serialization": "deep"
   },
   "uniqueContextId": "-88754438306678378.-5366136884038128798"
}
[1766136399.618][DEBUG]: DevTools WebSocket Response: Runtime.callFunctionOn (id=513) (session_id=0AAA18818893BB4F6B34C271151FCEB6) 5DE497F544D78911CBD1B96C7216F4D3 {
   "result": {
      "className": "Array",
      "deepSerializedValue": {
         "type": "array",
         "value": [ {
            "type": "string",
            "value": "{\"status\":0,\"value\":[{\"element-6066-11e4-a52e-4f735466cecf\":0},{\"element-6066-11e4-a52e-4f735466cecf\":1}]}"
         }, {
            "type": "node",
            "value": {
               "attributes": {
                  "class": "m-v-sm info",
                  "data-v-1a647406": ""
               },
               "backendNodeId": 51,
               "childNodeCount": 3,
               "loaderId": "5017C2A040EE4D9953D9F7C6D2E8BB92",
               "localName": "div",
               "namespaceURI": "http://www.w3.org/1999/xhtml",
               "nodeType": 1,
               "shadowRoot": null
            }
         }, {
            "type": "node",
            "value": {
               "attributes": {
                  "class": "m-v-sm info",
                  "data-v-1a647406": ""
               },
               "backendNodeId": 52,
               "childNodeCount": 1,
               "loaderId": "5017C2A040EE4D9953D9F7C6D2E8BB92",
               "localName": "div",
               "namespaceURI": "http://www.w3.org/1999/xhtml",
               "nodeType": 1,
               "shadowRoot": null
            }
         } ]
      },
      "description": "Array(3)",
      "objectId": "1667652473473659487.1.142",
      "subtype": "array",
      "type": "object"
   }
}
[1766136399.618][DEBUG]: DevTools WebSocket Command: Runtime.releaseObjectGroup (id=514) (session_id=0AAA18818893BB4F6B34C271151FCEB6) 5DE497F544D78911CBD1B96C7216F4D3 {
   "objectGroup": "b058686b-2555-4137-b95c-e0261e114dfa"
}
[1766136399.618][INFO]: Waiting for pending navigations...
[1766136399.618][DEBUG]: DevTools WebSocket Command: Runtime.evaluate (id=515) (session_id=0AAA18818893BB4F6B34C271151FCEB6) 5DE497F544D78911CBD1B96C7216F4D3 {
   "expression": "1"
}
[1766136399.618][DEBUG]: DevTools WebSocket Response: Runtime.releaseObjectGroup (id=514) (session_id=0AAA18818893BB4F6B34C271151FCEB6) 5DE497F544D78911CBD1B96C7216F4D3 {
}
[1766136399.618][DEBUG]: DevTools WebSocket Response: Runtime.evaluate (id=515) (session_id=0AAA18818893BB4F6B34C271151FCEB6) 5DE497F544D78911CBD1B96C7216F4D3 {
   "result": {
      "description": "1",
      "type": "number",
      "value": 1
   }
}
[1766136399.618][INFO]: Done waiting for pending navigations. Status: ok
[1766136399.619][INFO]: [8cac16ba8b44337f2ba68d6c6e00a2d1] RESPONSE FindChildElements [ {
   "element-6066-11e4-a52e-4f735466cecf": "f.5DE497F544D78911CBD1B96C7216F4D3.d.5017C2A040EE4D9953D9F7C6D2E8BB92.e.51"
}, {
   "element-6066-11e4-a52e-4f735466cecf": "f.5DE497F544D78911CBD1B96C7216F4D3.d.5017C2A040EE4D9953D9F7C6D2E8BB92.e.52"
} ]
[1766136399.619][INFO]: [8cac16ba8b44337f2ba68d6c6e00a2d1] COMMAND GetElementText {
   "id": "f.5DE497F544D78911CBD1B96C7216F4D3.d.5017C2A040EE4D9953D9F7C6D2E8BB92.e.51"
}
[1766136399.619][INFO]: Waiting for pending navigations...
[1766136399.619][DEBUG]: DevTools WebSocket Command: Runtime.evaluate (id=516) (session_id=0AAA18818893BB4F6B34C271151FCEB6) 5DE497F544D78911CBD1B96C7216F4D3 {
   "expression": "1"
}
[1766136399.620][DEBUG]: DevTools WebSocket Response: Runtime.evaluate (id=516) (session_id=0AAA18818893BB4F6B34C271151FCEB6) 5DE497F544D78911CBD1B96C7216F4D3 {
   "result": {
      "description": "1",
      "type": "number",
      "value": 1
   }
}
[1766136399.620][INFO]: Done waiting for pending navigations. Status: ok
[1766136399.620][DEBUG]: DevTools WebSocket Command: Page.getFrameTree (id=517) (session_id=0AAA18818893BB4F6B34C271151FCEB6) 5DE497F544D78911CBD1B96C7216F4D3 {
}
[1766136399.620][DEBUG]: DevTools WebSocket Response: Page.getFrameTree (id=517) (session_id=0AAA18818893BB4F6B34C271151FCEB6) 5DE497F544D78911CBD1B96C7216F4D3 {
   "frameTree": {
      "frame": {
         "adFrameStatus": {
            "adFrameType": "none"
         },
         "crossOriginIsolatedContextType": "NotIsolated",
         "domainAndRegistry": "scrape.center",
         "gatedAPIFeatures": [  ],
         "id": "5DE497F544D78911CBD1B96C7216F4D3",
         "loaderId": "5017C2A040EE4D9953D9F7C6D2E8BB92",
         "mimeType": "text/html",
         "secureContextType": "Secure",
         "securityOrigin": "https://spa1.scrape.center",
         "securityOriginDetails": {
            "isLocalhost": false
         },
         "url": "https://spa1.scrape.center/"
      }
   }
}
[1766136399.620][DEBUG]: DevTools WebSocket Command: DOM.resolveNode (id=518) (session_id=0AAA18818893BB4F6B34C271151FCEB6) 5DE497F544D78911CBD1B96C7216F4D3 {
   "backendNodeId": 51,
   "objectGroup": "028a73a7-f581-4704-a144-379884157464"
}
[1766136399.620][DEBUG]: DevTools WebSocket Response: DOM.resolveNode (id=518) (session_id=0AAA18818893BB4F6B34C271151FCEB6) 5DE497F544D78911CBD1B96C7216F4D3 {
   "object": {
      "className": "HTMLDivElement",
      "description": "div.m-v-sm.info",
      "objectId": "1667652473473659487.1.143",
      "subtype": "node",
      "type": "object"
   }
}
[1766136399.620][DEBUG]: DevTools WebSocket Command: Page.getFrameTree (id=519) (session_id=0AAA18818893BB4F6B34C271151FCEB6) 5DE497F544D78911CBD1B96C7216F4D3 {
}
[1766136399.621][DEBUG]: DevTools WebSocket Response: Page.getFrameTree (id=519) (session_id=0AAA18818893BB4F6B34C271151FCEB6) 5DE497F544D78911CBD1B96C7216F4D3 {
   "frameTree": {
      "frame": {
         "adFrameStatus": {
            "adFrameType": "none"
         },
         "crossOriginIsolatedContextType": "NotIsolated",
         "domainAndRegistry": "scrape.center",
         "gatedAPIFeatures": [  ],
         "id": "5DE497F544D78911CBD1B96C7216F4D3",
         "loaderId": "5017C2A040EE4D9953D9F7C6D2E8BB92",
         "mimeType": "text/html",
         "secureContextType": "Secure",
         "securityOrigin": "https://spa1.scrape.center",
         "securityOriginDetails": {
            "isLocalhost": false
         },
         "url": "https://spa1.scrape.center/"
      }
   }
}
[1766136399.622][DEBUG]: DevTools WebSocket Command: Runtime.callFunctionOn (id=520) (session_id=0AAA18818893BB4F6B34C271151FCEB6) 5DE497F544D78911CBD1B96C7216F4D3 {
   "arguments": [ {
      "objectId": "1667652473473659487.1.143"
   } ],
   "awaitPromise": true,
   "functionDeclaration": "function(){ return (function() { // Copyright 2012 The Chromium Authors\n// Use of this source code is governed by a BSD-style license that can be\n// found in the LICENSE file.\n\n/**\n * Enum for WebD...",
   "objectGroup": "028a73a7-f581-4704-a144-379884157464",
   "serializationOptions": {
      "serialization": "deep"
   },
   "uniqueContextId": "-88754438306678378.-5366136884038128798"
}
[1766136399.624][DEBUG]: DevTools WebSocket Response: Runtime.callFunctionOn (id=520) (session_id=0AAA18818893BB4F6B34C271151FCEB6) 5DE497F544D78911CBD1B96C7216F4D3 {
   "result": {
      "className": "Array",
      "deepSerializedValue": {
         "type": "array",
         "value": [ {
            "type": "string",
            "value": "{\"status\":0,\"value\":\"美国 / 238 分钟\"}"
         } ]
      },
      "description": "Array(1)",
      "objectId": "1667652473473659487.1.144",
      "subtype": "array",
      "type": "object"
   }
}
[1766136399.624][DEBUG]: DevTools WebSocket Command: Runtime.releaseObjectGroup (id=521) (session_id=0AAA18818893BB4F6B34C271151FCEB6) 5DE497F544D78911CBD1B96C7216F4D3 {
   "objectGroup": "028a73a7-f581-4704-a144-379884157464"
}
[1766136399.624][INFO]: Waiting for pending navigations...
[1766136399.624][DEBUG]: DevTools WebSocket Command: Runtime.evaluate (id=522) (session_id=0AAA18818893BB4F6B34C271151FCEB6) 5DE497F544D78911CBD1B96C7216F4D3 {
   "expression": "1"
}
[1766136399.625][DEBUG]: DevTools WebSocket Response: Runtime.releaseObjectGroup (id=521) (session_id=0AAA18818893BB4F6B34C271151FCEB6) 5DE497F544D78911CBD1B96C7216F4D3 {
}
[1766136399.625][DEBUG]: DevTools WebSocket Response: Runtime.evaluate (id=522) (session_id=0AAA18818893BB4F6B34C271151FCEB6) 5DE497F544D78911CBD1B96C7216F4D3 {
   "result": {
      "description": "1",
      "type": "number",
      "value": 1
   }
}
[1766136399.625][INFO]: Done waiting for pending navigations. Status: ok
[1766136399.625][INFO]: [8cac16ba8b44337f2ba68d6c6e00a2d1] RESPONSE GetElementText "美国 / 238 分钟"
[1766136399.625][INFO]: [8cac16ba8b44337f2ba68d6c6e00a2d1] COMMAND FindChildElements {
   "id": "f.5DE497F544D78911CBD1B96C7216F4D3.d.5017C2A040EE4D9953D9F7C6D2E8BB92.e.15",
   "using": "css selector",
   "value": ".m-v-sm"
}
[1766136399.626][INFO]: Waiting for pending navigations...
[1766136399.626][DEBUG]: DevTools WebSocket Command: Runtime.evaluate (id=523) (session_id=0AAA18818893BB4F6B34C271151FCEB6) 5DE497F544D78911CBD1B96C7216F4D3 {
   "expression": "1"
}
[1766136399.626][DEBUG]: DevTools WebSocket Response: Runtime.evaluate (id=523) (session_id=0AAA18818893BB4F6B34C271151FCEB6) 5DE497F544D78911CBD1B96C7216F4D3 {
   "result": {
      "description": "1",
      "type": "number",
      "value": 1
   }
}
[1766136399.626][INFO]: Done waiting for pending navigations. Status: ok
[1766136399.626][DEBUG]: DevTools WebSocket Command: Page.getFrameTree (id=524) (session_id=0AAA18818893BB4F6B34C271151FCEB6) 5DE497F544D78911CBD1B96C7216F4D3 {
}
[1766136399.626][DEBUG]: DevTools WebSocket Response: Page.getFrameTree (id=524) (session_id=0AAA18818893BB4F6B34C271151FCEB6) 5DE497F544D78911CBD1B96C7216F4D3 {
   "frameTree": {
      "frame": {
         "adFrameStatus": {
            "adFrameType": "none"
         },
         "crossOriginIsolatedContextType": "NotIsolated",
         "domainAndRegistry": "scrape.center",
         "gatedAPIFeatures": [  ],
         "id": "5DE497F544D78911CBD1B96C7216F4D3",
         "loaderId": "5017C2A040EE4D9953D9F7C6D2E8BB92",
         "mimeType": "text/html",
         "secureContextType": "Secure",
         "securityOrigin": "https://spa1.scrape.center",
         "securityOriginDetails": {
            "isLocalhost": false
         },
         "url": "https://spa1.scrape.center/"
      }
   }
}
[1766136399.626][DEBUG]: DevTools WebSocket Command: DOM.resolveNode (id=525) (session_id=0AAA18818893BB4F6B34C271151FCEB6) 5DE497F544D78911CBD1B96C7216F4D3 {
   "backendNodeId": 15,
   "objectGroup": "8f9c65ab-60f5-4fd3-b84c-5ab9b6f635c9"
}
[1766136399.627][DEBUG]: DevTools WebSocket Response: DOM.resolveNode (id=525) (session_id=0AAA18818893BB4F6B34C271151FCEB6) 5DE497F544D78911CBD1B96C7216F4D3 {
   "object": {
      "className": "HTMLDivElement",
      "description": "div.el-card__body",
      "objectId": "1667652473473659487.1.145",
      "subtype": "node",
      "type": "object"
   }
}
[1766136399.627][DEBUG]: DevTools WebSocket Command: Page.getFrameTree (id=526) (session_id=0AAA18818893BB4F6B34C271151FCEB6) 5DE497F544D78911CBD1B96C7216F4D3 {
}
[1766136399.627][DEBUG]: DevTools WebSocket Response: Page.getFrameTree (id=526) (session_id=0AAA18818893BB4F6B34C271151FCEB6) 5DE497F544D78911CBD1B96C7216F4D3 {
   "frameTree": {
      "frame": {
         "adFrameStatus": {
            "adFrameType": "none"
         },
         "crossOriginIsolatedContextType": "NotIsolated",
         "domainAndRegistry": "scrape.center",
         "gatedAPIFeatures": [  ],
         "id": "5DE497F544D78911CBD1B96C7216F4D3",
         "loaderId": "5017C2A040EE4D9953D9F7C6D2E8BB92",
         "mimeType": "text/html",
         "secureContextType": "Secure",
         "securityOrigin": "https://spa1.scrape.center",
         "securityOriginDetails": {
            "isLocalhost": false
         },
         "url": "https://spa1.scrape.center/"
      }
   }
}
[1766136399.628][DEBUG]: DevTools WebSocket Command: Runtime.callFunctionOn (id=527) (session_id=0AAA18818893BB4F6B34C271151FCEB6) 5DE497F544D78911CBD1B96C7216F4D3 {
   "arguments": [ {
      "objectId": "1667652473473659487.1.145"
   } ],
   "awaitPromise": true,
   "functionDeclaration": "function(){ return (function() { // Copyright 2012 The Chromium Authors\n// Use of this source code is governed by a BSD-style license that can be\n// found in the LICENSE file.\n\n/**\n * Enum for WebD...",
   "objectGroup": "8f9c65ab-60f5-4fd3-b84c-5ab9b6f635c9",
   "serializationOptions": {
      "serialization": "deep"
   },
   "uniqueContextId": "-88754438306678378.-5366136884038128798"
}
[1766136399.630][DEBUG]: DevTools WebSocket Response: Runtime.callFunctionOn (id=527) (session_id=0AAA18818893BB4F6B34C271151FCEB6) 5DE497F544D78911CBD1B96C7216F4D3 {
   "result": {
      "className": "Array",
      "deepSerializedValue": {
         "type": "array",
         "value": [ {
            "type": "string",
            "value": "{\"status\":0,\"value\":[{\"element-6066-11e4-a52e-4f735466cecf\":0},{\"element-6066-11e4-a52e-4f735466cecf\":1}]}"
         }, {
            "type": "node",
            "value": {
               "attributes": {
                  "class": "m-v-sm info",
                  "data-v-1a647406": ""
               },
               "backendNodeId": 51,
               "childNodeCount": 3,
               "loaderId": "5017C2A040EE4D9953D9F7C6D2E8BB92",
               "localName": "div",
               "namespaceURI": "http://www.w3.org/1999/xhtml",
               "nodeType": 1,
               "shadowRoot": null
            }
         }, {
            "type": "node",
            "value": {
               "attributes": {
                  "class": "m-v-sm info",
                  "data-v-1a647406": ""
               },
               "backendNodeId": 52,
               "childNodeCount": 1,
               "loaderId": "5017C2A040EE4D9953D9F7C6D2E8BB92",
               "localName": "div",
               "namespaceURI": "http://www.w3.org/1999/xhtml",
               "nodeType": 1,
               "shadowRoot": null
            }
         } ]
      },
      "description": "Array(3)",
      "objectId": "1667652473473659487.1.146",
      "subtype": "array",
      "type": "object"
   }
}
[1766136399.630][DEBUG]: DevTools WebSocket Command: Runtime.releaseObjectGroup (id=528) (session_id=0AAA18818893BB4F6B34C271151FCEB6) 5DE497F544D78911CBD1B96C7216F4D3 {
   "objectGroup": "8f9c65ab-60f5-4fd3-b84c-5ab9b6f635c9"
}
[1766136399.631][INFO]: Waiting for pending navigations...
[1766136399.631][DEBUG]: DevTools WebSocket Command: Runtime.evaluate (id=529) (session_id=0AAA18818893BB4F6B34C271151FCEB6) 5DE497F544D78911CBD1B96C7216F4D3 {
   "expression": "1"
}
[1766136399.631][DEBUG]: DevTools WebSocket Response: Runtime.releaseObjectGroup (id=528) (session_id=0AAA18818893BB4F6B34C271151FCEB6) 5DE497F544D78911CBD1B96C7216F4D3 {
}
[1766136399.631][DEBUG]: DevTools WebSocket Response: Runtime.evaluate (id=529) (session_id=0AAA18818893BB4F6B34C271151FCEB6) 5DE497F544D78911CBD1B96C7216F4D3 {
   "result": {
      "description": "1",
      "type": "number",
      "value": 1
   }
}
[1766136399.631][INFO]: Done waiting for pending navigations. Status: ok
[1766136399.631][INFO]: [8cac16ba8b44337f2ba68d6c6e00a2d1] RESPONSE FindChildElements [ {
   "element-6066-11e4-a52e-4f735466cecf": "f.5DE497F544D78911CBD1B96C7216F4D3.d.5017C2A040EE4D9953D9F7C6D2E8BB92.e.51"
}, {
   "element-6066-11e4-a52e-4f735466cecf": "f.5DE497F544D78911CBD1B96C7216F4D3.d.5017C2A040EE4D9953D9F7C6D2E8BB92.e.52"
} ]
[1766136399.632][INFO]: [8cac16ba8b44337f2ba68d6c6e00a2d1] COMMAND GetElementText {
   "id": "f.5DE497F544D78911CBD1B96C7216F4D3.d.5017C2A040EE4D9953D9F7C6D2E8BB92.e.52"
}
[1766136399.632][INFO]: Waiting for pending navigations...
[1766136399.632][DEBUG]: DevTools WebSocket Command: Runtime.evaluate (id=530) (session_id=0AAA18818893BB4F6B34C271151FCEB6) 5DE497F544D78911CBD1B96C7216F4D3 {
   "expression": "1"
}
[1766136399.632][DEBUG]: DevTools WebSocket Response: Runtime.evaluate (id=530) (session_id=0AAA18818893BB4F6B34C271151FCEB6) 5DE497F544D78911CBD1B96C7216F4D3 {
   "result": {
      "description": "1",
      "type": "number",
      "value": 1
   }
}
[1766136399.633][INFO]: Done waiting for pending navigations. Status: ok
[1766136399.633][DEBUG]: DevTools WebSocket Command: Page.getFrameTree (id=531) (session_id=0AAA18818893BB4F6B34C271151FCEB6) 5DE497F544D78911CBD1B96C7216F4D3 {
}
[1766136399.633][DEBUG]: DevTools WebSocket Response: Page.getFrameTree (id=531) (session_id=0AAA18818893BB4F6B34C271151FCEB6) 5DE497F544D78911CBD1B96C7216F4D3 {
   "frameTree": {
      "frame": {
         "adFrameStatus": {
            "adFrameType": "none"
         },
         "crossOriginIsolatedContextType": "NotIsolated",
         "domainAndRegistry": "scrape.center",
         "gatedAPIFeatures": [  ],
         "id": "5DE497F544D78911CBD1B96C7216F4D3",
         "loaderId": "5017C2A040EE4D9953D9F7C6D2E8BB92",
         "mimeType": "text/html",
         "secureContextType": "Secure",
         "securityOrigin": "https://spa1.scrape.center",
         "securityOriginDetails": {
            "isLocalhost": false
         },
         "url": "https://spa1.scrape.center/"
      }
   }
}
[1766136399.633][DEBUG]: DevTools WebSocket Command: DOM.resolveNode (id=532) (session_id=0AAA18818893BB4F6B34C271151FCEB6) 5DE497F544D78911CBD1B96C7216F4D3 {
   "backendNodeId": 52,
   "objectGroup": "0a6d6501-43e4-423f-bfeb-33284f816861"
}
[1766136399.634][DEBUG]: DevTools WebSocket Response: DOM.resolveNode (id=532) (session_id=0AAA18818893BB4F6B34C271151FCEB6) 5DE497F544D78911CBD1B96C7216F4D3 {
   "object": {
      "className": "HTMLDivElement",
      "description": "div.m-v-sm.info",
      "objectId": "1667652473473659487.1.147",
      "subtype": "node",
      "type": "object"
   }
}
[1766136399.634][DEBUG]: DevTools WebSocket Command: Page.getFrameTree (id=533) (session_id=0AAA18818893BB4F6B34C271151FCEB6) 5DE497F544D78911CBD1B96C7216F4D3 {
}
[1766136399.634][DEBUG]: DevTools WebSocket Response: Page.getFrameTree (id=533) (session_id=0AAA18818893BB4F6B34C271151FCEB6) 5DE497F544D78911CBD1B96C7216F4D3 {
   "frameTree": {
      "frame": {
         "adFrameStatus": {
            "adFrameType": "none"
         },
         "crossOriginIsolatedContextType": "NotIsolated",
         "domainAndRegistry": "scrape.center",
         "gatedAPIFeatures": [  ],
         "id": "5DE497F544D78911CBD1B96C7216F4D3",
         "loaderId": "5017C2A040EE4D9953D9F7C6D2E8BB92",
         "mimeType": "text/html",
         "secureContextType": "Secure",
         "securityOrigin": "https://spa1.scrape.center",
         "securityOriginDetails": {
            "isLocalhost": false
         },
         "url": "https://spa1.scrape.center/"
      }
   }
}
[1766136399.635][DEBUG]: DevTools WebSocket Command: Runtime.callFunctionOn (id=534) (session_id=0AAA18818893BB4F6B34C271151FCEB6) 5DE497F544D78911CBD1B96C7216F4D3 {
   "arguments": [ {
      "objectId": "1667652473473659487.1.147"
   } ],
   "awaitPromise": true,
   "functionDeclaration": "function(){ return (function() { // Copyright 2012 The Chromium Authors\n// Use of this source code is governed by a BSD-style license that can be\n// found in the LICENSE file.\n\n/**\n * Enum for WebD...",
   "objectGroup": "0a6d6501-43e4-423f-bfeb-33284f816861",
   "serializationOptions": {
      "serialization": "deep"
   },
   "uniqueContextId": "-88754438306678378.-5366136884038128798"
}
[1766136399.638][DEBUG]: DevTools WebSocket Response: Runtime.callFunctionOn (id=534) (session_id=0AAA18818893BB4F6B34C271151FCEB6) 5DE497F544D78911CBD1B96C7216F4D3 {
   "result": {
      "className": "Array",
      "deepSerializedValue": {
         "type": "array",
         "value": [ {
            "type": "string",
            "value": "{\"status\":0,\"value\":\"1939-12-15 上映\"}"
         } ]
      },
      "description": "Array(1)",
      "objectId": "1667652473473659487.1.148",
      "subtype": "array",
      "type": "object"
   }
}
[1766136399.638][DEBUG]: DevTools WebSocket Command: Runtime.releaseObjectGroup (id=535) (session_id=0AAA18818893BB4F6B34C271151FCEB6) 5DE497F544D78911CBD1B96C7216F4D3 {
   "objectGroup": "0a6d6501-43e4-423f-bfeb-33284f816861"
}
[1766136399.638][INFO]: Waiting for pending navigations...
[1766136399.638][DEBUG]: DevTools WebSocket Command: Runtime.evaluate (id=536) (session_id=0AAA18818893BB4F6B34C271151FCEB6) 5DE497F544D78911CBD1B96C7216F4D3 {
   "expression": "1"
}
[1766136399.638][DEBUG]: DevTools WebSocket Response: Runtime.releaseObjectGroup (id=535) (session_id=0AAA18818893BB4F6B34C271151FCEB6) 5DE497F544D78911CBD1B96C7216F4D3 {
}
[1766136399.638][DEBUG]: DevTools WebSocket Response: Runtime.evaluate (id=536) (session_id=0AAA18818893BB4F6B34C271151FCEB6) 5DE497F544D78911CBD1B96C7216F4D3 {
   "result": {
      "description": "1",
      "type": "number",
      "value": 1
   }
}
[1766136399.638][INFO]: Done waiting for pending navigations. Status: ok
[1766136399.638][INFO]: [8cac16ba8b44337f2ba68d6c6e00a2d1] RESPONSE GetElementText "1939-12-15 上映"
[1766136399.639][INFO]: [8cac16ba8b44337f2ba68d6c6e00a2d1] COMMAND FindChildElement {
   "id": "f.5DE497F544D78911CBD1B96C7216F4D3.d.5017C2A040EE4D9953D9F7C6D2E8BB92.e.15",
   "using": "css selector",
   "value": ".score"
}
[1766136399.639][INFO]: Waiting for pending navigations...
[1766136399.639][DEBUG]: DevTools WebSocket Command: Runtime.evaluate (id=537) (session_id=0AAA18818893BB4F6B34C271151FCEB6) 5DE497F544D78911CBD1B96C7216F4D3 {
   "expression": "1"
}
[1766136399.640][DEBUG]: DevTools WebSocket Response: Runtime.evaluate (id=537) (session_id=0AAA18818893BB4F6B34C271151FCEB6) 5DE497F544D78911CBD1B96C7216F4D3 {
   "result": {
      "description": "1",
      "type": "number",
      "value": 1
   }
}
[1766136399.640][INFO]: Done waiting for pending navigations. Status: ok
[1766136399.640][DEBUG]: DevTools WebSocket Command: Page.getFrameTree (id=538) (session_id=0AAA18818893BB4F6B34C271151FCEB6) 5DE497F544D78911CBD1B96C7216F4D3 {
}
[1766136399.640][DEBUG]: DevTools WebSocket Response: Page.getFrameTree (id=538) (session_id=0AAA18818893BB4F6B34C271151FCEB6) 5DE497F544D78911CBD1B96C7216F4D3 {
   "frameTree": {
      "frame": {
         "adFrameStatus": {
            "adFrameType": "none"
         },
         "crossOriginIsolatedContextType": "NotIsolated",
         "domainAndRegistry": "scrape.center",
         "gatedAPIFeatures": [  ],
         "id": "5DE497F544D78911CBD1B96C7216F4D3",
         "loaderId": "5017C2A040EE4D9953D9F7C6D2E8BB92",
         "mimeType": "text/html",
         "secureContextType": "Secure",
         "securityOrigin": "https://spa1.scrape.center",
         "securityOriginDetails": {
            "isLocalhost": false
         },
         "url": "https://spa1.scrape.center/"
      }
   }
}
[1766136399.640][DEBUG]: DevTools WebSocket Command: DOM.resolveNode (id=539) (session_id=0AAA18818893BB4F6B34C271151FCEB6) 5DE497F544D78911CBD1B96C7216F4D3 {
   "backendNodeId": 15,
   "objectGroup": "b466306a-4350-4a11-8a33-3cedc907095f"
}
[1766136399.641][DEBUG]: DevTools WebSocket Response: DOM.resolveNode (id=539) (session_id=0AAA18818893BB4F6B34C271151FCEB6) 5DE497F544D78911CBD1B96C7216F4D3 {
   "object": {
      "className": "HTMLDivElement",
      "description": "div.el-card__body",
      "objectId": "1667652473473659487.1.149",
      "subtype": "node",
      "type": "object"
   }
}
[1766136399.641][DEBUG]: DevTools WebSocket Command: Page.getFrameTree (id=540) (session_id=0AAA18818893BB4F6B34C271151FCEB6) 5DE497F544D78911CBD1B96C7216F4D3 {
}
[1766136399.641][DEBUG]: DevTools WebSocket Response: Page.getFrameTree (id=540) (session_id=0AAA18818893BB4F6B34C271151FCEB6) 5DE497F544D78911CBD1B96C7216F4D3 {
   "frameTree": {
      "frame": {
         "adFrameStatus": {
            "adFrameType": "none"
         },
         "crossOriginIsolatedContextType": "NotIsolated",
         "domainAndRegistry": "scrape.center",
         "gatedAPIFeatures": [  ],
         "id": "5DE497F544D78911CBD1B96C7216F4D3",
         "loaderId": "5017C2A040EE4D9953D9F7C6D2E8BB92",
         "mimeType": "text/html",
         "secureContextType": "Secure",
         "securityOrigin": "https://spa1.scrape.center",
         "securityOriginDetails": {
            "isLocalhost": false
         },
         "url": "https://spa1.scrape.center/"
      }
   }
}
[1766136399.642][DEBUG]: DevTools WebSocket Command: Runtime.callFunctionOn (id=541) (session_id=0AAA18818893BB4F6B34C271151FCEB6) 5DE497F544D78911CBD1B96C7216F4D3 {
   "arguments": [ {
      "objectId": "1667652473473659487.1.149"
   } ],
   "awaitPromise": true,
   "functionDeclaration": "function(){ return (function() { // Copyright 2012 The Chromium Authors\n// Use of this source code is governed by a BSD-style license that can be\n// found in the LICENSE file.\n\n/**\n * Enum for WebD...",
   "objectGroup": "b466306a-4350-4a11-8a33-3cedc907095f",
   "serializationOptions": {
      "serialization": "deep"
   },
   "uniqueContextId": "-88754438306678378.-5366136884038128798"
}
[1766136399.643][DEBUG]: DevTools WebSocket Response: Runtime.callFunctionOn (id=541) (session_id=0AAA18818893BB4F6B34C271151FCEB6) 5DE497F544D78911CBD1B96C7216F4D3 {
   "result": {
      "className": "Array",
      "deepSerializedValue": {
         "type": "array",
         "value": [ {
            "type": "string",
            "value": "{\"status\":0,\"value\":{\"element-6066-11e4-a52e-4f735466cecf\":0}}"
         }, {
            "type": "node",
            "value": {
               "attributes": {
                  "class": "score m-t-md m-b-n-sm",
                  "data-v-1a647406": ""
               },
               "backendNodeId": 53,
               "childNodeCount": 1,
               "loaderId": "5017C2A040EE4D9953D9F7C6D2E8BB92",
               "localName": "p",
               "namespaceURI": "http://www.w3.org/1999/xhtml",
               "nodeType": 1,
               "shadowRoot": null
            }
         } ]
      },
      "description": "Array(2)",
      "objectId": "1667652473473659487.1.150",
      "subtype": "array",
      "type": "object"
   }
}
[1766136399.643][DEBUG]: DevTools WebSocket Command: Runtime.releaseObjectGroup (id=542) (session_id=0AAA18818893BB4F6B34C271151FCEB6) 5DE497F544D78911CBD1B96C7216F4D3 {
   "objectGroup": "b466306a-4350-4a11-8a33-3cedc907095f"
}
[1766136399.644][INFO]: Waiting for pending navigations...
[1766136399.644][DEBUG]: DevTools WebSocket Command: Runtime.evaluate (id=543) (session_id=0AAA18818893BB4F6B34C271151FCEB6) 5DE497F544D78911CBD1B96C7216F4D3 {
   "expression": "1"
}
[1766136399.644][DEBUG]: DevTools WebSocket Response: Runtime.releaseObjectGroup (id=542) (session_id=0AAA18818893BB4F6B34C271151FCEB6) 5DE497F544D78911CBD1B96C7216F4D3 {
}
[1766136399.644][DEBUG]: DevTools WebSocket Response: Runtime.evaluate (id=543) (session_id=0AAA18818893BB4F6B34C271151FCEB6) 5DE497F544D78911CBD1B96C7216F4D3 {
   "result": {
      "description": "1",
      "type": "number",
      "value": 1
   }
}
[1766136399.644][INFO]: Done waiting for pending navigations. Status: ok
[1766136399.644][INFO]: [8cac16ba8b44337f2ba68d6c6e00a2d1] RESPONSE FindChildElement {
   "element-6066-11e4-a52e-4f735466cecf": "f.5DE497F544D78911CBD1B96C7216F4D3.d.5017C2A040EE4D9953D9F7C6D2E8BB92.e.53"
}
[1766136399.645][INFO]: [8cac16ba8b44337f2ba68d6c6e00a2d1] COMMAND GetElementText {
   "id": "f.5DE497F544D78911CBD1B96C7216F4D3.d.5017C2A040EE4D9953D9F7C6D2E8BB92.e.53"
}
[1766136399.645][INFO]: Waiting for pending navigations...
[1766136399.645][DEBUG]: DevTools WebSocket Command: Runtime.evaluate (id=544) (session_id=0AAA18818893BB4F6B34C271151FCEB6) 5DE497F544D78911CBD1B96C7216F4D3 {
   "expression": "1"
}
[1766136399.645][DEBUG]: DevTools WebSocket Response: Runtime.evaluate (id=544) (session_id=0AAA18818893BB4F6B34C271151FCEB6) 5DE497F544D78911CBD1B96C7216F4D3 {
   "result": {
      "description": "1",
      "type": "number",
      "value": 1
   }
}
[1766136399.645][INFO]: Done waiting for pending navigations. Status: ok
[1766136399.645][DEBUG]: DevTools WebSocket Command: Page.getFrameTree (id=545) (session_id=0AAA18818893BB4F6B34C271151FCEB6) 5DE497F544D78911CBD1B96C7216F4D3 {
}
[1766136399.645][DEBUG]: DevTools WebSocket Response: Page.getFrameTree (id=545) (session_id=0AAA18818893BB4F6B34C271151FCEB6) 5DE497F544D78911CBD1B96C7216F4D3 {
   "frameTree": {
      "frame": {
         "adFrameStatus": {
            "adFrameType": "none"
         },
         "crossOriginIsolatedContextType": "NotIsolated",
         "domainAndRegistry": "scrape.center",
         "gatedAPIFeatures": [  ],
         "id": "5DE497F544D78911CBD1B96C7216F4D3",
         "loaderId": "5017C2A040EE4D9953D9F7C6D2E8BB92",
         "mimeType": "text/html",
         "secureContextType": "Secure",
         "securityOrigin": "https://spa1.scrape.center",
         "securityOriginDetails": {
            "isLocalhost": false
         },
         "url": "https://spa1.scrape.center/"
      }
   }
}
[1766136399.646][DEBUG]: DevTools WebSocket Command: DOM.resolveNode (id=546) (session_id=0AAA18818893BB4F6B34C271151FCEB6) 5DE497F544D78911CBD1B96C7216F4D3 {
   "backendNodeId": 53,
   "objectGroup": "13ee9cb8-5ea9-4c6a-98c9-cd65dc2090b5"
}
[1766136399.646][DEBUG]: DevTools WebSocket Response: DOM.resolveNode (id=546) (session_id=0AAA18818893BB4F6B34C271151FCEB6) 5DE497F544D78911CBD1B96C7216F4D3 {
   "object": {
      "className": "HTMLParagraphElement",
      "description": "p.score.m-t-md.m-b-n-sm",
      "objectId": "1667652473473659487.1.151",
      "subtype": "node",
      "type": "object"
   }
}
[1766136399.646][DEBUG]: DevTools WebSocket Command: Page.getFrameTree (id=547) (session_id=0AAA18818893BB4F6B34C271151FCEB6) 5DE497F544D78911CBD1B96C7216F4D3 {
}
[1766136399.646][DEBUG]: DevTools WebSocket Response: Page.getFrameTree (id=547) (session_id=0AAA18818893BB4F6B34C271151FCEB6) 5DE497F544D78911CBD1B96C7216F4D3 {
   "frameTree": {
      "frame": {
         "adFrameStatus": {
            "adFrameType": "none"
         },
         "crossOriginIsolatedContextType": "NotIsolated",
         "domainAndRegistry": "scrape.center",
         "gatedAPIFeatures": [  ],
         "id": "5DE497F544D78911CBD1B96C7216F4D3",
         "loaderId": "5017C2A040EE4D9953D9F7C6D2E8BB92",
         "mimeType": "text/html",
         "secureContextType": "Secure",
         "securityOrigin": "https://spa1.scrape.center",
         "securityOriginDetails": {
            "isLocalhost": false
         },
         "url": "https://spa1.scrape.center/"
      }
   }
}
[1766136399.648][DEBUG]: DevTools WebSocket Command: Runtime.callFunctionOn (id=548) (session_id=0AAA18818893BB4F6B34C271151FCEB6) 5DE497F544D78911CBD1B96C7216F4D3 {
   "arguments": [ {
      "objectId": "1667652473473659487.1.151"
   } ],
   "awaitPromise": true,
   "functionDeclaration": "function(){ return (function() { // Copyright 2012 The Chromium Authors\n// Use of this source code is governed by a BSD-style license that can be\n// found in the LICENSE file.\n\n/**\n * Enum for WebD...",
   "objectGroup": "13ee9cb8-5ea9-4c6a-98c9-cd65dc2090b5",
   "serializationOptions": {
      "serialization": "deep"
   },
   "uniqueContextId": "-88754438306678378.-5366136884038128798"
}
[1766136399.655][DEBUG]: DevTools WebSocket Response: Runtime.callFunctionOn (id=548) (session_id=0AAA18818893BB4F6B34C271151FCEB6) 5DE497F544D78911CBD1B96C7216F4D3 {
   "result": {
      "className": "Array",
      "deepSerializedValue": {
         "type": "array",
         "value": [ {
            "type": "string",
            "value": "{\"status\":0,\"value\":\"9.5\"}"
         } ]
      },
      "description": "Array(1)",
      "objectId": "1667652473473659487.1.152",
      "subtype": "array",
      "type": "object"
   }
}
[1766136399.655][DEBUG]: DevTools WebSocket Command: Runtime.releaseObjectGroup (id=549) (session_id=0AAA18818893BB4F6B34C271151FCEB6) 5DE497F544D78911CBD1B96C7216F4D3 {
   "objectGroup": "13ee9cb8-5ea9-4c6a-98c9-cd65dc2090b5"
}
[1766136399.655][INFO]: Waiting for pending navigations...
[1766136399.655][DEBUG]: DevTools WebSocket Command: Runtime.evaluate (id=550) (session_id=0AAA18818893BB4F6B34C271151FCEB6) 5DE497F544D78911CBD1B96C7216F4D3 {
   "expression": "1"
}
[1766136399.655][DEBUG]: DevTools WebSocket Response: Runtime.releaseObjectGroup (id=549) (session_id=0AAA18818893BB4F6B34C271151FCEB6) 5DE497F544D78911CBD1B96C7216F4D3 {
}
[1766136399.655][DEBUG]: DevTools WebSocket Response: Runtime.evaluate (id=550) (session_id=0AAA18818893BB4F6B34C271151FCEB6) 5DE497F544D78911CBD1B96C7216F4D3 {
   "result": {
      "description": "1",
      "type": "number",
      "value": 1
   }
}
[1766136399.655][INFO]: Done waiting for pending navigations. Status: ok
[1766136399.656][INFO]: [8cac16ba8b44337f2ba68d6c6e00a2d1] RESPONSE GetElementText "9.5"
[1766136399.657][INFO]: [8cac16ba8b44337f2ba68d6c6e00a2d1] COMMAND FindChildElement {
   "id": "f.5DE497F544D78911CBD1B96C7216F4D3.d.5017C2A040EE4D9953D9F7C6D2E8BB92.e.16",
   "using": "css selector",
   "value": ".m-b-sm"
}
[1766136399.657][INFO]: Waiting for pending navigations...
[1766136399.657][DEBUG]: DevTools WebSocket Command: Runtime.evaluate (id=551) (session_id=0AAA18818893BB4F6B34C271151FCEB6) 5DE497F544D78911CBD1B96C7216F4D3 {
   "expression": "1"
}
[1766136399.657][DEBUG]: DevTools WebSocket Response: Runtime.evaluate (id=551) (session_id=0AAA18818893BB4F6B34C271151FCEB6) 5DE497F544D78911CBD1B96C7216F4D3 {
   "result": {
      "description": "1",
      "type": "number",
      "value": 1
   }
}
[1766136399.657][INFO]: Done waiting for pending navigations. Status: ok
[1766136399.657][DEBUG]: DevTools WebSocket Command: Page.getFrameTree (id=552) (session_id=0AAA18818893BB4F6B34C271151FCEB6) 5DE497F544D78911CBD1B96C7216F4D3 {
}
[1766136399.657][DEBUG]: DevTools WebSocket Response: Page.getFrameTree (id=552) (session_id=0AAA18818893BB4F6B34C271151FCEB6) 5DE497F544D78911CBD1B96C7216F4D3 {
   "frameTree": {
      "frame": {
         "adFrameStatus": {
            "adFrameType": "none"
         },
         "crossOriginIsolatedContextType": "NotIsolated",
         "domainAndRegistry": "scrape.center",
         "gatedAPIFeatures": [  ],
         "id": "5DE497F544D78911CBD1B96C7216F4D3",
         "loaderId": "5017C2A040EE4D9953D9F7C6D2E8BB92",
         "mimeType": "text/html",
         "secureContextType": "Secure",
         "securityOrigin": "https://spa1.scrape.center",
         "securityOriginDetails": {
            "isLocalhost": false
         },
         "url": "https://spa1.scrape.center/"
      }
   }
}
[1766136399.657][DEBUG]: DevTools WebSocket Command: DOM.resolveNode (id=553) (session_id=0AAA18818893BB4F6B34C271151FCEB6) 5DE497F544D78911CBD1B96C7216F4D3 {
   "backendNodeId": 16,
   "objectGroup": "a7c431d8-1487-4609-b065-761c1a38a694"
}
[1766136399.658][DEBUG]: DevTools WebSocket Response: DOM.resolveNode (id=553) (session_id=0AAA18818893BB4F6B34C271151FCEB6) 5DE497F544D78911CBD1B96C7216F4D3 {
   "object": {
      "className": "HTMLDivElement",
      "description": "div.el-card__body",
      "objectId": "1667652473473659487.1.153",
      "subtype": "node",
      "type": "object"
   }
}
[1766136399.658][DEBUG]: DevTools WebSocket Command: Page.getFrameTree (id=554) (session_id=0AAA18818893BB4F6B34C271151FCEB6) 5DE497F544D78911CBD1B96C7216F4D3 {
}
[1766136399.658][DEBUG]: DevTools WebSocket Response: Page.getFrameTree (id=554) (session_id=0AAA18818893BB4F6B34C271151FCEB6) 5DE497F544D78911CBD1B96C7216F4D3 {
   "frameTree": {
      "frame": {
         "adFrameStatus": {
            "adFrameType": "none"
         },
         "crossOriginIsolatedContextType": "NotIsolated",
         "domainAndRegistry": "scrape.center",
         "gatedAPIFeatures": [  ],
         "id": "5DE497F544D78911CBD1B96C7216F4D3",
         "loaderId": "5017C2A040EE4D9953D9F7C6D2E8BB92",
         "mimeType": "text/html",
         "secureContextType": "Secure",
         "securityOrigin": "https://spa1.scrape.center",
         "securityOriginDetails": {
            "isLocalhost": false
         },
         "url": "https://spa1.scrape.center/"
      }
   }
}
[1766136399.659][DEBUG]: DevTools WebSocket Command: Runtime.callFunctionOn (id=555) (session_id=0AAA18818893BB4F6B34C271151FCEB6) 5DE497F544D78911CBD1B96C7216F4D3 {
   "arguments": [ {
      "objectId": "1667652473473659487.1.153"
   } ],
   "awaitPromise": true,
   "functionDeclaration": "function(){ return (function() { // Copyright 2012 The Chromium Authors\n// Use of this source code is governed by a BSD-style license that can be\n// found in the LICENSE file.\n\n/**\n * Enum for WebD...",
   "objectGroup": "a7c431d8-1487-4609-b065-761c1a38a694",
   "serializationOptions": {
      "serialization": "deep"
   },
   "uniqueContextId": "-88754438306678378.-5366136884038128798"
}
[1766136399.661][DEBUG]: DevTools WebSocket Response: Runtime.callFunctionOn (id=555) (session_id=0AAA18818893BB4F6B34C271151FCEB6) 5DE497F544D78911CBD1B96C7216F4D3 {
   "result": {
      "className": "Array",
      "deepSerializedValue": {
         "type": "array",
         "value": [ {
            "type": "string",
            "value": "{\"status\":0,\"value\":{\"element-6066-11e4-a52e-4f735466cecf\":0}}"
         }, {
            "type": "node",
            "value": {
               "attributes": {
                  "class": "m-b-sm",
                  "data-v-1a647406": ""
               },
               "backendNodeId": 54,
               "childNodeCount": 1,
               "loaderId": "5017C2A040EE4D9953D9F7C6D2E8BB92",
               "localName": "h2",
               "namespaceURI": "http://www.w3.org/1999/xhtml",
               "nodeType": 1,
               "shadowRoot": null
            }
         } ]
      },
      "description": "Array(2)",
      "objectId": "1667652473473659487.1.154",
      "subtype": "array",
      "type": "object"
   }
}
[1766136399.661][DEBUG]: DevTools WebSocket Command: Runtime.releaseObjectGroup (id=556) (session_id=0AAA18818893BB4F6B34C271151FCEB6) 5DE497F544D78911CBD1B96C7216F4D3 {
   "objectGroup": "a7c431d8-1487-4609-b065-761c1a38a694"
}
[1766136399.661][INFO]: Waiting for pending navigations...
[1766136399.661][DEBUG]: DevTools WebSocket Command: Runtime.evaluate (id=557) (session_id=0AAA18818893BB4F6B34C271151FCEB6) 5DE497F544D78911CBD1B96C7216F4D3 {
   "expression": "1"
}
[1766136399.662][DEBUG]: DevTools WebSocket Response: Runtime.releaseObjectGroup (id=556) (session_id=0AAA18818893BB4F6B34C271151FCEB6) 5DE497F544D78911CBD1B96C7216F4D3 {
}
[1766136399.662][DEBUG]: DevTools WebSocket Response: Runtime.evaluate (id=557) (session_id=0AAA18818893BB4F6B34C271151FCEB6) 5DE497F544D78911CBD1B96C7216F4D3 {
   "result": {
      "description": "1",
      "type": "number",
      "value": 1
   }
}
[1766136399.662][INFO]: Done waiting for pending navigations. Status: ok
[1766136399.662][INFO]: [8cac16ba8b44337f2ba68d6c6e00a2d1] RESPONSE FindChildElement {
   "element-6066-11e4-a52e-4f735466cecf": "f.5DE497F544D78911CBD1B96C7216F4D3.d.5017C2A040EE4D9953D9F7C6D2E8BB92.e.54"
}
[1766136399.662][INFO]: [8cac16ba8b44337f2ba68d6c6e00a2d1] COMMAND GetElementText {
   "id": "f.5DE497F544D78911CBD1B96C7216F4D3.d.5017C2A040EE4D9953D9F7C6D2E8BB92.e.54"
}
[1766136399.662][INFO]: Waiting for pending navigations...
[1766136399.663][DEBUG]: DevTools WebSocket Command: Runtime.evaluate (id=558) (session_id=0AAA18818893BB4F6B34C271151FCEB6) 5DE497F544D78911CBD1B96C7216F4D3 {
   "expression": "1"
}
[1766136399.663][DEBUG]: DevTools WebSocket Response: Runtime.evaluate (id=558) (session_id=0AAA18818893BB4F6B34C271151FCEB6) 5DE497F544D78911CBD1B96C7216F4D3 {
   "result": {
      "description": "1",
      "type": "number",
      "value": 1
   }
}
[1766136399.663][INFO]: Done waiting for pending navigations. Status: ok
[1766136399.663][DEBUG]: DevTools WebSocket Command: Page.getFrameTree (id=559) (session_id=0AAA18818893BB4F6B34C271151FCEB6) 5DE497F544D78911CBD1B96C7216F4D3 {
}
[1766136399.663][DEBUG]: DevTools WebSocket Response: Page.getFrameTree (id=559) (session_id=0AAA18818893BB4F6B34C271151FCEB6) 5DE497F544D78911CBD1B96C7216F4D3 {
   "frameTree": {
      "frame": {
         "adFrameStatus": {
            "adFrameType": "none"
         },
         "crossOriginIsolatedContextType": "NotIsolated",
         "domainAndRegistry": "scrape.center",
         "gatedAPIFeatures": [  ],
         "id": "5DE497F544D78911CBD1B96C7216F4D3",
         "loaderId": "5017C2A040EE4D9953D9F7C6D2E8BB92",
         "mimeType": "text/html",
         "secureContextType": "Secure",
         "securityOrigin": "https://spa1.scrape.center",
         "securityOriginDetails": {
            "isLocalhost": false
         },
         "url": "https://spa1.scrape.center/"
      }
   }
}
[1766136399.663][DEBUG]: DevTools WebSocket Command: DOM.resolveNode (id=560) (session_id=0AAA18818893BB4F6B34C271151FCEB6) 5DE497F544D78911CBD1B96C7216F4D3 {
   "backendNodeId": 54,
   "objectGroup": "9f57a436-3fa8-4da5-ba15-bc43a71c968b"
}
[1766136399.664][DEBUG]: DevTools WebSocket Response: DOM.resolveNode (id=560) (session_id=0AAA18818893BB4F6B34C271151FCEB6) 5DE497F544D78911CBD1B96C7216F4D3 {
   "object": {
      "className": "HTMLHeadingElement",
      "description": "h2.m-b-sm",
      "objectId": "1667652473473659487.1.155",
      "subtype": "node",
      "type": "object"
   }
}
[1766136399.664][DEBUG]: DevTools WebSocket Command: Page.getFrameTree (id=561) (session_id=0AAA18818893BB4F6B34C271151FCEB6) 5DE497F544D78911CBD1B96C7216F4D3 {
}
[1766136399.664][DEBUG]: DevTools WebSocket Response: Page.getFrameTree (id=561) (session_id=0AAA18818893BB4F6B34C271151FCEB6) 5DE497F544D78911CBD1B96C7216F4D3 {
   "frameTree": {
      "frame": {
         "adFrameStatus": {
            "adFrameType": "none"
         },
         "crossOriginIsolatedContextType": "NotIsolated",
         "domainAndRegistry": "scrape.center",
         "gatedAPIFeatures": [  ],
         "id": "5DE497F544D78911CBD1B96C7216F4D3",
         "loaderId": "5017C2A040EE4D9953D9F7C6D2E8BB92",
         "mimeType": "text/html",
         "secureContextType": "Secure",
         "securityOrigin": "https://spa1.scrape.center",
         "securityOriginDetails": {
            "isLocalhost": false
         },
         "url": "https://spa1.scrape.center/"
      }
   }
}
[1766136399.665][DEBUG]: DevTools WebSocket Command: Runtime.callFunctionOn (id=562) (session_id=0AAA18818893BB4F6B34C271151FCEB6) 5DE497F544D78911CBD1B96C7216F4D3 {
   "arguments": [ {
      "objectId": "1667652473473659487.1.155"
   } ],
   "awaitPromise": true,
   "functionDeclaration": "function(){ return (function() { // Copyright 2012 The Chromium Authors\n// Use of this source code is governed by a BSD-style license that can be\n// found in the LICENSE file.\n\n/**\n * Enum for WebD...",
   "objectGroup": "9f57a436-3fa8-4da5-ba15-bc43a71c968b",
   "serializationOptions": {
      "serialization": "deep"
   },
   "uniqueContextId": "-88754438306678378.-5366136884038128798"
}
[1766136399.667][DEBUG]: DevTools WebSocket Response: Runtime.callFunctionOn (id=562) (session_id=0AAA18818893BB4F6B34C271151FCEB6) 5DE497F544D78911CBD1B96C7216F4D3 {
   "result": {
      "className": "Array",
      "deepSerializedValue": {
         "type": "array",
         "value": [ {
            "type": "string",
            "value": "{\"status\":0,\"value\":\"喜剧之王 - The King of Comedy\"}"
         } ]
      },
      "description": "Array(1)",
      "objectId": "1667652473473659487.1.156",
      "subtype": "array",
      "type": "object"
   }
}
[1766136399.668][DEBUG]: DevTools WebSocket Command: Runtime.releaseObjectGroup (id=563) (session_id=0AAA18818893BB4F6B34C271151FCEB6) 5DE497F544D78911CBD1B96C7216F4D3 {
   "objectGroup": "9f57a436-3fa8-4da5-ba15-bc43a71c968b"
}
[1766136399.668][INFO]: Waiting for pending navigations...
[1766136399.668][DEBUG]: DevTools WebSocket Command: Runtime.evaluate (id=564) (session_id=0AAA18818893BB4F6B34C271151FCEB6) 5DE497F544D78911CBD1B96C7216F4D3 {
   "expression": "1"
}
[1766136399.668][DEBUG]: DevTools WebSocket Response: Runtime.releaseObjectGroup (id=563) (session_id=0AAA18818893BB4F6B34C271151FCEB6) 5DE497F544D78911CBD1B96C7216F4D3 {
}
[1766136399.668][DEBUG]: DevTools WebSocket Response: Runtime.evaluate (id=564) (session_id=0AAA18818893BB4F6B34C271151FCEB6) 5DE497F544D78911CBD1B96C7216F4D3 {
   "result": {
      "description": "1",
      "type": "number",
      "value": 1
   }
}
[1766136399.668][INFO]: Done waiting for pending navigations. Status: ok
[1766136399.668][INFO]: [8cac16ba8b44337f2ba68d6c6e00a2d1] RESPONSE GetElementText "喜剧之王 - The King of Comedy"
[1766136399.669][INFO]: [8cac16ba8b44337f2ba68d6c6e00a2d1] COMMAND FindChildElement {
   "id": "f.5DE497F544D78911CBD1B96C7216F4D3.d.5017C2A040EE4D9953D9F7C6D2E8BB92.e.16",
   "using": "css selector",
   "value": "a[href*='/detail/']"
}
[1766136399.669][INFO]: Waiting for pending navigations...
[1766136399.669][DEBUG]: DevTools WebSocket Command: Runtime.evaluate (id=565) (session_id=0AAA18818893BB4F6B34C271151FCEB6) 5DE497F544D78911CBD1B96C7216F4D3 {
   "expression": "1"
}
[1766136399.669][DEBUG]: DevTools WebSocket Response: Runtime.evaluate (id=565) (session_id=0AAA18818893BB4F6B34C271151FCEB6) 5DE497F544D78911CBD1B96C7216F4D3 {
   "result": {
      "description": "1",
      "type": "number",
      "value": 1
   }
}
[1766136399.669][INFO]: Done waiting for pending navigations. Status: ok
[1766136399.669][DEBUG]: DevTools WebSocket Command: Page.getFrameTree (id=566) (session_id=0AAA18818893BB4F6B34C271151FCEB6) 5DE497F544D78911CBD1B96C7216F4D3 {
}
[1766136399.670][DEBUG]: DevTools WebSocket Response: Page.getFrameTree (id=566) (session_id=0AAA18818893BB4F6B34C271151FCEB6) 5DE497F544D78911CBD1B96C7216F4D3 {
   "frameTree": {
      "frame": {
         "adFrameStatus": {
            "adFrameType": "none"
         },
         "crossOriginIsolatedContextType": "NotIsolated",
         "domainAndRegistry": "scrape.center",
         "gatedAPIFeatures": [  ],
         "id": "5DE497F544D78911CBD1B96C7216F4D3",
         "loaderId": "5017C2A040EE4D9953D9F7C6D2E8BB92",
         "mimeType": "text/html",
         "secureContextType": "Secure",
         "securityOrigin": "https://spa1.scrape.center",
         "securityOriginDetails": {
            "isLocalhost": false
         },
         "url": "https://spa1.scrape.center/"
      }
   }
}
[1766136399.670][DEBUG]: DevTools WebSocket Command: DOM.resolveNode (id=567) (session_id=0AAA18818893BB4F6B34C271151FCEB6) 5DE497F544D78911CBD1B96C7216F4D3 {
   "backendNodeId": 16,
   "objectGroup": "0756d786-3644-4751-9aa8-882ee1124568"
}
[1766136399.670][DEBUG]: DevTools WebSocket Response: DOM.resolveNode (id=567) (session_id=0AAA18818893BB4F6B34C271151FCEB6) 5DE497F544D78911CBD1B96C7216F4D3 {
   "object": {
      "className": "HTMLDivElement",
      "description": "div.el-card__body",
      "objectId": "1667652473473659487.1.157",
      "subtype": "node",
      "type": "object"
   }
}
[1766136399.670][DEBUG]: DevTools WebSocket Command: Page.getFrameTree (id=568) (session_id=0AAA18818893BB4F6B34C271151FCEB6) 5DE497F544D78911CBD1B96C7216F4D3 {
}
[1766136399.671][DEBUG]: DevTools WebSocket Response: Page.getFrameTree (id=568) (session_id=0AAA18818893BB4F6B34C271151FCEB6) 5DE497F544D78911CBD1B96C7216F4D3 {
   "frameTree": {
      "frame": {
         "adFrameStatus": {
            "adFrameType": "none"
         },
         "crossOriginIsolatedContextType": "NotIsolated",
         "domainAndRegistry": "scrape.center",
         "gatedAPIFeatures": [  ],
         "id": "5DE497F544D78911CBD1B96C7216F4D3",
         "loaderId": "5017C2A040EE4D9953D9F7C6D2E8BB92",
         "mimeType": "text/html",
         "secureContextType": "Secure",
         "securityOrigin": "https://spa1.scrape.center",
         "securityOriginDetails": {
            "isLocalhost": false
         },
         "url": "https://spa1.scrape.center/"
      }
   }
}
[1766136399.672][DEBUG]: DevTools WebSocket Command: Runtime.callFunctionOn (id=569) (session_id=0AAA18818893BB4F6B34C271151FCEB6) 5DE497F544D78911CBD1B96C7216F4D3 {
   "arguments": [ {
      "objectId": "1667652473473659487.1.157"
   } ],
   "awaitPromise": true,
   "functionDeclaration": "function(){ return (function() { // Copyright 2012 The Chromium Authors\n// Use of this source code is governed by a BSD-style license that can be\n// found in the LICENSE file.\n\n/**\n * Enum for WebD...",
   "objectGroup": "0756d786-3644-4751-9aa8-882ee1124568",
   "serializationOptions": {
      "serialization": "deep"
   },
   "uniqueContextId": "-88754438306678378.-5366136884038128798"
}
[1766136399.674][DEBUG]: DevTools WebSocket Response: Runtime.callFunctionOn (id=569) (session_id=0AAA18818893BB4F6B34C271151FCEB6) 5DE497F544D78911CBD1B96C7216F4D3 {
   "result": {
      "className": "Array",
      "deepSerializedValue": {
         "type": "array",
         "value": [ {
            "type": "string",
            "value": "{\"status\":0,\"value\":{\"element-6066-11e4-a52e-4f735466cecf\":0}}"
         }, {
            "type": "node",
            "value": {
               "attributes": {
                  "class": "",
                  "data-v-1a647406": "",
                  "href": "/detail/8"
               },
               "backendNodeId": 55,
               "childNodeCount": 1,
               "loaderId": "5017C2A040EE4D9953D9F7C6D2E8BB92",
               "localName": "a",
               "namespaceURI": "http://www.w3.org/1999/xhtml",
               "nodeType": 1,
               "shadowRoot": null
            }
         } ]
      },
      "description": "Array(2)",
      "objectId": "1667652473473659487.1.158",
      "subtype": "array",
      "type": "object"
   }
}
[1766136399.674][DEBUG]: DevTools WebSocket Command: Runtime.releaseObjectGroup (id=570) (session_id=0AAA18818893BB4F6B34C271151FCEB6) 5DE497F544D78911CBD1B96C7216F4D3 {
   "objectGroup": "0756d786-3644-4751-9aa8-882ee1124568"
}
[1766136399.674][INFO]: Waiting for pending navigations...
[1766136399.674][DEBUG]: DevTools WebSocket Command: Runtime.evaluate (id=571) (session_id=0AAA18818893BB4F6B34C271151FCEB6) 5DE497F544D78911CBD1B96C7216F4D3 {
   "expression": "1"
}
[1766136399.674][DEBUG]: DevTools WebSocket Response: Runtime.releaseObjectGroup (id=570) (session_id=0AAA18818893BB4F6B34C271151FCEB6) 5DE497F544D78911CBD1B96C7216F4D3 {
}
[1766136399.675][DEBUG]: DevTools WebSocket Response: Runtime.evaluate (id=571) (session_id=0AAA18818893BB4F6B34C271151FCEB6) 5DE497F544D78911CBD1B96C7216F4D3 {
   "result": {
      "description": "1",
      "type": "number",
      "value": 1
   }
}
[1766136399.675][INFO]: Done waiting for pending navigations. Status: ok
[1766136399.675][INFO]: [8cac16ba8b44337f2ba68d6c6e00a2d1] RESPONSE FindChildElement {
   "element-6066-11e4-a52e-4f735466cecf": "f.5DE497F544D78911CBD1B96C7216F4D3.d.5017C2A040EE4D9953D9F7C6D2E8BB92.e.55"
}
[1766136399.675][INFO]: [8cac16ba8b44337f2ba68d6c6e00a2d1] COMMAND ExecuteScript {
   "args": [ {
      "element-6066-11e4-a52e-4f735466cecf": "f.5DE497F544D78911CBD1B96C7216F4D3.d.5017C2A040EE4D9953D9F7C6D2E8BB92.e.55"
   }, "href" ],
   "script": "/* getAttribute */return (function(){return (function(){var d=this||self;function f(a,b){function c(){}c.prototype=b.prototype;a.prototype=new c;a.prototype.constructor=a};var h=Array.prototype.indexOf?function(a,b){return Array.prototype.indexOf.call(a,b,void 0)}:function(a,b){if(\"string\"===typeof a)return\"string\"!==typeof b||1!=b.length?-1:a.indexOf(b,0);for(var c=0;c\u003Ca.length;c++)if(c in a&&a[c]===b)return c;return-1},k=Array.prototype.forEach?function(a,b){Array.prototype.forEach.call(a,b,void 0)}:function(a,b){for(var c=a.length,e=\"string\"===typeof a?a.split(\"\"):a,g=0;g\u003Cc;g++)g in e&&b.call(void 0,e[g],g,a)};function l(a,b){this.code=a;this.a=m[a]||n;this.message=b||\"\";a=this.a.replace(/((?:^|\\s+)[a-z])/g,function(c){return c.toUpperCase().replace(/^[\\s\\xa0]+/g,\"\")});b=a.length-5;if(0>b||a.indexOf(\"Error\",b)!=b)a+=\"Error\";this.name=a;a=Error(this.message);a.name=this.name;this.stack=a.stack||\"\"}f(l,Error);var n=\"unknown error\",m={15:\"element not selectable\",11:\"element not visible\"};m[31]=n;m[30]=n;m[24]=\"invalid cookie domain\";m[29]=\"invalid element coordinates\";m[12]=\"invalid element state\";m[32]=\"invalid selector\";\nm[51]=\"invalid selector\";m[52]=\"invalid selector\";m[17]=\"javascript error\";m[405]=\"unsupported operation\";m[34]=\"move target out of bounds\";m[27]=\"no such alert\";m[7]=\"no such element\";m[8]=\"no such frame\";m[23]=\"no such window\";m[28]=\"script timeout\";m[33]=\"session not created\";m[10]=\"stale element reference\";m[21]=\"timeout\";m[25]=\"unable to set cookie\";m[26]=\"unexpected alert open\";m[13]=n;m[9]=\"unknown command\";var p;a:{var q=d.navigator;if(q){var r=q.userAgent;if(r){p=r;break a}}p=\"\"}function t(a){return-1!=p.indexOf(a)};function u(){return t(\"Firefox\")||t(\"FxiOS\")}function v(){return(t(\"Chrome\")||t(\"CriOS\"))&&!t(\"Edge\")};function w(){return t(\"iPhone\")&&!t(\"iPod\")&&!t(\"iPad\")};var y=t(\"Opera\"),z=t(\"Trident\")||t(\"MSIE\"),A=t(\"Edge\"),B=t(\"Gecko\")&&!(-1!=p.toLowerCase().indexOf(\"webkit\")&&!t(\"Edge\"))&&!(t(\"Trident\")||t(\"MSIE\"))&&!t(\"Edge\"),C=-1!=p.toLowerCase().indexOf(\"webkit\")&&!t(\"Edge\");function D(){var a=d.document;return a?a.documentMode:void 0}var E;\na:{var F=\"\",G=function(){var a=p;if(B)return/rv:([^\\);]+)(\\)|;)/.exec(a);if(A)return/Edge\\/([\\d\\.]+)/.exec(a);if(z)return/\\b(?:MSIE|rv)[: ]([^\\);]+)(\\)|;)/.exec(a);if(C)return/WebKit\\/(\\S+)/.exec(a);if(y)return/(?:Version)[ \\/]?(\\S+)/.exec(a)}();G&&(F=G?G[1]:\"\");if(z){var H=D();if(null!=H&&H>parseFloat(F)){E=String(H);break a}}E=F}var I;I=d.document&&z?D():void 0;var J=u(),K=w()||t(\"iPod\"),L=t(\"iPad\"),M=t(\"Android\")&&!(v()||u()||t(\"Opera\")||t(\"Silk\")),N=v(),aa=t(\"Safari\")&&!(v()||t(\"Coast\")||t(\"Opera\")||t(\"Edge\")||t(\"Edg/\")||t(\"OPR\")||u()||t(\"Silk\")||t(\"Android\"))&&!(w()||t(\"iPad\")||t(\"iPod\"));function O(a){return(a=a.exec(p))?a[1]:\"\"}(function(){if(J)return O(/Firefox\\/([0-9.]+)/);if(z||A||y)return E;if(N)return w()||t(\"iPad\")||t(\"iPod\")?O(/CriOS\\/([0-9.]+)/):O(/Chrome\\/([0-9.]+)/);if(aa&&!(w()||t(\"iPad\")||t(\"iPod\")))return O(/Version\\/([0-9.]+)/);if(K||L){var a=/Version\\/(\\S+).*Mobile\\/(\\S+)/.exec(p);if(a)return a[1]+\".\"+a[2]}else if(M)return(a=O(/Android\\s+([0-9.]+)/))?a:O(/Version\\/([0-9.]+)/);return\"\"})();var P=z&&!(8\u003C=Number(I)),ba=z&&!(9\u003C=Number(I));var ca={SCRIPT:1,STYLE:1,HEAD:1,IFRAME:1,OBJECT:1},Q={IMG:\" \",BR:\"\\n\"};function R(a,b,c){if(!(a.nodeName in ca))if(3==a.nodeType)c?b.push(String(a.nodeValue).replace(/(\\r\\n|\\r|\\n)/g,\"\")):b.push(a.nodeValue);else if(a.nodeName in Q)b.push(Q[a.nodeName]);else for(a=a.firstChild;a;)R(a,b,c),a=a.nextSibling};function S(a,b){b=b.toLowerCase();return\"style\"==b?da(a.style.cssText):P&&\"value\"==b&&T(a,\"INPUT\")?a.value:ba&&!0===a[b]?String(a.getAttribute(b)):(a=a.getAttributeNode(b))&&a.specified?a.value:null}var ea=/[;]+(?=(?:(?:[^\"]*\"){2})*[^\"]*$)(?=(?:(?:[^']*'){2})*[^']*$)(?=(?:[^()]*\\([^()]*\\))*[^()]*$)/;\nfunction da(a){var b=[];k(a.split(ea),function(c){var e=c.indexOf(\":\");0\u003Ce&&(c=[c.slice(0,e),c.slice(e+1)],2==c.length&&b.push(c[0].toLowerCase(),\":\",c[1],\";\"))});b=b.join(\"\");return b=\";\"==b.charAt(b.length-1)?b:b+\";\"}function U(a,b){P&&\"value\"==b&&T(a,\"OPTION\")&&null===S(a,\"value\")?(b=[],R(a,b,!1),a=b.join(\"\")):a=a[b];return a}\nfunction T(a,b){b&&\"string\"!==typeof b&&(b=b.toString());return a instanceof HTMLFormElement?!!a&&1==a.nodeType&&(!b||\"FORM\"==b):!!a&&1==a.nodeType&&(!b||a.tagName.toUpperCase()==b)}function V(a){return T(a,\"OPTION\")?!0:T(a,\"INPUT\")?(a=a.type.toLowerCase(),\"checkbox\"==a||\"radio\"==a):!1};var fa={\"class\":\"className\",readonly:\"readOnly\"},ha=\"allowfullscreen allowpaymentrequest allowusermedia async autofocus autoplay checked compact complete controls declare default defaultchecked defaultselected defer disabled ended formnovalidate hidden indeterminate iscontenteditable ismap itemscope loop multiple muted nohref nomodule noresize noshade novalidate nowrap open paused playsinline pubdate readonly required reversed scoped seamless seeking selected truespeed typemustmatch willvalidate\".split(\" \");function W(a,b){var c=null,e=b.toLowerCase();if(\"style\"==e)return(c=a.style)&&\"string\"!=typeof c&&(c=c.cssText),c;if((\"selected\"==e||\"checked\"==e)&&V(a)){if(!V(a))throw new l(15,\"Element is not selectable\");b=\"selected\";c=a.type&&a.type.toLowerCase();if(\"checkbox\"==c||\"radio\"==c)b=\"checked\";return U(a,b)?\"true\":null}var g=T(a,\"A\");if(T(a,\"IMG\")&&\"src\"==e||g&&\"href\"==e)return(c=S(a,e))&&(c=U(a,e)),c;if(\"spellcheck\"==e){c=S(a,e);if(null!==c){if(\"false\"==c.toLowerCase())return\"false\";if(\"true\"==c.toLowerCase())return\"true\"}return U(a,\ne)+\"\"}g=fa[b]||b;if(0\u003C=h(ha,e))return(c=null!==S(a,b)||U(a,g))?\"true\":null;try{var x=U(a,g)}catch(ia){}(e=null==x)||(e=typeof x,e=\"object\"==e&&null!=x||\"function\"==e);e?c=S(a,b):c=x;return null!=c?c.toString():null}var X=[\"se_exportedFunctionSymbol\"],Y=d;X[0]in Y||\"undefined\"==typeof Y.execScript||Y.execScript(\"var \"+X[0]);for(var Z;X.length&&(Z=X.shift());)X.length||void 0===W?Y[Z]&&Y[Z]!==Object.prototype[Z]?Y=Y[Z]:Y=Y[Z]={}:Y[Z]=W;; return this.se_exportedFunctionSymbol.apply(null,arguments);}).apply(window, arguments);}\n).apply(null, arguments);"
}
[1766136399.675][INFO]: Waiting for pending navigations...
[1766136399.676][DEBUG]: DevTools WebSocket Command: Runtime.evaluate (id=572) (session_id=0AAA18818893BB4F6B34C271151FCEB6) 5DE497F544D78911CBD1B96C7216F4D3 {
   "expression": "1"
}
[1766136399.676][DEBUG]: DevTools WebSocket Response: Runtime.evaluate (id=572) (session_id=0AAA18818893BB4F6B34C271151FCEB6) 5DE497F544D78911CBD1B96C7216F4D3 {
   "result": {
      "description": "1",
      "type": "number",
      "value": 1
   }
}
[1766136399.676][INFO]: Done waiting for pending navigations. Status: ok
[1766136399.676][DEBUG]: DevTools WebSocket Command: Page.getFrameTree (id=573) (session_id=0AAA18818893BB4F6B34C271151FCEB6) 5DE497F544D78911CBD1B96C7216F4D3 {
}
[1766136399.676][DEBUG]: DevTools WebSocket Response: Page.getFrameTree (id=573) (session_id=0AAA18818893BB4F6B34C271151FCEB6) 5DE497F544D78911CBD1B96C7216F4D3 {
   "frameTree": {
      "frame": {
         "adFrameStatus": {
            "adFrameType": "none"
         },
         "crossOriginIsolatedContextType": "NotIsolated",
         "domainAndRegistry": "scrape.center",
         "gatedAPIFeatures": [  ],
         "id": "5DE497F544D78911CBD1B96C7216F4D3",
         "loaderId": "5017C2A040EE4D9953D9F7C6D2E8BB92",
         "mimeType": "text/html",
         "secureContextType": "Secure",
         "securityOrigin": "https://spa1.scrape.center",
         "securityOriginDetails": {
            "isLocalhost": false
         },
         "url": "https://spa1.scrape.center/"
      }
   }
}
[1766136399.676][DEBUG]: DevTools WebSocket Command: DOM.resolveNode (id=574) (session_id=0AAA18818893BB4F6B34C271151FCEB6) 5DE497F544D78911CBD1B96C7216F4D3 {
   "backendNodeId": 55,
   "objectGroup": "8b85e846-04fa-406c-a7ac-8af95539c2b5"
}
[1766136399.676][DEBUG]: DevTools WebSocket Response: DOM.resolveNode (id=574) (session_id=0AAA18818893BB4F6B34C271151FCEB6) 5DE497F544D78911CBD1B96C7216F4D3 {
   "object": {
      "className": "HTMLAnchorElement",
      "description": "a",
      "objectId": "1667652473473659487.1.159",
      "subtype": "node",
      "type": "object"
   }
}
[1766136399.676][DEBUG]: DevTools WebSocket Command: Page.getFrameTree (id=575) (session_id=0AAA18818893BB4F6B34C271151FCEB6) 5DE497F544D78911CBD1B96C7216F4D3 {
}
[1766136399.677][DEBUG]: DevTools WebSocket Response: Page.getFrameTree (id=575) (session_id=0AAA18818893BB4F6B34C271151FCEB6) 5DE497F544D78911CBD1B96C7216F4D3 {
   "frameTree": {
      "frame": {
         "adFrameStatus": {
            "adFrameType": "none"
         },
         "crossOriginIsolatedContextType": "NotIsolated",
         "domainAndRegistry": "scrape.center",
         "gatedAPIFeatures": [  ],
         "id": "5DE497F544D78911CBD1B96C7216F4D3",
         "loaderId": "5017C2A040EE4D9953D9F7C6D2E8BB92",
         "mimeType": "text/html",
         "secureContextType": "Secure",
         "securityOrigin": "https://spa1.scrape.center",
         "securityOriginDetails": {
            "isLocalhost": false
         },
         "url": "https://spa1.scrape.center/"
      }
   }
}
[1766136399.677][DEBUG]: DevTools WebSocket Command: Runtime.callFunctionOn (id=576) (session_id=0AAA18818893BB4F6B34C271151FCEB6) 5DE497F544D78911CBD1B96C7216F4D3 {
   "arguments": [ {
      "objectId": "1667652473473659487.1.159"
   } ],
   "awaitPromise": true,
   "functionDeclaration": "function(){ return (function() { // Copyright 2012 The Chromium Authors\n// Use of this source code is governed by a BSD-style license that can be\n// found in the LICENSE file.\n\n/**\n * Enum for WebD...",
   "objectGroup": "8b85e846-04fa-406c-a7ac-8af95539c2b5",
   "serializationOptions": {
      "serialization": "deep"
   },
   "uniqueContextId": "-88754438306678378.-5366136884038128798"
}
[1766136399.678][DEBUG]: DevTools WebSocket Response: Runtime.callFunctionOn (id=576) (session_id=0AAA18818893BB4F6B34C271151FCEB6) 5DE497F544D78911CBD1B96C7216F4D3 {
   "result": {
      "className": "Array",
      "deepSerializedValue": {
         "type": "array",
         "value": [ {
            "type": "string",
            "value": "{\"status\":0,\"value\":\"https://spa1.scrape.center/detail/8\"}"
         } ]
      },
      "description": "Array(1)",
      "objectId": "1667652473473659487.1.160",
      "subtype": "array",
      "type": "object"
   }
}
[1766136399.678][DEBUG]: DevTools WebSocket Command: Runtime.releaseObjectGroup (id=577) (session_id=0AAA18818893BB4F6B34C271151FCEB6) 5DE497F544D78911CBD1B96C7216F4D3 {
   "objectGroup": "8b85e846-04fa-406c-a7ac-8af95539c2b5"
}
[1766136399.678][INFO]: Waiting for pending navigations...
[1766136399.679][DEBUG]: DevTools WebSocket Command: Runtime.evaluate (id=578) (session_id=0AAA18818893BB4F6B34C271151FCEB6) 5DE497F544D78911CBD1B96C7216F4D3 {
   "expression": "1"
}
[1766136399.679][DEBUG]: DevTools WebSocket Response: Runtime.releaseObjectGroup (id=577) (session_id=0AAA18818893BB4F6B34C271151FCEB6) 5DE497F544D78911CBD1B96C7216F4D3 {
}
[1766136399.679][DEBUG]: DevTools WebSocket Response: Runtime.evaluate (id=578) (session_id=0AAA18818893BB4F6B34C271151FCEB6) 5DE497F544D78911CBD1B96C7216F4D3 {
   "result": {
      "description": "1",
      "type": "number",
      "value": 1
   }
}
[1766136399.679][INFO]: Done waiting for pending navigations. Status: ok
[1766136399.679][INFO]: [8cac16ba8b44337f2ba68d6c6e00a2d1] RESPONSE ExecuteScript "https://spa1.scrape.center/detail/8"
[1766136399.680][INFO]: [8cac16ba8b44337f2ba68d6c6e00a2d1] COMMAND FindChildElements {
   "id": "f.5DE497F544D78911CBD1B96C7216F4D3.d.5017C2A040EE4D9953D9F7C6D2E8BB92.e.16",
   "using": "css selector",
   "value": ".m-v-sm"
}
[1766136399.680][INFO]: Waiting for pending navigations...
[1766136399.680][DEBUG]: DevTools WebSocket Command: Runtime.evaluate (id=579) (session_id=0AAA18818893BB4F6B34C271151FCEB6) 5DE497F544D78911CBD1B96C7216F4D3 {
   "expression": "1"
}
[1766136399.680][DEBUG]: DevTools WebSocket Response: Runtime.evaluate (id=579) (session_id=0AAA18818893BB4F6B34C271151FCEB6) 5DE497F544D78911CBD1B96C7216F4D3 {
   "result": {
      "description": "1",
      "type": "number",
      "value": 1
   }
}
[1766136399.680][INFO]: Done waiting for pending navigations. Status: ok
[1766136399.680][DEBUG]: DevTools WebSocket Command: Page.getFrameTree (id=580) (session_id=0AAA18818893BB4F6B34C271151FCEB6) 5DE497F544D78911CBD1B96C7216F4D3 {
}
[1766136399.681][DEBUG]: DevTools WebSocket Response: Page.getFrameTree (id=580) (session_id=0AAA18818893BB4F6B34C271151FCEB6) 5DE497F544D78911CBD1B96C7216F4D3 {
   "frameTree": {
      "frame": {
         "adFrameStatus": {
            "adFrameType": "none"
         },
         "crossOriginIsolatedContextType": "NotIsolated",
         "domainAndRegistry": "scrape.center",
         "gatedAPIFeatures": [  ],
         "id": "5DE497F544D78911CBD1B96C7216F4D3",
         "loaderId": "5017C2A040EE4D9953D9F7C6D2E8BB92",
         "mimeType": "text/html",
         "secureContextType": "Secure",
         "securityOrigin": "https://spa1.scrape.center",
         "securityOriginDetails": {
            "isLocalhost": false
         },
         "url": "https://spa1.scrape.center/"
      }
   }
}
[1766136399.681][DEBUG]: DevTools WebSocket Command: DOM.resolveNode (id=581) (session_id=0AAA18818893BB4F6B34C271151FCEB6) 5DE497F544D78911CBD1B96C7216F4D3 {
   "backendNodeId": 16,
   "objectGroup": "ab97ec61-d7a7-4cd4-af3b-a88e90dc87fd"
}
[1766136399.681][DEBUG]: DevTools WebSocket Response: DOM.resolveNode (id=581) (session_id=0AAA18818893BB4F6B34C271151FCEB6) 5DE497F544D78911CBD1B96C7216F4D3 {
   "object": {
      "className": "HTMLDivElement",
      "description": "div.el-card__body",
      "objectId": "1667652473473659487.1.161",
      "subtype": "node",
      "type": "object"
   }
}
[1766136399.681][DEBUG]: DevTools WebSocket Command: Page.getFrameTree (id=582) (session_id=0AAA18818893BB4F6B34C271151FCEB6) 5DE497F544D78911CBD1B96C7216F4D3 {
}
[1766136399.681][DEBUG]: DevTools WebSocket Response: Page.getFrameTree (id=582) (session_id=0AAA18818893BB4F6B34C271151FCEB6) 5DE497F544D78911CBD1B96C7216F4D3 {
   "frameTree": {
      "frame": {
         "adFrameStatus": {
            "adFrameType": "none"
         },
         "crossOriginIsolatedContextType": "NotIsolated",
         "domainAndRegistry": "scrape.center",
         "gatedAPIFeatures": [  ],
         "id": "5DE497F544D78911CBD1B96C7216F4D3",
         "loaderId": "5017C2A040EE4D9953D9F7C6D2E8BB92",
         "mimeType": "text/html",
         "secureContextType": "Secure",
         "securityOrigin": "https://spa1.scrape.center",
         "securityOriginDetails": {
            "isLocalhost": false
         },
         "url": "https://spa1.scrape.center/"
      }
   }
}
[1766136399.683][DEBUG]: DevTools WebSocket Command: Runtime.callFunctionOn (id=583) (session_id=0AAA18818893BB4F6B34C271151FCEB6) 5DE497F544D78911CBD1B96C7216F4D3 {
   "arguments": [ {
      "objectId": "1667652473473659487.1.161"
   } ],
   "awaitPromise": true,
   "functionDeclaration": "function(){ return (function() { // Copyright 2012 The Chromium Authors\n// Use of this source code is governed by a BSD-style license that can be\n// found in the LICENSE file.\n\n/**\n * Enum for WebD...",
   "objectGroup": "ab97ec61-d7a7-4cd4-af3b-a88e90dc87fd",
   "serializationOptions": {
      "serialization": "deep"
   },
   "uniqueContextId": "-88754438306678378.-5366136884038128798"
}
[1766136399.685][DEBUG]: DevTools WebSocket Response: Runtime.callFunctionOn (id=583) (session_id=0AAA18818893BB4F6B34C271151FCEB6) 5DE497F544D78911CBD1B96C7216F4D3 {
   "result": {
      "className": "Array",
      "deepSerializedValue": {
         "type": "array",
         "value": [ {
            "type": "string",
            "value": "{\"status\":0,\"value\":[{\"element-6066-11e4-a52e-4f735466cecf\":0},{\"element-6066-11e4-a52e-4f735466cecf\":1}]}"
         }, {
            "type": "node",
            "value": {
               "attributes": {
                  "class": "m-v-sm info",
                  "data-v-1a647406": ""
               },
               "backendNodeId": 56,
               "childNodeCount": 3,
               "loaderId": "5017C2A040EE4D9953D9F7C6D2E8BB92",
               "localName": "div",
               "namespaceURI": "http://www.w3.org/1999/xhtml",
               "nodeType": 1,
               "shadowRoot": null
            }
         }, {
            "type": "node",
            "value": {
               "attributes": {
                  "class": "m-v-sm info",
                  "data-v-1a647406": ""
               },
               "backendNodeId": 57,
               "childNodeCount": 1,
               "loaderId": "5017C2A040EE4D9953D9F7C6D2E8BB92",
               "localName": "div",
               "namespaceURI": "http://www.w3.org/1999/xhtml",
               "nodeType": 1,
               "shadowRoot": null
            }
         } ]
      },
      "description": "Array(3)",
      "objectId": "1667652473473659487.1.162",
      "subtype": "array",
      "type": "object"
   }
}
[1766136399.685][DEBUG]: DevTools WebSocket Command: Runtime.releaseObjectGroup (id=584) (session_id=0AAA18818893BB4F6B34C271151FCEB6) 5DE497F544D78911CBD1B96C7216F4D3 {
   "objectGroup": "ab97ec61-d7a7-4cd4-af3b-a88e90dc87fd"
}
[1766136399.685][INFO]: Waiting for pending navigations...
[1766136399.685][DEBUG]: DevTools WebSocket Command: Runtime.evaluate (id=585) (session_id=0AAA18818893BB4F6B34C271151FCEB6) 5DE497F544D78911CBD1B96C7216F4D3 {
   "expression": "1"
}
[1766136399.685][DEBUG]: DevTools WebSocket Response: Runtime.releaseObjectGroup (id=584) (session_id=0AAA18818893BB4F6B34C271151FCEB6) 5DE497F544D78911CBD1B96C7216F4D3 {
}
[1766136399.685][DEBUG]: DevTools WebSocket Response: Runtime.evaluate (id=585) (session_id=0AAA18818893BB4F6B34C271151FCEB6) 5DE497F544D78911CBD1B96C7216F4D3 {
   "result": {
      "description": "1",
      "type": "number",
      "value": 1
   }
}
[1766136399.685][INFO]: Done waiting for pending navigations. Status: ok
[1766136399.685][INFO]: [8cac16ba8b44337f2ba68d6c6e00a2d1] RESPONSE FindChildElements [ {
   "element-6066-11e4-a52e-4f735466cecf": "f.5DE497F544D78911CBD1B96C7216F4D3.d.5017C2A040EE4D9953D9F7C6D2E8BB92.e.56"
}, {
   "element-6066-11e4-a52e-4f735466cecf": "f.5DE497F544D78911CBD1B96C7216F4D3.d.5017C2A040EE4D9953D9F7C6D2E8BB92.e.57"
} ]
[1766136399.686][INFO]: [8cac16ba8b44337f2ba68d6c6e00a2d1] COMMAND GetElementText {
   "id": "f.5DE497F544D78911CBD1B96C7216F4D3.d.5017C2A040EE4D9953D9F7C6D2E8BB92.e.56"
}
[1766136399.686][INFO]: Waiting for pending navigations...
[1766136399.686][DEBUG]: DevTools WebSocket Command: Runtime.evaluate (id=586) (session_id=0AAA18818893BB4F6B34C271151FCEB6) 5DE497F544D78911CBD1B96C7216F4D3 {
   "expression": "1"
}
[1766136399.686][DEBUG]: DevTools WebSocket Response: Runtime.evaluate (id=586) (session_id=0AAA18818893BB4F6B34C271151FCEB6) 5DE497F544D78911CBD1B96C7216F4D3 {
   "result": {
      "description": "1",
      "type": "number",
      "value": 1
   }
}
[1766136399.686][INFO]: Done waiting for pending navigations. Status: ok
[1766136399.687][DEBUG]: DevTools WebSocket Command: Page.getFrameTree (id=587) (session_id=0AAA18818893BB4F6B34C271151FCEB6) 5DE497F544D78911CBD1B96C7216F4D3 {
}
[1766136399.687][DEBUG]: DevTools WebSocket Response: Page.getFrameTree (id=587) (session_id=0AAA18818893BB4F6B34C271151FCEB6) 5DE497F544D78911CBD1B96C7216F4D3 {
   "frameTree": {
      "frame": {
         "adFrameStatus": {
            "adFrameType": "none"
         },
         "crossOriginIsolatedContextType": "NotIsolated",
         "domainAndRegistry": "scrape.center",
         "gatedAPIFeatures": [  ],
         "id": "5DE497F544D78911CBD1B96C7216F4D3",
         "loaderId": "5017C2A040EE4D9953D9F7C6D2E8BB92",
         "mimeType": "text/html",
         "secureContextType": "Secure",
         "securityOrigin": "https://spa1.scrape.center",
         "securityOriginDetails": {
            "isLocalhost": false
         },
         "url": "https://spa1.scrape.center/"
      }
   }
}
[1766136399.687][DEBUG]: DevTools WebSocket Command: DOM.resolveNode (id=588) (session_id=0AAA18818893BB4F6B34C271151FCEB6) 5DE497F544D78911CBD1B96C7216F4D3 {
   "backendNodeId": 56,
   "objectGroup": "517e8545-fe9b-454a-9f1b-37c504ad4ed6"
}
[1766136399.687][DEBUG]: DevTools WebSocket Response: DOM.resolveNode (id=588) (session_id=0AAA18818893BB4F6B34C271151FCEB6) 5DE497F544D78911CBD1B96C7216F4D3 {
   "object": {
      "className": "HTMLDivElement",
      "description": "div.m-v-sm.info",
      "objectId": "1667652473473659487.1.163",
      "subtype": "node",
      "type": "object"
   }
}
[1766136399.687][DEBUG]: DevTools WebSocket Command: Page.getFrameTree (id=589) (session_id=0AAA18818893BB4F6B34C271151FCEB6) 5DE497F544D78911CBD1B96C7216F4D3 {
}
[1766136399.688][DEBUG]: DevTools WebSocket Response: Page.getFrameTree (id=589) (session_id=0AAA18818893BB4F6B34C271151FCEB6) 5DE497F544D78911CBD1B96C7216F4D3 {
   "frameTree": {
      "frame": {
         "adFrameStatus": {
            "adFrameType": "none"
         },
         "crossOriginIsolatedContextType": "NotIsolated",
         "domainAndRegistry": "scrape.center",
         "gatedAPIFeatures": [  ],
         "id": "5DE497F544D78911CBD1B96C7216F4D3",
         "loaderId": "5017C2A040EE4D9953D9F7C6D2E8BB92",
         "mimeType": "text/html",
         "secureContextType": "Secure",
         "securityOrigin": "https://spa1.scrape.center",
         "securityOriginDetails": {
            "isLocalhost": false
         },
         "url": "https://spa1.scrape.center/"
      }
   }
}
[1766136399.689][DEBUG]: DevTools WebSocket Command: Runtime.callFunctionOn (id=590) (session_id=0AAA18818893BB4F6B34C271151FCEB6) 5DE497F544D78911CBD1B96C7216F4D3 {
   "arguments": [ {
      "objectId": "1667652473473659487.1.163"
   } ],
   "awaitPromise": true,
   "functionDeclaration": "function(){ return (function() { // Copyright 2012 The Chromium Authors\n// Use of this source code is governed by a BSD-style license that can be\n// found in the LICENSE file.\n\n/**\n * Enum for WebD...",
   "objectGroup": "517e8545-fe9b-454a-9f1b-37c504ad4ed6",
   "serializationOptions": {
      "serialization": "deep"
   },
   "uniqueContextId": "-88754438306678378.-5366136884038128798"
}
[1766136399.692][DEBUG]: DevTools WebSocket Response: Runtime.callFunctionOn (id=590) (session_id=0AAA18818893BB4F6B34C271151FCEB6) 5DE497F544D78911CBD1B96C7216F4D3 {
   "result": {
      "className": "Array",
      "deepSerializedValue": {
         "type": "array",
         "value": [ {
            "type": "string",
            "value": "{\"status\":0,\"value\":\"中国香港 / 85 分钟\"}"
         } ]
      },
      "description": "Array(1)",
      "objectId": "1667652473473659487.1.164",
      "subtype": "array",
      "type": "object"
   }
}
[1766136399.692][DEBUG]: DevTools WebSocket Command: Runtime.releaseObjectGroup (id=591) (session_id=0AAA18818893BB4F6B34C271151FCEB6) 5DE497F544D78911CBD1B96C7216F4D3 {
   "objectGroup": "517e8545-fe9b-454a-9f1b-37c504ad4ed6"
}
[1766136399.692][INFO]: Waiting for pending navigations...
[1766136399.692][DEBUG]: DevTools WebSocket Command: Runtime.evaluate (id=592) (session_id=0AAA18818893BB4F6B34C271151FCEB6) 5DE497F544D78911CBD1B96C7216F4D3 {
   "expression": "1"
}
[1766136399.692][DEBUG]: DevTools WebSocket Response: Runtime.releaseObjectGroup (id=591) (session_id=0AAA18818893BB4F6B34C271151FCEB6) 5DE497F544D78911CBD1B96C7216F4D3 {
}
[1766136399.692][DEBUG]: DevTools WebSocket Response: Runtime.evaluate (id=592) (session_id=0AAA18818893BB4F6B34C271151FCEB6) 5DE497F544D78911CBD1B96C7216F4D3 {
   "result": {
      "description": "1",
      "type": "number",
      "value": 1
   }
}
[1766136399.692][INFO]: Done waiting for pending navigations. Status: ok
[1766136399.692][INFO]: [8cac16ba8b44337f2ba68d6c6e00a2d1] RESPONSE GetElementText "中国香港 / 85 分钟"
[1766136399.693][INFO]: [8cac16ba8b44337f2ba68d6c6e00a2d1] COMMAND FindChildElements {
   "id": "f.5DE497F544D78911CBD1B96C7216F4D3.d.5017C2A040EE4D9953D9F7C6D2E8BB92.e.16",
   "using": "css selector",
   "value": ".m-v-sm"
}
[1766136399.693][INFO]: Waiting for pending navigations...
[1766136399.693][DEBUG]: DevTools WebSocket Command: Runtime.evaluate (id=593) (session_id=0AAA18818893BB4F6B34C271151FCEB6) 5DE497F544D78911CBD1B96C7216F4D3 {
   "expression": "1"
}
[1766136399.694][DEBUG]: DevTools WebSocket Response: Runtime.evaluate (id=593) (session_id=0AAA18818893BB4F6B34C271151FCEB6) 5DE497F544D78911CBD1B96C7216F4D3 {
   "result": {
      "description": "1",
      "type": "number",
      "value": 1
   }
}
[1766136399.694][INFO]: Done waiting for pending navigations. Status: ok
[1766136399.694][DEBUG]: DevTools WebSocket Command: Page.getFrameTree (id=594) (session_id=0AAA18818893BB4F6B34C271151FCEB6) 5DE497F544D78911CBD1B96C7216F4D3 {
}
[1766136399.694][DEBUG]: DevTools WebSocket Response: Page.getFrameTree (id=594) (session_id=0AAA18818893BB4F6B34C271151FCEB6) 5DE497F544D78911CBD1B96C7216F4D3 {
   "frameTree": {
      "frame": {
         "adFrameStatus": {
            "adFrameType": "none"
         },
         "crossOriginIsolatedContextType": "NotIsolated",
         "domainAndRegistry": "scrape.center",
         "gatedAPIFeatures": [  ],
         "id": "5DE497F544D78911CBD1B96C7216F4D3",
         "loaderId": "5017C2A040EE4D9953D9F7C6D2E8BB92",
         "mimeType": "text/html",
         "secureContextType": "Secure",
         "securityOrigin": "https://spa1.scrape.center",
         "securityOriginDetails": {
            "isLocalhost": false
         },
         "url": "https://spa1.scrape.center/"
      }
   }
}
[1766136399.694][DEBUG]: DevTools WebSocket Command: DOM.resolveNode (id=595) (session_id=0AAA18818893BB4F6B34C271151FCEB6) 5DE497F544D78911CBD1B96C7216F4D3 {
   "backendNodeId": 16,
   "objectGroup": "4f76043c-42c1-4723-9cd4-7aa289a04094"
}
[1766136399.694][DEBUG]: DevTools WebSocket Response: DOM.resolveNode (id=595) (session_id=0AAA18818893BB4F6B34C271151FCEB6) 5DE497F544D78911CBD1B96C7216F4D3 {
   "object": {
      "className": "HTMLDivElement",
      "description": "div.el-card__body",
      "objectId": "1667652473473659487.1.165",
      "subtype": "node",
      "type": "object"
   }
}
[1766136399.694][DEBUG]: DevTools WebSocket Command: Page.getFrameTree (id=596) (session_id=0AAA18818893BB4F6B34C271151FCEB6) 5DE497F544D78911CBD1B96C7216F4D3 {
}
[1766136399.695][DEBUG]: DevTools WebSocket Response: Page.getFrameTree (id=596) (session_id=0AAA18818893BB4F6B34C271151FCEB6) 5DE497F544D78911CBD1B96C7216F4D3 {
   "frameTree": {
      "frame": {
         "adFrameStatus": {
            "adFrameType": "none"
         },
         "crossOriginIsolatedContextType": "NotIsolated",
         "domainAndRegistry": "scrape.center",
         "gatedAPIFeatures": [  ],
         "id": "5DE497F544D78911CBD1B96C7216F4D3",
         "loaderId": "5017C2A040EE4D9953D9F7C6D2E8BB92",
         "mimeType": "text/html",
         "secureContextType": "Secure",
         "securityOrigin": "https://spa1.scrape.center",
         "securityOriginDetails": {
            "isLocalhost": false
         },
         "url": "https://spa1.scrape.center/"
      }
   }
}
[1766136399.696][DEBUG]: DevTools WebSocket Command: Runtime.callFunctionOn (id=597) (session_id=0AAA18818893BB4F6B34C271151FCEB6) 5DE497F544D78911CBD1B96C7216F4D3 {
   "arguments": [ {
      "objectId": "1667652473473659487.1.165"
   } ],
   "awaitPromise": true,
   "functionDeclaration": "function(){ return (function() { // Copyright 2012 The Chromium Authors\n// Use of this source code is governed by a BSD-style license that can be\n// found in the LICENSE file.\n\n/**\n * Enum for WebD...",
   "objectGroup": "4f76043c-42c1-4723-9cd4-7aa289a04094",
   "serializationOptions": {
      "serialization": "deep"
   },
   "uniqueContextId": "-88754438306678378.-5366136884038128798"
}
[1766136399.698][DEBUG]: DevTools WebSocket Response: Runtime.callFunctionOn (id=597) (session_id=0AAA18818893BB4F6B34C271151FCEB6) 5DE497F544D78911CBD1B96C7216F4D3 {
   "result": {
      "className": "Array",
      "deepSerializedValue": {
         "type": "array",
         "value": [ {
            "type": "string",
            "value": "{\"status\":0,\"value\":[{\"element-6066-11e4-a52e-4f735466cecf\":0},{\"element-6066-11e4-a52e-4f735466cecf\":1}]}"
         }, {
            "type": "node",
            "value": {
               "attributes": {
                  "class": "m-v-sm info",
                  "data-v-1a647406": ""
               },
               "backendNodeId": 56,
               "childNodeCount": 3,
               "loaderId": "5017C2A040EE4D9953D9F7C6D2E8BB92",
               "localName": "div",
               "namespaceURI": "http://www.w3.org/1999/xhtml",
               "nodeType": 1,
               "shadowRoot": null
            }
         }, {
            "type": "node",
            "value": {
               "attributes": {
                  "class": "m-v-sm info",
                  "data-v-1a647406": ""
               },
               "backendNodeId": 57,
               "childNodeCount": 1,
               "loaderId": "5017C2A040EE4D9953D9F7C6D2E8BB92",
               "localName": "div",
               "namespaceURI": "http://www.w3.org/1999/xhtml",
               "nodeType": 1,
               "shadowRoot": null
            }
         } ]
      },
      "description": "Array(3)",
      "objectId": "1667652473473659487.1.166",
      "subtype": "array",
      "type": "object"
   }
}
[1766136399.698][DEBUG]: DevTools WebSocket Command: Runtime.releaseObjectGroup (id=598) (session_id=0AAA18818893BB4F6B34C271151FCEB6) 5DE497F544D78911CBD1B96C7216F4D3 {
   "objectGroup": "4f76043c-42c1-4723-9cd4-7aa289a04094"
}
[1766136399.698][INFO]: Waiting for pending navigations...
[1766136399.698][DEBUG]: DevTools WebSocket Command: Runtime.evaluate (id=599) (session_id=0AAA18818893BB4F6B34C271151FCEB6) 5DE497F544D78911CBD1B96C7216F4D3 {
   "expression": "1"
}
[1766136399.699][DEBUG]: DevTools WebSocket Response: Runtime.releaseObjectGroup (id=598) (session_id=0AAA18818893BB4F6B34C271151FCEB6) 5DE497F544D78911CBD1B96C7216F4D3 {
}
[1766136399.699][DEBUG]: DevTools WebSocket Response: Runtime.evaluate (id=599) (session_id=0AAA18818893BB4F6B34C271151FCEB6) 5DE497F544D78911CBD1B96C7216F4D3 {
   "result": {
      "description": "1",
      "type": "number",
      "value": 1
   }
}
[1766136399.699][INFO]: Done waiting for pending navigations. Status: ok
[1766136399.699][INFO]: [8cac16ba8b44337f2ba68d6c6e00a2d1] RESPONSE FindChildElements [ {
   "element-6066-11e4-a52e-4f735466cecf": "f.5DE497F544D78911CBD1B96C7216F4D3.d.5017C2A040EE4D9953D9F7C6D2E8BB92.e.56"
}, {
   "element-6066-11e4-a52e-4f735466cecf": "f.5DE497F544D78911CBD1B96C7216F4D3.d.5017C2A040EE4D9953D9F7C6D2E8BB92.e.57"
} ]
[1766136399.699][INFO]: [8cac16ba8b44337f2ba68d6c6e00a2d1] COMMAND GetElementText {
   "id": "f.5DE497F544D78911CBD1B96C7216F4D3.d.5017C2A040EE4D9953D9F7C6D2E8BB92.e.57"
}
[1766136399.699][INFO]: Waiting for pending navigations...
[1766136399.699][DEBUG]: DevTools WebSocket Command: Runtime.evaluate (id=600) (session_id=0AAA18818893BB4F6B34C271151FCEB6) 5DE497F544D78911CBD1B96C7216F4D3 {
   "expression": "1"
}
[1766136399.700][DEBUG]: DevTools WebSocket Response: Runtime.evaluate (id=600) (session_id=0AAA18818893BB4F6B34C271151FCEB6) 5DE497F544D78911CBD1B96C7216F4D3 {
   "result": {
      "description": "1",
      "type": "number",
      "value": 1
   }
}
[1766136399.700][INFO]: Done waiting for pending navigations. Status: ok
[1766136399.700][DEBUG]: DevTools WebSocket Command: Page.getFrameTree (id=601) (session_id=0AAA18818893BB4F6B34C271151FCEB6) 5DE497F544D78911CBD1B96C7216F4D3 {
}
[1766136399.700][DEBUG]: DevTools WebSocket Response: Page.getFrameTree (id=601) (session_id=0AAA18818893BB4F6B34C271151FCEB6) 5DE497F544D78911CBD1B96C7216F4D3 {
   "frameTree": {
      "frame": {
         "adFrameStatus": {
            "adFrameType": "none"
         },
         "crossOriginIsolatedContextType": "NotIsolated",
         "domainAndRegistry": "scrape.center",
         "gatedAPIFeatures": [  ],
         "id": "5DE497F544D78911CBD1B96C7216F4D3",
         "loaderId": "5017C2A040EE4D9953D9F7C6D2E8BB92",
         "mimeType": "text/html",
         "secureContextType": "Secure",
         "securityOrigin": "https://spa1.scrape.center",
         "securityOriginDetails": {
            "isLocalhost": false
         },
         "url": "https://spa1.scrape.center/"
      }
   }
}
[1766136399.700][DEBUG]: DevTools WebSocket Command: DOM.resolveNode (id=602) (session_id=0AAA18818893BB4F6B34C271151FCEB6) 5DE497F544D78911CBD1B96C7216F4D3 {
   "backendNodeId": 57,
   "objectGroup": "cd61c7b9-7f38-469c-89ad-419365a8ced8"
}
[1766136399.700][DEBUG]: DevTools WebSocket Response: DOM.resolveNode (id=602) (session_id=0AAA18818893BB4F6B34C271151FCEB6) 5DE497F544D78911CBD1B96C7216F4D3 {
   "object": {
      "className": "HTMLDivElement",
      "description": "div.m-v-sm.info",
      "objectId": "1667652473473659487.1.167",
      "subtype": "node",
      "type": "object"
   }
}
[1766136399.700][DEBUG]: DevTools WebSocket Command: Page.getFrameTree (id=603) (session_id=0AAA18818893BB4F6B34C271151FCEB6) 5DE497F544D78911CBD1B96C7216F4D3 {
}
[1766136399.701][DEBUG]: DevTools WebSocket Response: Page.getFrameTree (id=603) (session_id=0AAA18818893BB4F6B34C271151FCEB6) 5DE497F544D78911CBD1B96C7216F4D3 {
   "frameTree": {
      "frame": {
         "adFrameStatus": {
            "adFrameType": "none"
         },
         "crossOriginIsolatedContextType": "NotIsolated",
         "domainAndRegistry": "scrape.center",
         "gatedAPIFeatures": [  ],
         "id": "5DE497F544D78911CBD1B96C7216F4D3",
         "loaderId": "5017C2A040EE4D9953D9F7C6D2E8BB92",
         "mimeType": "text/html",
         "secureContextType": "Secure",
         "securityOrigin": "https://spa1.scrape.center",
         "securityOriginDetails": {
            "isLocalhost": false
         },
         "url": "https://spa1.scrape.center/"
      }
   }
}
[1766136399.702][DEBUG]: DevTools WebSocket Command: Runtime.callFunctionOn (id=604) (session_id=0AAA18818893BB4F6B34C271151FCEB6) 5DE497F544D78911CBD1B96C7216F4D3 {
   "arguments": [ {
      "objectId": "1667652473473659487.1.167"
   } ],
   "awaitPromise": true,
   "functionDeclaration": "function(){ return (function() { // Copyright 2012 The Chromium Authors\n// Use of this source code is governed by a BSD-style license that can be\n// found in the LICENSE file.\n\n/**\n * Enum for WebD...",
   "objectGroup": "cd61c7b9-7f38-469c-89ad-419365a8ced8",
   "serializationOptions": {
      "serialization": "deep"
   },
   "uniqueContextId": "-88754438306678378.-5366136884038128798"
}
[1766136399.704][DEBUG]: DevTools WebSocket Response: Runtime.callFunctionOn (id=604) (session_id=0AAA18818893BB4F6B34C271151FCEB6) 5DE497F544D78911CBD1B96C7216F4D3 {
   "result": {
      "className": "Array",
      "deepSerializedValue": {
         "type": "array",
         "value": [ {
            "type": "string",
            "value": "{\"status\":0,\"value\":\"1999-02-13 上映\"}"
         } ]
      },
      "description": "Array(1)",
      "objectId": "1667652473473659487.1.168",
      "subtype": "array",
      "type": "object"
   }
}
[1766136399.704][DEBUG]: DevTools WebSocket Command: Runtime.releaseObjectGroup (id=605) (session_id=0AAA18818893BB4F6B34C271151FCEB6) 5DE497F544D78911CBD1B96C7216F4D3 {
   "objectGroup": "cd61c7b9-7f38-469c-89ad-419365a8ced8"
}
[1766136399.704][INFO]: Waiting for pending navigations...
[1766136399.704][DEBUG]: DevTools WebSocket Command: Runtime.evaluate (id=606) (session_id=0AAA18818893BB4F6B34C271151FCEB6) 5DE497F544D78911CBD1B96C7216F4D3 {
   "expression": "1"
}
[1766136399.705][DEBUG]: DevTools WebSocket Response: Runtime.releaseObjectGroup (id=605) (session_id=0AAA18818893BB4F6B34C271151FCEB6) 5DE497F544D78911CBD1B96C7216F4D3 {
}
[1766136399.705][DEBUG]: DevTools WebSocket Response: Runtime.evaluate (id=606) (session_id=0AAA18818893BB4F6B34C271151FCEB6) 5DE497F544D78911CBD1B96C7216F4D3 {
   "result": {
      "description": "1",
      "type": "number",
      "value": 1
   }
}
[1766136399.705][INFO]: Done waiting for pending navigations. Status: ok
[1766136399.705][INFO]: [8cac16ba8b44337f2ba68d6c6e00a2d1] RESPONSE GetElementText "1999-02-13 上映"
[1766136399.705][INFO]: [8cac16ba8b44337f2ba68d6c6e00a2d1] COMMAND FindChildElement {
   "id": "f.5DE497F544D78911CBD1B96C7216F4D3.d.5017C2A040EE4D9953D9F7C6D2E8BB92.e.16",
   "using": "css selector",
   "value": ".score"
}
[1766136399.706][INFO]: Waiting for pending navigations...
[1766136399.706][DEBUG]: DevTools WebSocket Command: Runtime.evaluate (id=607) (session_id=0AAA18818893BB4F6B34C271151FCEB6) 5DE497F544D78911CBD1B96C7216F4D3 {
   "expression": "1"
}
[1766136399.706][DEBUG]: DevTools WebSocket Response: Runtime.evaluate (id=607) (session_id=0AAA18818893BB4F6B34C271151FCEB6) 5DE497F544D78911CBD1B96C7216F4D3 {
   "result": {
      "description": "1",
      "type": "number",
      "value": 1
   }
}
[1766136399.706][INFO]: Done waiting for pending navigations. Status: ok
[1766136399.706][DEBUG]: DevTools WebSocket Command: Page.getFrameTree (id=608) (session_id=0AAA18818893BB4F6B34C271151FCEB6) 5DE497F544D78911CBD1B96C7216F4D3 {
}
[1766136399.706][DEBUG]: DevTools WebSocket Response: Page.getFrameTree (id=608) (session_id=0AAA18818893BB4F6B34C271151FCEB6) 5DE497F544D78911CBD1B96C7216F4D3 {
   "frameTree": {
      "frame": {
         "adFrameStatus": {
            "adFrameType": "none"
         },
         "crossOriginIsolatedContextType": "NotIsolated",
         "domainAndRegistry": "scrape.center",
         "gatedAPIFeatures": [  ],
         "id": "5DE497F544D78911CBD1B96C7216F4D3",
         "loaderId": "5017C2A040EE4D9953D9F7C6D2E8BB92",
         "mimeType": "text/html",
         "secureContextType": "Secure",
         "securityOrigin": "https://spa1.scrape.center",
         "securityOriginDetails": {
            "isLocalhost": false
         },
         "url": "https://spa1.scrape.center/"
      }
   }
}
[1766136399.706][DEBUG]: DevTools WebSocket Command: DOM.resolveNode (id=609) (session_id=0AAA18818893BB4F6B34C271151FCEB6) 5DE497F544D78911CBD1B96C7216F4D3 {
   "backendNodeId": 16,
   "objectGroup": "31eb197d-b568-4460-ac58-6e878911f9d0"
}
[1766136399.706][DEBUG]: DevTools WebSocket Response: DOM.resolveNode (id=609) (session_id=0AAA18818893BB4F6B34C271151FCEB6) 5DE497F544D78911CBD1B96C7216F4D3 {
   "object": {
      "className": "HTMLDivElement",
      "description": "div.el-card__body",
      "objectId": "1667652473473659487.1.169",
      "subtype": "node",
      "type": "object"
   }
}
[1766136399.706][DEBUG]: DevTools WebSocket Command: Page.getFrameTree (id=610) (session_id=0AAA18818893BB4F6B34C271151FCEB6) 5DE497F544D78911CBD1B96C7216F4D3 {
}
[1766136399.707][DEBUG]: DevTools WebSocket Response: Page.getFrameTree (id=610) (session_id=0AAA18818893BB4F6B34C271151FCEB6) 5DE497F544D78911CBD1B96C7216F4D3 {
   "frameTree": {
      "frame": {
         "adFrameStatus": {
            "adFrameType": "none"
         },
         "crossOriginIsolatedContextType": "NotIsolated",
         "domainAndRegistry": "scrape.center",
         "gatedAPIFeatures": [  ],
         "id": "5DE497F544D78911CBD1B96C7216F4D3",
         "loaderId": "5017C2A040EE4D9953D9F7C6D2E8BB92",
         "mimeType": "text/html",
         "secureContextType": "Secure",
         "securityOrigin": "https://spa1.scrape.center",
         "securityOriginDetails": {
            "isLocalhost": false
         },
         "url": "https://spa1.scrape.center/"
      }
   }
}
[1766136399.707][DEBUG]: DevTools WebSocket Command: Runtime.callFunctionOn (id=611) (session_id=0AAA18818893BB4F6B34C271151FCEB6) 5DE497F544D78911CBD1B96C7216F4D3 {
   "arguments": [ {
      "objectId": "1667652473473659487.1.169"
   } ],
   "awaitPromise": true,
   "functionDeclaration": "function(){ return (function() { // Copyright 2012 The Chromium Authors\n// Use of this source code is governed by a BSD-style license that can be\n// found in the LICENSE file.\n\n/**\n * Enum for WebD...",
   "objectGroup": "31eb197d-b568-4460-ac58-6e878911f9d0",
   "serializationOptions": {
      "serialization": "deep"
   },
   "uniqueContextId": "-88754438306678378.-5366136884038128798"
}
[1766136399.709][DEBUG]: DevTools WebSocket Response: Runtime.callFunctionOn (id=611) (session_id=0AAA18818893BB4F6B34C271151FCEB6) 5DE497F544D78911CBD1B96C7216F4D3 {
   "result": {
      "className": "Array",
      "deepSerializedValue": {
         "type": "array",
         "value": [ {
            "type": "string",
            "value": "{\"status\":0,\"value\":{\"element-6066-11e4-a52e-4f735466cecf\":0}}"
         }, {
            "type": "node",
            "value": {
               "attributes": {
                  "class": "score m-t-md m-b-n-sm",
                  "data-v-1a647406": ""
               },
               "backendNodeId": 58,
               "childNodeCount": 1,
               "loaderId": "5017C2A040EE4D9953D9F7C6D2E8BB92",
               "localName": "p",
               "namespaceURI": "http://www.w3.org/1999/xhtml",
               "nodeType": 1,
               "shadowRoot": null
            }
         } ]
      },
      "description": "Array(2)",
      "objectId": "1667652473473659487.1.170",
      "subtype": "array",
      "type": "object"
   }
}
[1766136399.709][DEBUG]: DevTools WebSocket Command: Runtime.releaseObjectGroup (id=612) (session_id=0AAA18818893BB4F6B34C271151FCEB6) 5DE497F544D78911CBD1B96C7216F4D3 {
   "objectGroup": "31eb197d-b568-4460-ac58-6e878911f9d0"
}
[1766136399.709][INFO]: Waiting for pending navigations...
[1766136399.709][DEBUG]: DevTools WebSocket Command: Runtime.evaluate (id=613) (session_id=0AAA18818893BB4F6B34C271151FCEB6) 5DE497F544D78911CBD1B96C7216F4D3 {
   "expression": "1"
}
[1766136399.709][DEBUG]: DevTools WebSocket Response: Runtime.releaseObjectGroup (id=612) (session_id=0AAA18818893BB4F6B34C271151FCEB6) 5DE497F544D78911CBD1B96C7216F4D3 {
}
[1766136399.709][DEBUG]: DevTools WebSocket Response: Runtime.evaluate (id=613) (session_id=0AAA18818893BB4F6B34C271151FCEB6) 5DE497F544D78911CBD1B96C7216F4D3 {
   "result": {
      "description": "1",
      "type": "number",
      "value": 1
   }
}
[1766136399.709][INFO]: Done waiting for pending navigations. Status: ok
[1766136399.710][INFO]: [8cac16ba8b44337f2ba68d6c6e00a2d1] RESPONSE FindChildElement {
   "element-6066-11e4-a52e-4f735466cecf": "f.5DE497F544D78911CBD1B96C7216F4D3.d.5017C2A040EE4D9953D9F7C6D2E8BB92.e.58"
}
[1766136399.710][INFO]: [8cac16ba8b44337f2ba68d6c6e00a2d1] COMMAND GetElementText {
   "id": "f.5DE497F544D78911CBD1B96C7216F4D3.d.5017C2A040EE4D9953D9F7C6D2E8BB92.e.58"
}
[1766136399.710][INFO]: Waiting for pending navigations...
[1766136399.710][DEBUG]: DevTools WebSocket Command: Runtime.evaluate (id=614) (session_id=0AAA18818893BB4F6B34C271151FCEB6) 5DE497F544D78911CBD1B96C7216F4D3 {
   "expression": "1"
}
[1766136399.711][DEBUG]: DevTools WebSocket Response: Runtime.evaluate (id=614) (session_id=0AAA18818893BB4F6B34C271151FCEB6) 5DE497F544D78911CBD1B96C7216F4D3 {
   "result": {
      "description": "1",
      "type": "number",
      "value": 1
   }
}
[1766136399.711][INFO]: Done waiting for pending navigations. Status: ok
[1766136399.711][DEBUG]: DevTools WebSocket Command: Page.getFrameTree (id=615) (session_id=0AAA18818893BB4F6B34C271151FCEB6) 5DE497F544D78911CBD1B96C7216F4D3 {
}
[1766136399.711][DEBUG]: DevTools WebSocket Response: Page.getFrameTree (id=615) (session_id=0AAA18818893BB4F6B34C271151FCEB6) 5DE497F544D78911CBD1B96C7216F4D3 {
   "frameTree": {
      "frame": {
         "adFrameStatus": {
            "adFrameType": "none"
         },
         "crossOriginIsolatedContextType": "NotIsolated",
         "domainAndRegistry": "scrape.center",
         "gatedAPIFeatures": [  ],
         "id": "5DE497F544D78911CBD1B96C7216F4D3",
         "loaderId": "5017C2A040EE4D9953D9F7C6D2E8BB92",
         "mimeType": "text/html",
         "secureContextType": "Secure",
         "securityOrigin": "https://spa1.scrape.center",
         "securityOriginDetails": {
            "isLocalhost": false
         },
         "url": "https://spa1.scrape.center/"
      }
   }
}
[1766136399.711][DEBUG]: DevTools WebSocket Command: DOM.resolveNode (id=616) (session_id=0AAA18818893BB4F6B34C271151FCEB6) 5DE497F544D78911CBD1B96C7216F4D3 {
   "backendNodeId": 58,
   "objectGroup": "389655b5-86da-47bf-a259-cf75f108df1c"
}
[1766136399.711][DEBUG]: DevTools WebSocket Response: DOM.resolveNode (id=616) (session_id=0AAA18818893BB4F6B34C271151FCEB6) 5DE497F544D78911CBD1B96C7216F4D3 {
   "object": {
      "className": "HTMLParagraphElement",
      "description": "p.score.m-t-md.m-b-n-sm",
      "objectId": "1667652473473659487.1.171",
      "subtype": "node",
      "type": "object"
   }
}
[1766136399.712][DEBUG]: DevTools WebSocket Command: Page.getFrameTree (id=617) (session_id=0AAA18818893BB4F6B34C271151FCEB6) 5DE497F544D78911CBD1B96C7216F4D3 {
}
[1766136399.712][DEBUG]: DevTools WebSocket Response: Page.getFrameTree (id=617) (session_id=0AAA18818893BB4F6B34C271151FCEB6) 5DE497F544D78911CBD1B96C7216F4D3 {
   "frameTree": {
      "frame": {
         "adFrameStatus": {
            "adFrameType": "none"
         },
         "crossOriginIsolatedContextType": "NotIsolated",
         "domainAndRegistry": "scrape.center",
         "gatedAPIFeatures": [  ],
         "id": "5DE497F544D78911CBD1B96C7216F4D3",
         "loaderId": "5017C2A040EE4D9953D9F7C6D2E8BB92",
         "mimeType": "text/html",
         "secureContextType": "Secure",
         "securityOrigin": "https://spa1.scrape.center",
         "securityOriginDetails": {
            "isLocalhost": false
         },
         "url": "https://spa1.scrape.center/"
      }
   }
}
[1766136399.713][DEBUG]: DevTools WebSocket Command: Runtime.callFunctionOn (id=618) (session_id=0AAA18818893BB4F6B34C271151FCEB6) 5DE497F544D78911CBD1B96C7216F4D3 {
   "arguments": [ {
      "objectId": "1667652473473659487.1.171"
   } ],
   "awaitPromise": true,
   "functionDeclaration": "function(){ return (function() { // Copyright 2012 The Chromium Authors\n// Use of this source code is governed by a BSD-style license that can be\n// found in the LICENSE file.\n\n/**\n * Enum for WebD...",
   "objectGroup": "389655b5-86da-47bf-a259-cf75f108df1c",
   "serializationOptions": {
      "serialization": "deep"
   },
   "uniqueContextId": "-88754438306678378.-5366136884038128798"
}
[1766136399.715][DEBUG]: DevTools WebSocket Response: Runtime.callFunctionOn (id=618) (session_id=0AAA18818893BB4F6B34C271151FCEB6) 5DE497F544D78911CBD1B96C7216F4D3 {
   "result": {
      "className": "Array",
      "deepSerializedValue": {
         "type": "array",
         "value": [ {
            "type": "string",
            "value": "{\"status\":0,\"value\":\"9.5\"}"
         } ]
      },
      "description": "Array(1)",
      "objectId": "1667652473473659487.1.172",
      "subtype": "array",
      "type": "object"
   }
}
[1766136399.715][DEBUG]: DevTools WebSocket Command: Runtime.releaseObjectGroup (id=619) (session_id=0AAA18818893BB4F6B34C271151FCEB6) 5DE497F544D78911CBD1B96C7216F4D3 {
   "objectGroup": "389655b5-86da-47bf-a259-cf75f108df1c"
}
[1766136399.715][INFO]: Waiting for pending navigations...
[1766136399.715][DEBUG]: DevTools WebSocket Command: Runtime.evaluate (id=620) (session_id=0AAA18818893BB4F6B34C271151FCEB6) 5DE497F544D78911CBD1B96C7216F4D3 {
   "expression": "1"
}
[1766136399.715][DEBUG]: DevTools WebSocket Response: Runtime.releaseObjectGroup (id=619) (session_id=0AAA18818893BB4F6B34C271151FCEB6) 5DE497F544D78911CBD1B96C7216F4D3 {
}
[1766136399.715][DEBUG]: DevTools WebSocket Response: Runtime.evaluate (id=620) (session_id=0AAA18818893BB4F6B34C271151FCEB6) 5DE497F544D78911CBD1B96C7216F4D3 {
   "result": {
      "description": "1",
      "type": "number",
      "value": 1
   }
}
[1766136399.715][INFO]: Done waiting for pending navigations. Status: ok
[1766136399.715][INFO]: [8cac16ba8b44337f2ba68d6c6e00a2d1] RESPONSE GetElementText "9.5"
[1766136399.716][INFO]: [8cac16ba8b44337f2ba68d6c6e00a2d1] COMMAND FindChildElement {
   "id": "f.5DE497F544D78911CBD1B96C7216F4D3.d.5017C2A040EE4D9953D9F7C6D2E8BB92.e.17",
   "using": "css selector",
   "value": ".m-b-sm"
}
[1766136399.716][INFO]: Waiting for pending navigations...
[1766136399.716][DEBUG]: DevTools WebSocket Command: Runtime.evaluate (id=621) (session_id=0AAA18818893BB4F6B34C271151FCEB6) 5DE497F544D78911CBD1B96C7216F4D3 {
   "expression": "1"
}
[1766136399.717][DEBUG]: DevTools WebSocket Response: Runtime.evaluate (id=621) (session_id=0AAA18818893BB4F6B34C271151FCEB6) 5DE497F544D78911CBD1B96C7216F4D3 {
   "result": {
      "description": "1",
      "type": "number",
      "value": 1
   }
}
[1766136399.717][INFO]: Done waiting for pending navigations. Status: ok
[1766136399.717][DEBUG]: DevTools WebSocket Command: Page.getFrameTree (id=622) (session_id=0AAA18818893BB4F6B34C271151FCEB6) 5DE497F544D78911CBD1B96C7216F4D3 {
}
[1766136399.717][DEBUG]: DevTools WebSocket Response: Page.getFrameTree (id=622) (session_id=0AAA18818893BB4F6B34C271151FCEB6) 5DE497F544D78911CBD1B96C7216F4D3 {
   "frameTree": {
      "frame": {
         "adFrameStatus": {
            "adFrameType": "none"
         },
         "crossOriginIsolatedContextType": "NotIsolated",
         "domainAndRegistry": "scrape.center",
         "gatedAPIFeatures": [  ],
         "id": "5DE497F544D78911CBD1B96C7216F4D3",
         "loaderId": "5017C2A040EE4D9953D9F7C6D2E8BB92",
         "mimeType": "text/html",
         "secureContextType": "Secure",
         "securityOrigin": "https://spa1.scrape.center",
         "securityOriginDetails": {
            "isLocalhost": false
         },
         "url": "https://spa1.scrape.center/"
      }
   }
}
[1766136399.717][DEBUG]: DevTools WebSocket Command: DOM.resolveNode (id=623) (session_id=0AAA18818893BB4F6B34C271151FCEB6) 5DE497F544D78911CBD1B96C7216F4D3 {
   "backendNodeId": 17,
   "objectGroup": "51e759a2-6d9a-4532-8497-4351500504ef"
}
[1766136399.718][DEBUG]: DevTools WebSocket Response: DOM.resolveNode (id=623) (session_id=0AAA18818893BB4F6B34C271151FCEB6) 5DE497F544D78911CBD1B96C7216F4D3 {
   "object": {
      "className": "HTMLDivElement",
      "description": "div.el-card__body",
      "objectId": "1667652473473659487.1.173",
      "subtype": "node",
      "type": "object"
   }
}
[1766136399.718][DEBUG]: DevTools WebSocket Command: Page.getFrameTree (id=624) (session_id=0AAA18818893BB4F6B34C271151FCEB6) 5DE497F544D78911CBD1B96C7216F4D3 {
}
[1766136399.718][DEBUG]: DevTools WebSocket Response: Page.getFrameTree (id=624) (session_id=0AAA18818893BB4F6B34C271151FCEB6) 5DE497F544D78911CBD1B96C7216F4D3 {
   "frameTree": {
      "frame": {
         "adFrameStatus": {
            "adFrameType": "none"
         },
         "crossOriginIsolatedContextType": "NotIsolated",
         "domainAndRegistry": "scrape.center",
         "gatedAPIFeatures": [  ],
         "id": "5DE497F544D78911CBD1B96C7216F4D3",
         "loaderId": "5017C2A040EE4D9953D9F7C6D2E8BB92",
         "mimeType": "text/html",
         "secureContextType": "Secure",
         "securityOrigin": "https://spa1.scrape.center",
         "securityOriginDetails": {
            "isLocalhost": false
         },
         "url": "https://spa1.scrape.center/"
      }
   }
}
[1766136399.719][DEBUG]: DevTools WebSocket Command: Runtime.callFunctionOn (id=625) (session_id=0AAA18818893BB4F6B34C271151FCEB6) 5DE497F544D78911CBD1B96C7216F4D3 {
   "arguments": [ {
      "objectId": "1667652473473659487.1.173"
   } ],
   "awaitPromise": true,
   "functionDeclaration": "function(){ return (function() { // Copyright 2012 The Chromium Authors\n// Use of this source code is governed by a BSD-style license that can be\n// found in the LICENSE file.\n\n/**\n * Enum for WebD...",
   "objectGroup": "51e759a2-6d9a-4532-8497-4351500504ef",
   "serializationOptions": {
      "serialization": "deep"
   },
   "uniqueContextId": "-88754438306678378.-5366136884038128798"
}
[1766136399.721][DEBUG]: DevTools WebSocket Response: Runtime.callFunctionOn (id=625) (session_id=0AAA18818893BB4F6B34C271151FCEB6) 5DE497F544D78911CBD1B96C7216F4D3 {
   "result": {
      "className": "Array",
      "deepSerializedValue": {
         "type": "array",
         "value": [ {
            "type": "string",
            "value": "{\"status\":0,\"value\":{\"element-6066-11e4-a52e-4f735466cecf\":0}}"
         }, {
            "type": "node",
            "value": {
               "attributes": {
                  "class": "m-b-sm",
                  "data-v-1a647406": ""
               },
               "backendNodeId": 59,
               "childNodeCount": 1,
               "loaderId": "5017C2A040EE4D9953D9F7C6D2E8BB92",
               "localName": "h2",
               "namespaceURI": "http://www.w3.org/1999/xhtml",
               "nodeType": 1,
               "shadowRoot": null
            }
         } ]
      },
      "description": "Array(2)",
      "objectId": "1667652473473659487.1.174",
      "subtype": "array",
      "type": "object"
   }
}
[1766136399.721][DEBUG]: DevTools WebSocket Command: Runtime.releaseObjectGroup (id=626) (session_id=0AAA18818893BB4F6B34C271151FCEB6) 5DE497F544D78911CBD1B96C7216F4D3 {
   "objectGroup": "51e759a2-6d9a-4532-8497-4351500504ef"
}
[1766136399.721][INFO]: Waiting for pending navigations...
[1766136399.721][DEBUG]: DevTools WebSocket Command: Runtime.evaluate (id=627) (session_id=0AAA18818893BB4F6B34C271151FCEB6) 5DE497F544D78911CBD1B96C7216F4D3 {
   "expression": "1"
}
[1766136399.721][DEBUG]: DevTools WebSocket Response: Runtime.releaseObjectGroup (id=626) (session_id=0AAA18818893BB4F6B34C271151FCEB6) 5DE497F544D78911CBD1B96C7216F4D3 {
}
[1766136399.722][DEBUG]: DevTools WebSocket Response: Runtime.evaluate (id=627) (session_id=0AAA18818893BB4F6B34C271151FCEB6) 5DE497F544D78911CBD1B96C7216F4D3 {
   "result": {
      "description": "1",
      "type": "number",
      "value": 1
   }
}
[1766136399.722][INFO]: Done waiting for pending navigations. Status: ok
[1766136399.722][INFO]: [8cac16ba8b44337f2ba68d6c6e00a2d1] RESPONSE FindChildElement {
   "element-6066-11e4-a52e-4f735466cecf": "f.5DE497F544D78911CBD1B96C7216F4D3.d.5017C2A040EE4D9953D9F7C6D2E8BB92.e.59"
}
[1766136399.722][INFO]: [8cac16ba8b44337f2ba68d6c6e00a2d1] COMMAND GetElementText {
   "id": "f.5DE497F544D78911CBD1B96C7216F4D3.d.5017C2A040EE4D9953D9F7C6D2E8BB92.e.59"
}
[1766136399.722][INFO]: Waiting for pending navigations...
[1766136399.722][DEBUG]: DevTools WebSocket Command: Runtime.evaluate (id=628) (session_id=0AAA18818893BB4F6B34C271151FCEB6) 5DE497F544D78911CBD1B96C7216F4D3 {
   "expression": "1"
}
[1766136399.723][DEBUG]: DevTools WebSocket Response: Runtime.evaluate (id=628) (session_id=0AAA18818893BB4F6B34C271151FCEB6) 5DE497F544D78911CBD1B96C7216F4D3 {
   "result": {
      "description": "1",
      "type": "number",
      "value": 1
   }
}
[1766136399.723][INFO]: Done waiting for pending navigations. Status: ok
[1766136399.723][DEBUG]: DevTools WebSocket Command: Page.getFrameTree (id=629) (session_id=0AAA18818893BB4F6B34C271151FCEB6) 5DE497F544D78911CBD1B96C7216F4D3 {
}
[1766136399.723][DEBUG]: DevTools WebSocket Response: Page.getFrameTree (id=629) (session_id=0AAA18818893BB4F6B34C271151FCEB6) 5DE497F544D78911CBD1B96C7216F4D3 {
   "frameTree": {
      "frame": {
         "adFrameStatus": {
            "adFrameType": "none"
         },
         "crossOriginIsolatedContextType": "NotIsolated",
         "domainAndRegistry": "scrape.center",
         "gatedAPIFeatures": [  ],
         "id": "5DE497F544D78911CBD1B96C7216F4D3",
         "loaderId": "5017C2A040EE4D9953D9F7C6D2E8BB92",
         "mimeType": "text/html",
         "secureContextType": "Secure",
         "securityOrigin": "https://spa1.scrape.center",
         "securityOriginDetails": {
            "isLocalhost": false
         },
         "url": "https://spa1.scrape.center/"
      }
   }
}
[1766136399.723][DEBUG]: DevTools WebSocket Command: DOM.resolveNode (id=630) (session_id=0AAA18818893BB4F6B34C271151FCEB6) 5DE497F544D78911CBD1B96C7216F4D3 {
   "backendNodeId": 59,
   "objectGroup": "3d44e6b7-d97f-4310-b002-a7863c89c8ac"
}
[1766136399.723][DEBUG]: DevTools WebSocket Response: DOM.resolveNode (id=630) (session_id=0AAA18818893BB4F6B34C271151FCEB6) 5DE497F544D78911CBD1B96C7216F4D3 {
   "object": {
      "className": "HTMLHeadingElement",
      "description": "h2.m-b-sm",
      "objectId": "1667652473473659487.1.175",
      "subtype": "node",
      "type": "object"
   }
}
[1766136399.724][DEBUG]: DevTools WebSocket Command: Page.getFrameTree (id=631) (session_id=0AAA18818893BB4F6B34C271151FCEB6) 5DE497F544D78911CBD1B96C7216F4D3 {
}
[1766136399.724][DEBUG]: DevTools WebSocket Response: Page.getFrameTree (id=631) (session_id=0AAA18818893BB4F6B34C271151FCEB6) 5DE497F544D78911CBD1B96C7216F4D3 {
   "frameTree": {
      "frame": {
         "adFrameStatus": {
            "adFrameType": "none"
         },
         "crossOriginIsolatedContextType": "NotIsolated",
         "domainAndRegistry": "scrape.center",
         "gatedAPIFeatures": [  ],
         "id": "5DE497F544D78911CBD1B96C7216F4D3",
         "loaderId": "5017C2A040EE4D9953D9F7C6D2E8BB92",
         "mimeType": "text/html",
         "secureContextType": "Secure",
         "securityOrigin": "https://spa1.scrape.center",
         "securityOriginDetails": {
            "isLocalhost": false
         },
         "url": "https://spa1.scrape.center/"
      }
   }
}
[1766136399.725][DEBUG]: DevTools WebSocket Command: Runtime.callFunctionOn (id=632) (session_id=0AAA18818893BB4F6B34C271151FCEB6) 5DE497F544D78911CBD1B96C7216F4D3 {
   "arguments": [ {
      "objectId": "1667652473473659487.1.175"
   } ],
   "awaitPromise": true,
   "functionDeclaration": "function(){ return (function() { // Copyright 2012 The Chromium Authors\n// Use of this source code is governed by a BSD-style license that can be\n// found in the LICENSE file.\n\n/**\n * Enum for WebD...",
   "objectGroup": "3d44e6b7-d97f-4310-b002-a7863c89c8ac",
   "serializationOptions": {
      "serialization": "deep"
   },
   "uniqueContextId": "-88754438306678378.-5366136884038128798"
}
[1766136399.727][DEBUG]: DevTools WebSocket Response: Runtime.callFunctionOn (id=632) (session_id=0AAA18818893BB4F6B34C271151FCEB6) 5DE497F544D78911CBD1B96C7216F4D3 {
   "result": {
      "className": "Array",
      "deepSerializedValue": {
         "type": "array",
         "value": [ {
            "type": "string",
            "value": "{\"status\":0,\"value\":\"楚门的世界 - The Truman Show\"}"
         } ]
      },
      "description": "Array(1)",
      "objectId": "1667652473473659487.1.176",
      "subtype": "array",
      "type": "object"
   }
}
[1766136399.727][DEBUG]: DevTools WebSocket Command: Runtime.releaseObjectGroup (id=633) (session_id=0AAA18818893BB4F6B34C271151FCEB6) 5DE497F544D78911CBD1B96C7216F4D3 {
   "objectGroup": "3d44e6b7-d97f-4310-b002-a7863c89c8ac"
}
[1766136399.727][INFO]: Waiting for pending navigations...
[1766136399.727][DEBUG]: DevTools WebSocket Command: Runtime.evaluate (id=634) (session_id=0AAA18818893BB4F6B34C271151FCEB6) 5DE497F544D78911CBD1B96C7216F4D3 {
   "expression": "1"
}
[1766136399.727][DEBUG]: DevTools WebSocket Response: Runtime.releaseObjectGroup (id=633) (session_id=0AAA18818893BB4F6B34C271151FCEB6) 5DE497F544D78911CBD1B96C7216F4D3 {
}
[1766136399.727][DEBUG]: DevTools WebSocket Response: Runtime.evaluate (id=634) (session_id=0AAA18818893BB4F6B34C271151FCEB6) 5DE497F544D78911CBD1B96C7216F4D3 {
   "result": {
      "description": "1",
      "type": "number",
      "value": 1
   }
}
[1766136399.727][INFO]: Done waiting for pending navigations. Status: ok
[1766136399.727][INFO]: [8cac16ba8b44337f2ba68d6c6e00a2d1] RESPONSE GetElementText "楚门的世界 - The Truman Show"
[1766136399.728][INFO]: [8cac16ba8b44337f2ba68d6c6e00a2d1] COMMAND FindChildElement {
   "id": "f.5DE497F544D78911CBD1B96C7216F4D3.d.5017C2A040EE4D9953D9F7C6D2E8BB92.e.17",
   "using": "css selector",
   "value": "a[href*='/detail/']"
}
[1766136399.728][INFO]: Waiting for pending navigations...
[1766136399.728][DEBUG]: DevTools WebSocket Command: Runtime.evaluate (id=635) (session_id=0AAA18818893BB4F6B34C271151FCEB6) 5DE497F544D78911CBD1B96C7216F4D3 {
   "expression": "1"
}
[1766136399.729][DEBUG]: DevTools WebSocket Response: Runtime.evaluate (id=635) (session_id=0AAA18818893BB4F6B34C271151FCEB6) 5DE497F544D78911CBD1B96C7216F4D3 {
   "result": {
      "description": "1",
      "type": "number",
      "value": 1
   }
}
[1766136399.729][INFO]: Done waiting for pending navigations. Status: ok
[1766136399.729][DEBUG]: DevTools WebSocket Command: Page.getFrameTree (id=636) (session_id=0AAA18818893BB4F6B34C271151FCEB6) 5DE497F544D78911CBD1B96C7216F4D3 {
}
[1766136399.729][DEBUG]: DevTools WebSocket Response: Page.getFrameTree (id=636) (session_id=0AAA18818893BB4F6B34C271151FCEB6) 5DE497F544D78911CBD1B96C7216F4D3 {
   "frameTree": {
      "frame": {
         "adFrameStatus": {
            "adFrameType": "none"
         },
         "crossOriginIsolatedContextType": "NotIsolated",
         "domainAndRegistry": "scrape.center",
         "gatedAPIFeatures": [  ],
         "id": "5DE497F544D78911CBD1B96C7216F4D3",
         "loaderId": "5017C2A040EE4D9953D9F7C6D2E8BB92",
         "mimeType": "text/html",
         "secureContextType": "Secure",
         "securityOrigin": "https://spa1.scrape.center",
         "securityOriginDetails": {
            "isLocalhost": false
         },
         "url": "https://spa1.scrape.center/"
      }
   }
}
[1766136399.729][DEBUG]: DevTools WebSocket Command: DOM.resolveNode (id=637) (session_id=0AAA18818893BB4F6B34C271151FCEB6) 5DE497F544D78911CBD1B96C7216F4D3 {
   "backendNodeId": 17,
   "objectGroup": "eaf4c87f-a412-40c8-93d0-59c8326d346b"
}
[1766136399.729][DEBUG]: DevTools WebSocket Response: DOM.resolveNode (id=637) (session_id=0AAA18818893BB4F6B34C271151FCEB6) 5DE497F544D78911CBD1B96C7216F4D3 {
   "object": {
      "className": "HTMLDivElement",
      "description": "div.el-card__body",
      "objectId": "1667652473473659487.1.177",
      "subtype": "node",
      "type": "object"
   }
}
[1766136399.729][DEBUG]: DevTools WebSocket Command: Page.getFrameTree (id=638) (session_id=0AAA18818893BB4F6B34C271151FCEB6) 5DE497F544D78911CBD1B96C7216F4D3 {
}
[1766136399.730][DEBUG]: DevTools WebSocket Response: Page.getFrameTree (id=638) (session_id=0AAA18818893BB4F6B34C271151FCEB6) 5DE497F544D78911CBD1B96C7216F4D3 {
   "frameTree": {
      "frame": {
         "adFrameStatus": {
            "adFrameType": "none"
         },
         "crossOriginIsolatedContextType": "NotIsolated",
         "domainAndRegistry": "scrape.center",
         "gatedAPIFeatures": [  ],
         "id": "5DE497F544D78911CBD1B96C7216F4D3",
         "loaderId": "5017C2A040EE4D9953D9F7C6D2E8BB92",
         "mimeType": "text/html",
         "secureContextType": "Secure",
         "securityOrigin": "https://spa1.scrape.center",
         "securityOriginDetails": {
            "isLocalhost": false
         },
         "url": "https://spa1.scrape.center/"
      }
   }
}
[1766136399.731][DEBUG]: DevTools WebSocket Command: Runtime.callFunctionOn (id=639) (session_id=0AAA18818893BB4F6B34C271151FCEB6) 5DE497F544D78911CBD1B96C7216F4D3 {
   "arguments": [ {
      "objectId": "1667652473473659487.1.177"
   } ],
   "awaitPromise": true,
   "functionDeclaration": "function(){ return (function() { // Copyright 2012 The Chromium Authors\n// Use of this source code is governed by a BSD-style license that can be\n// found in the LICENSE file.\n\n/**\n * Enum for WebD...",
   "objectGroup": "eaf4c87f-a412-40c8-93d0-59c8326d346b",
   "serializationOptions": {
      "serialization": "deep"
   },
   "uniqueContextId": "-88754438306678378.-5366136884038128798"
}
[1766136399.733][DEBUG]: DevTools WebSocket Response: Runtime.callFunctionOn (id=639) (session_id=0AAA18818893BB4F6B34C271151FCEB6) 5DE497F544D78911CBD1B96C7216F4D3 {
   "result": {
      "className": "Array",
      "deepSerializedValue": {
         "type": "array",
         "value": [ {
            "type": "string",
            "value": "{\"status\":0,\"value\":{\"element-6066-11e4-a52e-4f735466cecf\":0}}"
         }, {
            "type": "node",
            "value": {
               "attributes": {
                  "class": "",
                  "data-v-1a647406": "",
                  "href": "/detail/9"
               },
               "backendNodeId": 60,
               "childNodeCount": 1,
               "loaderId": "5017C2A040EE4D9953D9F7C6D2E8BB92",
               "localName": "a",
               "namespaceURI": "http://www.w3.org/1999/xhtml",
               "nodeType": 1,
               "shadowRoot": null
            }
         } ]
      },
      "description": "Array(2)",
      "objectId": "1667652473473659487.1.178",
      "subtype": "array",
      "type": "object"
   }
}
[1766136399.733][DEBUG]: DevTools WebSocket Command: Runtime.releaseObjectGroup (id=640) (session_id=0AAA18818893BB4F6B34C271151FCEB6) 5DE497F544D78911CBD1B96C7216F4D3 {
   "objectGroup": "eaf4c87f-a412-40c8-93d0-59c8326d346b"
}
[1766136399.733][INFO]: Waiting for pending navigations...
[1766136399.733][DEBUG]: DevTools WebSocket Command: Runtime.evaluate (id=641) (session_id=0AAA18818893BB4F6B34C271151FCEB6) 5DE497F544D78911CBD1B96C7216F4D3 {
   "expression": "1"
}
[1766136399.733][DEBUG]: DevTools WebSocket Response: Runtime.releaseObjectGroup (id=640) (session_id=0AAA18818893BB4F6B34C271151FCEB6) 5DE497F544D78911CBD1B96C7216F4D3 {
}
[1766136399.733][DEBUG]: DevTools WebSocket Response: Runtime.evaluate (id=641) (session_id=0AAA18818893BB4F6B34C271151FCEB6) 5DE497F544D78911CBD1B96C7216F4D3 {
   "result": {
      "description": "1",
      "type": "number",
      "value": 1
   }
}
[1766136399.733][INFO]: Done waiting for pending navigations. Status: ok
[1766136399.733][INFO]: [8cac16ba8b44337f2ba68d6c6e00a2d1] RESPONSE FindChildElement {
   "element-6066-11e4-a52e-4f735466cecf": "f.5DE497F544D78911CBD1B96C7216F4D3.d.5017C2A040EE4D9953D9F7C6D2E8BB92.e.60"
}
[1766136399.734][INFO]: [8cac16ba8b44337f2ba68d6c6e00a2d1] COMMAND ExecuteScript {
   "args": [ {
      "element-6066-11e4-a52e-4f735466cecf": "f.5DE497F544D78911CBD1B96C7216F4D3.d.5017C2A040EE4D9953D9F7C6D2E8BB92.e.60"
   }, "href" ],
   "script": "/* getAttribute */return (function(){return (function(){var d=this||self;function f(a,b){function c(){}c.prototype=b.prototype;a.prototype=new c;a.prototype.constructor=a};var h=Array.prototype.indexOf?function(a,b){return Array.prototype.indexOf.call(a,b,void 0)}:function(a,b){if(\"string\"===typeof a)return\"string\"!==typeof b||1!=b.length?-1:a.indexOf(b,0);for(var c=0;c\u003Ca.length;c++)if(c in a&&a[c]===b)return c;return-1},k=Array.prototype.forEach?function(a,b){Array.prototype.forEach.call(a,b,void 0)}:function(a,b){for(var c=a.length,e=\"string\"===typeof a?a.split(\"\"):a,g=0;g\u003Cc;g++)g in e&&b.call(void 0,e[g],g,a)};function l(a,b){this.code=a;this.a=m[a]||n;this.message=b||\"\";a=this.a.replace(/((?:^|\\s+)[a-z])/g,function(c){return c.toUpperCase().replace(/^[\\s\\xa0]+/g,\"\")});b=a.length-5;if(0>b||a.indexOf(\"Error\",b)!=b)a+=\"Error\";this.name=a;a=Error(this.message);a.name=this.name;this.stack=a.stack||\"\"}f(l,Error);var n=\"unknown error\",m={15:\"element not selectable\",11:\"element not visible\"};m[31]=n;m[30]=n;m[24]=\"invalid cookie domain\";m[29]=\"invalid element coordinates\";m[12]=\"invalid element state\";m[32]=\"invalid selector\";\nm[51]=\"invalid selector\";m[52]=\"invalid selector\";m[17]=\"javascript error\";m[405]=\"unsupported operation\";m[34]=\"move target out of bounds\";m[27]=\"no such alert\";m[7]=\"no such element\";m[8]=\"no such frame\";m[23]=\"no such window\";m[28]=\"script timeout\";m[33]=\"session not created\";m[10]=\"stale element reference\";m[21]=\"timeout\";m[25]=\"unable to set cookie\";m[26]=\"unexpected alert open\";m[13]=n;m[9]=\"unknown command\";var p;a:{var q=d.navigator;if(q){var r=q.userAgent;if(r){p=r;break a}}p=\"\"}function t(a){return-1!=p.indexOf(a)};function u(){return t(\"Firefox\")||t(\"FxiOS\")}function v(){return(t(\"Chrome\")||t(\"CriOS\"))&&!t(\"Edge\")};function w(){return t(\"iPhone\")&&!t(\"iPod\")&&!t(\"iPad\")};var y=t(\"Opera\"),z=t(\"Trident\")||t(\"MSIE\"),A=t(\"Edge\"),B=t(\"Gecko\")&&!(-1!=p.toLowerCase().indexOf(\"webkit\")&&!t(\"Edge\"))&&!(t(\"Trident\")||t(\"MSIE\"))&&!t(\"Edge\"),C=-1!=p.toLowerCase().indexOf(\"webkit\")&&!t(\"Edge\");function D(){var a=d.document;return a?a.documentMode:void 0}var E;\na:{var F=\"\",G=function(){var a=p;if(B)return/rv:([^\\);]+)(\\)|;)/.exec(a);if(A)return/Edge\\/([\\d\\.]+)/.exec(a);if(z)return/\\b(?:MSIE|rv)[: ]([^\\);]+)(\\)|;)/.exec(a);if(C)return/WebKit\\/(\\S+)/.exec(a);if(y)return/(?:Version)[ \\/]?(\\S+)/.exec(a)}();G&&(F=G?G[1]:\"\");if(z){var H=D();if(null!=H&&H>parseFloat(F)){E=String(H);break a}}E=F}var I;I=d.document&&z?D():void 0;var J=u(),K=w()||t(\"iPod\"),L=t(\"iPad\"),M=t(\"Android\")&&!(v()||u()||t(\"Opera\")||t(\"Silk\")),N=v(),aa=t(\"Safari\")&&!(v()||t(\"Coast\")||t(\"Opera\")||t(\"Edge\")||t(\"Edg/\")||t(\"OPR\")||u()||t(\"Silk\")||t(\"Android\"))&&!(w()||t(\"iPad\")||t(\"iPod\"));function O(a){return(a=a.exec(p))?a[1]:\"\"}(function(){if(J)return O(/Firefox\\/([0-9.]+)/);if(z||A||y)return E;if(N)return w()||t(\"iPad\")||t(\"iPod\")?O(/CriOS\\/([0-9.]+)/):O(/Chrome\\/([0-9.]+)/);if(aa&&!(w()||t(\"iPad\")||t(\"iPod\")))return O(/Version\\/([0-9.]+)/);if(K||L){var a=/Version\\/(\\S+).*Mobile\\/(\\S+)/.exec(p);if(a)return a[1]+\".\"+a[2]}else if(M)return(a=O(/Android\\s+([0-9.]+)/))?a:O(/Version\\/([0-9.]+)/);return\"\"})();var P=z&&!(8\u003C=Number(I)),ba=z&&!(9\u003C=Number(I));var ca={SCRIPT:1,STYLE:1,HEAD:1,IFRAME:1,OBJECT:1},Q={IMG:\" \",BR:\"\\n\"};function R(a,b,c){if(!(a.nodeName in ca))if(3==a.nodeType)c?b.push(String(a.nodeValue).replace(/(\\r\\n|\\r|\\n)/g,\"\")):b.push(a.nodeValue);else if(a.nodeName in Q)b.push(Q[a.nodeName]);else for(a=a.firstChild;a;)R(a,b,c),a=a.nextSibling};function S(a,b){b=b.toLowerCase();return\"style\"==b?da(a.style.cssText):P&&\"value\"==b&&T(a,\"INPUT\")?a.value:ba&&!0===a[b]?String(a.getAttribute(b)):(a=a.getAttributeNode(b))&&a.specified?a.value:null}var ea=/[;]+(?=(?:(?:[^\"]*\"){2})*[^\"]*$)(?=(?:(?:[^']*'){2})*[^']*$)(?=(?:[^()]*\\([^()]*\\))*[^()]*$)/;\nfunction da(a){var b=[];k(a.split(ea),function(c){var e=c.indexOf(\":\");0\u003Ce&&(c=[c.slice(0,e),c.slice(e+1)],2==c.length&&b.push(c[0].toLowerCase(),\":\",c[1],\";\"))});b=b.join(\"\");return b=\";\"==b.charAt(b.length-1)?b:b+\";\"}function U(a,b){P&&\"value\"==b&&T(a,\"OPTION\")&&null===S(a,\"value\")?(b=[],R(a,b,!1),a=b.join(\"\")):a=a[b];return a}\nfunction T(a,b){b&&\"string\"!==typeof b&&(b=b.toString());return a instanceof HTMLFormElement?!!a&&1==a.nodeType&&(!b||\"FORM\"==b):!!a&&1==a.nodeType&&(!b||a.tagName.toUpperCase()==b)}function V(a){return T(a,\"OPTION\")?!0:T(a,\"INPUT\")?(a=a.type.toLowerCase(),\"checkbox\"==a||\"radio\"==a):!1};var fa={\"class\":\"className\",readonly:\"readOnly\"},ha=\"allowfullscreen allowpaymentrequest allowusermedia async autofocus autoplay checked compact complete controls declare default defaultchecked defaultselected defer disabled ended formnovalidate hidden indeterminate iscontenteditable ismap itemscope loop multiple muted nohref nomodule noresize noshade novalidate nowrap open paused playsinline pubdate readonly required reversed scoped seamless seeking selected truespeed typemustmatch willvalidate\".split(\" \");function W(a,b){var c=null,e=b.toLowerCase();if(\"style\"==e)return(c=a.style)&&\"string\"!=typeof c&&(c=c.cssText),c;if((\"selected\"==e||\"checked\"==e)&&V(a)){if(!V(a))throw new l(15,\"Element is not selectable\");b=\"selected\";c=a.type&&a.type.toLowerCase();if(\"checkbox\"==c||\"radio\"==c)b=\"checked\";return U(a,b)?\"true\":null}var g=T(a,\"A\");if(T(a,\"IMG\")&&\"src\"==e||g&&\"href\"==e)return(c=S(a,e))&&(c=U(a,e)),c;if(\"spellcheck\"==e){c=S(a,e);if(null!==c){if(\"false\"==c.toLowerCase())return\"false\";if(\"true\"==c.toLowerCase())return\"true\"}return U(a,\ne)+\"\"}g=fa[b]||b;if(0\u003C=h(ha,e))return(c=null!==S(a,b)||U(a,g))?\"true\":null;try{var x=U(a,g)}catch(ia){}(e=null==x)||(e=typeof x,e=\"object\"==e&&null!=x||\"function\"==e);e?c=S(a,b):c=x;return null!=c?c.toString():null}var X=[\"se_exportedFunctionSymbol\"],Y=d;X[0]in Y||\"undefined\"==typeof Y.execScript||Y.execScript(\"var \"+X[0]);for(var Z;X.length&&(Z=X.shift());)X.length||void 0===W?Y[Z]&&Y[Z]!==Object.prototype[Z]?Y=Y[Z]:Y=Y[Z]={}:Y[Z]=W;; return this.se_exportedFunctionSymbol.apply(null,arguments);}).apply(window, arguments);}\n).apply(null, arguments);"
}
[1766136399.734][INFO]: Waiting for pending navigations...
[1766136399.734][DEBUG]: DevTools WebSocket Command: Runtime.evaluate (id=642) (session_id=0AAA18818893BB4F6B34C271151FCEB6) 5DE497F544D78911CBD1B96C7216F4D3 {
   "expression": "1"
}
[1766136399.734][DEBUG]: DevTools WebSocket Response: Runtime.evaluate (id=642) (session_id=0AAA18818893BB4F6B34C271151FCEB6) 5DE497F544D78911CBD1B96C7216F4D3 {
   "result": {
      "description": "1",
      "type": "number",
      "value": 1
   }
}
[1766136399.734][INFO]: Done waiting for pending navigations. Status: ok
[1766136399.734][DEBUG]: DevTools WebSocket Command: Page.getFrameTree (id=643) (session_id=0AAA18818893BB4F6B34C271151FCEB6) 5DE497F544D78911CBD1B96C7216F4D3 {
}
[1766136399.735][DEBUG]: DevTools WebSocket Response: Page.getFrameTree (id=643) (session_id=0AAA18818893BB4F6B34C271151FCEB6) 5DE497F544D78911CBD1B96C7216F4D3 {
   "frameTree": {
      "frame": {
         "adFrameStatus": {
            "adFrameType": "none"
         },
         "crossOriginIsolatedContextType": "NotIsolated",
         "domainAndRegistry": "scrape.center",
         "gatedAPIFeatures": [  ],
         "id": "5DE497F544D78911CBD1B96C7216F4D3",
         "loaderId": "5017C2A040EE4D9953D9F7C6D2E8BB92",
         "mimeType": "text/html",
         "secureContextType": "Secure",
         "securityOrigin": "https://spa1.scrape.center",
         "securityOriginDetails": {
            "isLocalhost": false
         },
         "url": "https://spa1.scrape.center/"
      }
   }
}
[1766136399.735][DEBUG]: DevTools WebSocket Command: DOM.resolveNode (id=644) (session_id=0AAA18818893BB4F6B34C271151FCEB6) 5DE497F544D78911CBD1B96C7216F4D3 {
   "backendNodeId": 60,
   "objectGroup": "d71defb3-198d-4b50-8724-c33391b46fd5"
}
[1766136399.735][DEBUG]: DevTools WebSocket Response: DOM.resolveNode (id=644) (session_id=0AAA18818893BB4F6B34C271151FCEB6) 5DE497F544D78911CBD1B96C7216F4D3 {
   "object": {
      "className": "HTMLAnchorElement",
      "description": "a",
      "objectId": "1667652473473659487.1.179",
      "subtype": "node",
      "type": "object"
   }
}
[1766136399.735][DEBUG]: DevTools WebSocket Command: Page.getFrameTree (id=645) (session_id=0AAA18818893BB4F6B34C271151FCEB6) 5DE497F544D78911CBD1B96C7216F4D3 {
}
[1766136399.735][DEBUG]: DevTools WebSocket Response: Page.getFrameTree (id=645) (session_id=0AAA18818893BB4F6B34C271151FCEB6) 5DE497F544D78911CBD1B96C7216F4D3 {
   "frameTree": {
      "frame": {
         "adFrameStatus": {
            "adFrameType": "none"
         },
         "crossOriginIsolatedContextType": "NotIsolated",
         "domainAndRegistry": "scrape.center",
         "gatedAPIFeatures": [  ],
         "id": "5DE497F544D78911CBD1B96C7216F4D3",
         "loaderId": "5017C2A040EE4D9953D9F7C6D2E8BB92",
         "mimeType": "text/html",
         "secureContextType": "Secure",
         "securityOrigin": "https://spa1.scrape.center",
         "securityOriginDetails": {
            "isLocalhost": false
         },
         "url": "https://spa1.scrape.center/"
      }
   }
}
[1766136399.736][DEBUG]: DevTools WebSocket Command: Runtime.callFunctionOn (id=646) (session_id=0AAA18818893BB4F6B34C271151FCEB6) 5DE497F544D78911CBD1B96C7216F4D3 {
   "arguments": [ {
      "objectId": "1667652473473659487.1.179"
   } ],
   "awaitPromise": true,
   "functionDeclaration": "function(){ return (function() { // Copyright 2012 The Chromium Authors\n// Use of this source code is governed by a BSD-style license that can be\n// found in the LICENSE file.\n\n/**\n * Enum for WebD...",
   "objectGroup": "d71defb3-198d-4b50-8724-c33391b46fd5",
   "serializationOptions": {
      "serialization": "deep"
   },
   "uniqueContextId": "-88754438306678378.-5366136884038128798"
}
[1766136399.736][DEBUG]: DevTools WebSocket Response: Runtime.callFunctionOn (id=646) (session_id=0AAA18818893BB4F6B34C271151FCEB6) 5DE497F544D78911CBD1B96C7216F4D3 {
   "result": {
      "className": "Array",
      "deepSerializedValue": {
         "type": "array",
         "value": [ {
            "type": "string",
            "value": "{\"status\":0,\"value\":\"https://spa1.scrape.center/detail/9\"}"
         } ]
      },
      "description": "Array(1)",
      "objectId": "1667652473473659487.1.180",
      "subtype": "array",
      "type": "object"
   }
}
[1766136399.737][DEBUG]: DevTools WebSocket Command: Runtime.releaseObjectGroup (id=647) (session_id=0AAA18818893BB4F6B34C271151FCEB6) 5DE497F544D78911CBD1B96C7216F4D3 {
   "objectGroup": "d71defb3-198d-4b50-8724-c33391b46fd5"
}
[1766136399.737][INFO]: Waiting for pending navigations...
[1766136399.737][DEBUG]: DevTools WebSocket Command: Runtime.evaluate (id=648) (session_id=0AAA18818893BB4F6B34C271151FCEB6) 5DE497F544D78911CBD1B96C7216F4D3 {
   "expression": "1"
}
[1766136399.737][DEBUG]: DevTools WebSocket Response: Runtime.releaseObjectGroup (id=647) (session_id=0AAA18818893BB4F6B34C271151FCEB6) 5DE497F544D78911CBD1B96C7216F4D3 {
}
[1766136399.737][DEBUG]: DevTools WebSocket Response: Runtime.evaluate (id=648) (session_id=0AAA18818893BB4F6B34C271151FCEB6) 5DE497F544D78911CBD1B96C7216F4D3 {
   "result": {
      "description": "1",
      "type": "number",
      "value": 1
   }
}
[1766136399.737][INFO]: Done waiting for pending navigations. Status: ok
[1766136399.737][INFO]: [8cac16ba8b44337f2ba68d6c6e00a2d1] RESPONSE ExecuteScript "https://spa1.scrape.center/detail/9"
[1766136399.738][INFO]: [8cac16ba8b44337f2ba68d6c6e00a2d1] COMMAND FindChildElements {
   "id": "f.5DE497F544D78911CBD1B96C7216F4D3.d.5017C2A040EE4D9953D9F7C6D2E8BB92.e.17",
   "using": "css selector",
   "value": ".m-v-sm"
}
[1766136399.738][INFO]: Waiting for pending navigations...
[1766136399.738][DEBUG]: DevTools WebSocket Command: Runtime.evaluate (id=649) (session_id=0AAA18818893BB4F6B34C271151FCEB6) 5DE497F544D78911CBD1B96C7216F4D3 {
   "expression": "1"
}
[1766136399.738][DEBUG]: DevTools WebSocket Response: Runtime.evaluate (id=649) (session_id=0AAA18818893BB4F6B34C271151FCEB6) 5DE497F544D78911CBD1B96C7216F4D3 {
   "result": {
      "description": "1",
      "type": "number",
      "value": 1
   }
}
[1766136399.738][INFO]: Done waiting for pending navigations. Status: ok
[1766136399.739][DEBUG]: DevTools WebSocket Command: Page.getFrameTree (id=650) (session_id=0AAA18818893BB4F6B34C271151FCEB6) 5DE497F544D78911CBD1B96C7216F4D3 {
}
[1766136399.739][DEBUG]: DevTools WebSocket Response: Page.getFrameTree (id=650) (session_id=0AAA18818893BB4F6B34C271151FCEB6) 5DE497F544D78911CBD1B96C7216F4D3 {
   "frameTree": {
      "frame": {
         "adFrameStatus": {
            "adFrameType": "none"
         },
         "crossOriginIsolatedContextType": "NotIsolated",
         "domainAndRegistry": "scrape.center",
         "gatedAPIFeatures": [  ],
         "id": "5DE497F544D78911CBD1B96C7216F4D3",
         "loaderId": "5017C2A040EE4D9953D9F7C6D2E8BB92",
         "mimeType": "text/html",
         "secureContextType": "Secure",
         "securityOrigin": "https://spa1.scrape.center",
         "securityOriginDetails": {
            "isLocalhost": false
         },
         "url": "https://spa1.scrape.center/"
      }
   }
}
[1766136399.739][DEBUG]: DevTools WebSocket Command: DOM.resolveNode (id=651) (session_id=0AAA18818893BB4F6B34C271151FCEB6) 5DE497F544D78911CBD1B96C7216F4D3 {
   "backendNodeId": 17,
   "objectGroup": "0ff4b0f8-b585-4f35-a3c8-c75f9ab17140"
}
[1766136399.739][DEBUG]: DevTools WebSocket Response: DOM.resolveNode (id=651) (session_id=0AAA18818893BB4F6B34C271151FCEB6) 5DE497F544D78911CBD1B96C7216F4D3 {
   "object": {
      "className": "HTMLDivElement",
      "description": "div.el-card__body",
      "objectId": "1667652473473659487.1.181",
      "subtype": "node",
      "type": "object"
   }
}
[1766136399.739][DEBUG]: DevTools WebSocket Command: Page.getFrameTree (id=652) (session_id=0AAA18818893BB4F6B34C271151FCEB6) 5DE497F544D78911CBD1B96C7216F4D3 {
}
[1766136399.740][DEBUG]: DevTools WebSocket Response: Page.getFrameTree (id=652) (session_id=0AAA18818893BB4F6B34C271151FCEB6) 5DE497F544D78911CBD1B96C7216F4D3 {
   "frameTree": {
      "frame": {
         "adFrameStatus": {
            "adFrameType": "none"
         },
         "crossOriginIsolatedContextType": "NotIsolated",
         "domainAndRegistry": "scrape.center",
         "gatedAPIFeatures": [  ],
         "id": "5DE497F544D78911CBD1B96C7216F4D3",
         "loaderId": "5017C2A040EE4D9953D9F7C6D2E8BB92",
         "mimeType": "text/html",
         "secureContextType": "Secure",
         "securityOrigin": "https://spa1.scrape.center",
         "securityOriginDetails": {
            "isLocalhost": false
         },
         "url": "https://spa1.scrape.center/"
      }
   }
}
[1766136399.741][DEBUG]: DevTools WebSocket Command: Runtime.callFunctionOn (id=653) (session_id=0AAA18818893BB4F6B34C271151FCEB6) 5DE497F544D78911CBD1B96C7216F4D3 {
   "arguments": [ {
      "objectId": "1667652473473659487.1.181"
   } ],
   "awaitPromise": true,
   "functionDeclaration": "function(){ return (function() { // Copyright 2012 The Chromium Authors\n// Use of this source code is governed by a BSD-style license that can be\n// found in the LICENSE file.\n\n/**\n * Enum for WebD...",
   "objectGroup": "0ff4b0f8-b585-4f35-a3c8-c75f9ab17140",
   "serializationOptions": {
      "serialization": "deep"
   },
   "uniqueContextId": "-88754438306678378.-5366136884038128798"
}
[1766136399.743][DEBUG]: DevTools WebSocket Response: Runtime.callFunctionOn (id=653) (session_id=0AAA18818893BB4F6B34C271151FCEB6) 5DE497F544D78911CBD1B96C7216F4D3 {
   "result": {
      "className": "Array",
      "deepSerializedValue": {
         "type": "array",
         "value": [ {
            "type": "string",
            "value": "{\"status\":0,\"value\":[{\"element-6066-11e4-a52e-4f735466cecf\":0},{\"element-6066-11e4-a52e-4f735466cecf\":1}]}"
         }, {
            "type": "node",
            "value": {
               "attributes": {
                  "class": "m-v-sm info",
                  "data-v-1a647406": ""
               },
               "backendNodeId": 61,
               "childNodeCount": 3,
               "loaderId": "5017C2A040EE4D9953D9F7C6D2E8BB92",
               "localName": "div",
               "namespaceURI": "http://www.w3.org/1999/xhtml",
               "nodeType": 1,
               "shadowRoot": null
            }
         }, {
            "type": "node",
            "value": {
               "attributes": {
                  "class": "m-v-sm info",
                  "data-v-1a647406": ""
               },
               "backendNodeId": 62,
               "childNodeCount": 1,
               "loaderId": "5017C2A040EE4D9953D9F7C6D2E8BB92",
               "localName": "div",
               "namespaceURI": "http://www.w3.org/1999/xhtml",
               "nodeType": 1,
               "shadowRoot": null
            }
         } ]
      },
      "description": "Array(3)",
      "objectId": "1667652473473659487.1.182",
      "subtype": "array",
      "type": "object"
   }
}
[1766136399.743][DEBUG]: DevTools WebSocket Command: Runtime.releaseObjectGroup (id=654) (session_id=0AAA18818893BB4F6B34C271151FCEB6) 5DE497F544D78911CBD1B96C7216F4D3 {
   "objectGroup": "0ff4b0f8-b585-4f35-a3c8-c75f9ab17140"
}
[1766136399.743][INFO]: Waiting for pending navigations...
[1766136399.743][DEBUG]: DevTools WebSocket Command: Runtime.evaluate (id=655) (session_id=0AAA18818893BB4F6B34C271151FCEB6) 5DE497F544D78911CBD1B96C7216F4D3 {
   "expression": "1"
}
[1766136399.743][DEBUG]: DevTools WebSocket Response: Runtime.releaseObjectGroup (id=654) (session_id=0AAA18818893BB4F6B34C271151FCEB6) 5DE497F544D78911CBD1B96C7216F4D3 {
}
[1766136399.744][DEBUG]: DevTools WebSocket Response: Runtime.evaluate (id=655) (session_id=0AAA18818893BB4F6B34C271151FCEB6) 5DE497F544D78911CBD1B96C7216F4D3 {
   "result": {
      "description": "1",
      "type": "number",
      "value": 1
   }
}
[1766136399.744][INFO]: Done waiting for pending navigations. Status: ok
[1766136399.744][INFO]: [8cac16ba8b44337f2ba68d6c6e00a2d1] RESPONSE FindChildElements [ {
   "element-6066-11e4-a52e-4f735466cecf": "f.5DE497F544D78911CBD1B96C7216F4D3.d.5017C2A040EE4D9953D9F7C6D2E8BB92.e.61"
}, {
   "element-6066-11e4-a52e-4f735466cecf": "f.5DE497F544D78911CBD1B96C7216F4D3.d.5017C2A040EE4D9953D9F7C6D2E8BB92.e.62"
} ]
[1766136399.745][INFO]: [8cac16ba8b44337f2ba68d6c6e00a2d1] COMMAND GetElementText {
   "id": "f.5DE497F544D78911CBD1B96C7216F4D3.d.5017C2A040EE4D9953D9F7C6D2E8BB92.e.61"
}
[1766136399.745][INFO]: Waiting for pending navigations...
[1766136399.745][DEBUG]: DevTools WebSocket Command: Runtime.evaluate (id=656) (session_id=0AAA18818893BB4F6B34C271151FCEB6) 5DE497F544D78911CBD1B96C7216F4D3 {
   "expression": "1"
}
[1766136399.745][DEBUG]: DevTools WebSocket Response: Runtime.evaluate (id=656) (session_id=0AAA18818893BB4F6B34C271151FCEB6) 5DE497F544D78911CBD1B96C7216F4D3 {
   "result": {
      "description": "1",
      "type": "number",
      "value": 1
   }
}
[1766136399.745][INFO]: Done waiting for pending navigations. Status: ok
[1766136399.745][DEBUG]: DevTools WebSocket Command: Page.getFrameTree (id=657) (session_id=0AAA18818893BB4F6B34C271151FCEB6) 5DE497F544D78911CBD1B96C7216F4D3 {
}
[1766136399.746][DEBUG]: DevTools WebSocket Response: Page.getFrameTree (id=657) (session_id=0AAA18818893BB4F6B34C271151FCEB6) 5DE497F544D78911CBD1B96C7216F4D3 {
   "frameTree": {
      "frame": {
         "adFrameStatus": {
            "adFrameType": "none"
         },
         "crossOriginIsolatedContextType": "NotIsolated",
         "domainAndRegistry": "scrape.center",
         "gatedAPIFeatures": [  ],
         "id": "5DE497F544D78911CBD1B96C7216F4D3",
         "loaderId": "5017C2A040EE4D9953D9F7C6D2E8BB92",
         "mimeType": "text/html",
         "secureContextType": "Secure",
         "securityOrigin": "https://spa1.scrape.center",
         "securityOriginDetails": {
            "isLocalhost": false
         },
         "url": "https://spa1.scrape.center/"
      }
   }
}
[1766136399.746][DEBUG]: DevTools WebSocket Command: DOM.resolveNode (id=658) (session_id=0AAA18818893BB4F6B34C271151FCEB6) 5DE497F544D78911CBD1B96C7216F4D3 {
   "backendNodeId": 61,
   "objectGroup": "bd7c035e-2778-4218-9efa-e933fff785a2"
}
[1766136399.746][DEBUG]: DevTools WebSocket Response: DOM.resolveNode (id=658) (session_id=0AAA18818893BB4F6B34C271151FCEB6) 5DE497F544D78911CBD1B96C7216F4D3 {
   "object": {
      "className": "HTMLDivElement",
      "description": "div.m-v-sm.info",
      "objectId": "1667652473473659487.1.183",
      "subtype": "node",
      "type": "object"
   }
}
[1766136399.746][DEBUG]: DevTools WebSocket Command: Page.getFrameTree (id=659) (session_id=0AAA18818893BB4F6B34C271151FCEB6) 5DE497F544D78911CBD1B96C7216F4D3 {
}
[1766136399.746][DEBUG]: DevTools WebSocket Response: Page.getFrameTree (id=659) (session_id=0AAA18818893BB4F6B34C271151FCEB6) 5DE497F544D78911CBD1B96C7216F4D3 {
   "frameTree": {
      "frame": {
         "adFrameStatus": {
            "adFrameType": "none"
         },
         "crossOriginIsolatedContextType": "NotIsolated",
         "domainAndRegistry": "scrape.center",
         "gatedAPIFeatures": [  ],
         "id": "5DE497F544D78911CBD1B96C7216F4D3",
         "loaderId": "5017C2A040EE4D9953D9F7C6D2E8BB92",
         "mimeType": "text/html",
         "secureContextType": "Secure",
         "securityOrigin": "https://spa1.scrape.center",
         "securityOriginDetails": {
            "isLocalhost": false
         },
         "url": "https://spa1.scrape.center/"
      }
   }
}
[1766136399.748][DEBUG]: DevTools WebSocket Command: Runtime.callFunctionOn (id=660) (session_id=0AAA18818893BB4F6B34C271151FCEB6) 5DE497F544D78911CBD1B96C7216F4D3 {
   "arguments": [ {
      "objectId": "1667652473473659487.1.183"
   } ],
   "awaitPromise": true,
   "functionDeclaration": "function(){ return (function() { // Copyright 2012 The Chromium Authors\n// Use of this source code is governed by a BSD-style license that can be\n// found in the LICENSE file.\n\n/**\n * Enum for WebD...",
   "objectGroup": "bd7c035e-2778-4218-9efa-e933fff785a2",
   "serializationOptions": {
      "serialization": "deep"
   },
   "uniqueContextId": "-88754438306678378.-5366136884038128798"
}
[1766136399.750][DEBUG]: DevTools WebSocket Response: Runtime.callFunctionOn (id=660) (session_id=0AAA18818893BB4F6B34C271151FCEB6) 5DE497F544D78911CBD1B96C7216F4D3 {
   "result": {
      "className": "Array",
      "deepSerializedValue": {
         "type": "array",
         "value": [ {
            "type": "string",
            "value": "{\"status\":0,\"value\":\"美国 / 103 分钟\"}"
         } ]
      },
      "description": "Array(1)",
      "objectId": "1667652473473659487.1.184",
      "subtype": "array",
      "type": "object"
   }
}
[1766136399.750][DEBUG]: DevTools WebSocket Command: Runtime.releaseObjectGroup (id=661) (session_id=0AAA18818893BB4F6B34C271151FCEB6) 5DE497F544D78911CBD1B96C7216F4D3 {
   "objectGroup": "bd7c035e-2778-4218-9efa-e933fff785a2"
}
[1766136399.750][INFO]: Waiting for pending navigations...
[1766136399.751][DEBUG]: DevTools WebSocket Command: Runtime.evaluate (id=662) (session_id=0AAA18818893BB4F6B34C271151FCEB6) 5DE497F544D78911CBD1B96C7216F4D3 {
   "expression": "1"
}
[1766136399.751][DEBUG]: DevTools WebSocket Response: Runtime.releaseObjectGroup (id=661) (session_id=0AAA18818893BB4F6B34C271151FCEB6) 5DE497F544D78911CBD1B96C7216F4D3 {
}
[1766136399.751][DEBUG]: DevTools WebSocket Response: Runtime.evaluate (id=662) (session_id=0AAA18818893BB4F6B34C271151FCEB6) 5DE497F544D78911CBD1B96C7216F4D3 {
   "result": {
      "description": "1",
      "type": "number",
      "value": 1
   }
}
[1766136399.751][INFO]: Done waiting for pending navigations. Status: ok
[1766136399.751][INFO]: [8cac16ba8b44337f2ba68d6c6e00a2d1] RESPONSE GetElementText "美国 / 103 分钟"
[1766136399.752][INFO]: [8cac16ba8b44337f2ba68d6c6e00a2d1] COMMAND FindChildElements {
   "id": "f.5DE497F544D78911CBD1B96C7216F4D3.d.5017C2A040EE4D9953D9F7C6D2E8BB92.e.17",
   "using": "css selector",
   "value": ".m-v-sm"
}
[1766136399.752][INFO]: Waiting for pending navigations...
[1766136399.752][DEBUG]: DevTools WebSocket Command: Runtime.evaluate (id=663) (session_id=0AAA18818893BB4F6B34C271151FCEB6) 5DE497F544D78911CBD1B96C7216F4D3 {
   "expression": "1"
}
[1766136399.752][DEBUG]: DevTools WebSocket Response: Runtime.evaluate (id=663) (session_id=0AAA18818893BB4F6B34C271151FCEB6) 5DE497F544D78911CBD1B96C7216F4D3 {
   "result": {
      "description": "1",
      "type": "number",
      "value": 1
   }
}
[1766136399.752][INFO]: Done waiting for pending navigations. Status: ok
[1766136399.752][DEBUG]: DevTools WebSocket Command: Page.getFrameTree (id=664) (session_id=0AAA18818893BB4F6B34C271151FCEB6) 5DE497F544D78911CBD1B96C7216F4D3 {
}
[1766136399.753][DEBUG]: DevTools WebSocket Response: Page.getFrameTree (id=664) (session_id=0AAA18818893BB4F6B34C271151FCEB6) 5DE497F544D78911CBD1B96C7216F4D3 {
   "frameTree": {
      "frame": {
         "adFrameStatus": {
            "adFrameType": "none"
         },
         "crossOriginIsolatedContextType": "NotIsolated",
         "domainAndRegistry": "scrape.center",
         "gatedAPIFeatures": [  ],
         "id": "5DE497F544D78911CBD1B96C7216F4D3",
         "loaderId": "5017C2A040EE4D9953D9F7C6D2E8BB92",
         "mimeType": "text/html",
         "secureContextType": "Secure",
         "securityOrigin": "https://spa1.scrape.center",
         "securityOriginDetails": {
            "isLocalhost": false
         },
         "url": "https://spa1.scrape.center/"
      }
   }
}
[1766136399.753][DEBUG]: DevTools WebSocket Command: DOM.resolveNode (id=665) (session_id=0AAA18818893BB4F6B34C271151FCEB6) 5DE497F544D78911CBD1B96C7216F4D3 {
   "backendNodeId": 17,
   "objectGroup": "4bf67c04-5f8c-4f3e-9b1d-16b465453c00"
}
[1766136399.753][DEBUG]: DevTools WebSocket Response: DOM.resolveNode (id=665) (session_id=0AAA18818893BB4F6B34C271151FCEB6) 5DE497F544D78911CBD1B96C7216F4D3 {
   "object": {
      "className": "HTMLDivElement",
      "description": "div.el-card__body",
      "objectId": "1667652473473659487.1.185",
      "subtype": "node",
      "type": "object"
   }
}
[1766136399.753][DEBUG]: DevTools WebSocket Command: Page.getFrameTree (id=666) (session_id=0AAA18818893BB4F6B34C271151FCEB6) 5DE497F544D78911CBD1B96C7216F4D3 {
}
[1766136399.753][DEBUG]: DevTools WebSocket Response: Page.getFrameTree (id=666) (session_id=0AAA18818893BB4F6B34C271151FCEB6) 5DE497F544D78911CBD1B96C7216F4D3 {
   "frameTree": {
      "frame": {
         "adFrameStatus": {
            "adFrameType": "none"
         },
         "crossOriginIsolatedContextType": "NotIsolated",
         "domainAndRegistry": "scrape.center",
         "gatedAPIFeatures": [  ],
         "id": "5DE497F544D78911CBD1B96C7216F4D3",
         "loaderId": "5017C2A040EE4D9953D9F7C6D2E8BB92",
         "mimeType": "text/html",
         "secureContextType": "Secure",
         "securityOrigin": "https://spa1.scrape.center",
         "securityOriginDetails": {
            "isLocalhost": false
         },
         "url": "https://spa1.scrape.center/"
      }
   }
}
[1766136399.754][DEBUG]: DevTools WebSocket Command: Runtime.callFunctionOn (id=667) (session_id=0AAA18818893BB4F6B34C271151FCEB6) 5DE497F544D78911CBD1B96C7216F4D3 {
   "arguments": [ {
      "objectId": "1667652473473659487.1.185"
   } ],
   "awaitPromise": true,
   "functionDeclaration": "function(){ return (function() { // Copyright 2012 The Chromium Authors\n// Use of this source code is governed by a BSD-style license that can be\n// found in the LICENSE file.\n\n/**\n * Enum for WebD...",
   "objectGroup": "4bf67c04-5f8c-4f3e-9b1d-16b465453c00",
   "serializationOptions": {
      "serialization": "deep"
   },
   "uniqueContextId": "-88754438306678378.-5366136884038128798"
}
[1766136399.756][DEBUG]: DevTools WebSocket Response: Runtime.callFunctionOn (id=667) (session_id=0AAA18818893BB4F6B34C271151FCEB6) 5DE497F544D78911CBD1B96C7216F4D3 {
   "result": {
      "className": "Array",
      "deepSerializedValue": {
         "type": "array",
         "value": [ {
            "type": "string",
            "value": "{\"status\":0,\"value\":[{\"element-6066-11e4-a52e-4f735466cecf\":0},{\"element-6066-11e4-a52e-4f735466cecf\":1}]}"
         }, {
            "type": "node",
            "value": {
               "attributes": {
                  "class": "m-v-sm info",
                  "data-v-1a647406": ""
               },
               "backendNodeId": 61,
               "childNodeCount": 3,
               "loaderId": "5017C2A040EE4D9953D9F7C6D2E8BB92",
               "localName": "div",
               "namespaceURI": "http://www.w3.org/1999/xhtml",
               "nodeType": 1,
               "shadowRoot": null
            }
         }, {
            "type": "node",
            "value": {
               "attributes": {
                  "class": "m-v-sm info",
                  "data-v-1a647406": ""
               },
               "backendNodeId": 62,
               "childNodeCount": 1,
               "loaderId": "5017C2A040EE4D9953D9F7C6D2E8BB92",
               "localName": "div",
               "namespaceURI": "http://www.w3.org/1999/xhtml",
               "nodeType": 1,
               "shadowRoot": null
            }
         } ]
      },
      "description": "Array(3)",
      "objectId": "1667652473473659487.1.186",
      "subtype": "array",
      "type": "object"
   }
}
[1766136399.756][DEBUG]: DevTools WebSocket Command: Runtime.releaseObjectGroup (id=668) (session_id=0AAA18818893BB4F6B34C271151FCEB6) 5DE497F544D78911CBD1B96C7216F4D3 {
   "objectGroup": "4bf67c04-5f8c-4f3e-9b1d-16b465453c00"
}
[1766136399.756][INFO]: Waiting for pending navigations...
[1766136399.757][DEBUG]: DevTools WebSocket Command: Runtime.evaluate (id=669) (session_id=0AAA18818893BB4F6B34C271151FCEB6) 5DE497F544D78911CBD1B96C7216F4D3 {
   "expression": "1"
}
[1766136399.757][DEBUG]: DevTools WebSocket Response: Runtime.releaseObjectGroup (id=668) (session_id=0AAA18818893BB4F6B34C271151FCEB6) 5DE497F544D78911CBD1B96C7216F4D3 {
}
[1766136399.757][DEBUG]: DevTools WebSocket Response: Runtime.evaluate (id=669) (session_id=0AAA18818893BB4F6B34C271151FCEB6) 5DE497F544D78911CBD1B96C7216F4D3 {
   "result": {
      "description": "1",
      "type": "number",
      "value": 1
   }
}
[1766136399.757][INFO]: Done waiting for pending navigations. Status: ok
[1766136399.757][INFO]: [8cac16ba8b44337f2ba68d6c6e00a2d1] RESPONSE FindChildElements [ {
   "element-6066-11e4-a52e-4f735466cecf": "f.5DE497F544D78911CBD1B96C7216F4D3.d.5017C2A040EE4D9953D9F7C6D2E8BB92.e.61"
}, {
   "element-6066-11e4-a52e-4f735466cecf": "f.5DE497F544D78911CBD1B96C7216F4D3.d.5017C2A040EE4D9953D9F7C6D2E8BB92.e.62"
} ]
[1766136399.758][INFO]: [8cac16ba8b44337f2ba68d6c6e00a2d1] COMMAND GetElementText {
   "id": "f.5DE497F544D78911CBD1B96C7216F4D3.d.5017C2A040EE4D9953D9F7C6D2E8BB92.e.62"
}
[1766136399.758][INFO]: Waiting for pending navigations...
[1766136399.758][DEBUG]: DevTools WebSocket Command: Runtime.evaluate (id=670) (session_id=0AAA18818893BB4F6B34C271151FCEB6) 5DE497F544D78911CBD1B96C7216F4D3 {
   "expression": "1"
}
[1766136399.759][DEBUG]: DevTools WebSocket Response: Runtime.evaluate (id=670) (session_id=0AAA18818893BB4F6B34C271151FCEB6) 5DE497F544D78911CBD1B96C7216F4D3 {
   "result": {
      "description": "1",
      "type": "number",
      "value": 1
   }
}
[1766136399.759][INFO]: Done waiting for pending navigations. Status: ok
[1766136399.759][DEBUG]: DevTools WebSocket Command: Page.getFrameTree (id=671) (session_id=0AAA18818893BB4F6B34C271151FCEB6) 5DE497F544D78911CBD1B96C7216F4D3 {
}
[1766136399.759][DEBUG]: DevTools WebSocket Response: Page.getFrameTree (id=671) (session_id=0AAA18818893BB4F6B34C271151FCEB6) 5DE497F544D78911CBD1B96C7216F4D3 {
   "frameTree": {
      "frame": {
         "adFrameStatus": {
            "adFrameType": "none"
         },
         "crossOriginIsolatedContextType": "NotIsolated",
         "domainAndRegistry": "scrape.center",
         "gatedAPIFeatures": [  ],
         "id": "5DE497F544D78911CBD1B96C7216F4D3",
         "loaderId": "5017C2A040EE4D9953D9F7C6D2E8BB92",
         "mimeType": "text/html",
         "secureContextType": "Secure",
         "securityOrigin": "https://spa1.scrape.center",
         "securityOriginDetails": {
            "isLocalhost": false
         },
         "url": "https://spa1.scrape.center/"
      }
   }
}
[1766136399.759][DEBUG]: DevTools WebSocket Command: DOM.resolveNode (id=672) (session_id=0AAA18818893BB4F6B34C271151FCEB6) 5DE497F544D78911CBD1B96C7216F4D3 {
   "backendNodeId": 62,
   "objectGroup": "edd24924-986b-4165-9dc4-baacfeec7af0"
}
[1766136399.759][DEBUG]: DevTools WebSocket Response: DOM.resolveNode (id=672) (session_id=0AAA18818893BB4F6B34C271151FCEB6) 5DE497F544D78911CBD1B96C7216F4D3 {
   "object": {
      "className": "HTMLDivElement",
      "description": "div.m-v-sm.info",
      "objectId": "1667652473473659487.1.187",
      "subtype": "node",
      "type": "object"
   }
}
[1766136399.759][DEBUG]: DevTools WebSocket Command: Page.getFrameTree (id=673) (session_id=0AAA18818893BB4F6B34C271151FCEB6) 5DE497F544D78911CBD1B96C7216F4D3 {
}
[1766136399.760][DEBUG]: DevTools WebSocket Response: Page.getFrameTree (id=673) (session_id=0AAA18818893BB4F6B34C271151FCEB6) 5DE497F544D78911CBD1B96C7216F4D3 {
   "frameTree": {
      "frame": {
         "adFrameStatus": {
            "adFrameType": "none"
         },
         "crossOriginIsolatedContextType": "NotIsolated",
         "domainAndRegistry": "scrape.center",
         "gatedAPIFeatures": [  ],
         "id": "5DE497F544D78911CBD1B96C7216F4D3",
         "loaderId": "5017C2A040EE4D9953D9F7C6D2E8BB92",
         "mimeType": "text/html",
         "secureContextType": "Secure",
         "securityOrigin": "https://spa1.scrape.center",
         "securityOriginDetails": {
            "isLocalhost": false
         },
         "url": "https://spa1.scrape.center/"
      }
   }
}
[1766136399.761][DEBUG]: DevTools WebSocket Command: Runtime.callFunctionOn (id=674) (session_id=0AAA18818893BB4F6B34C271151FCEB6) 5DE497F544D78911CBD1B96C7216F4D3 {
   "arguments": [ {
      "objectId": "1667652473473659487.1.187"
   } ],
   "awaitPromise": true,
   "functionDeclaration": "function(){ return (function() { // Copyright 2012 The Chromium Authors\n// Use of this source code is governed by a BSD-style license that can be\n// found in the LICENSE file.\n\n/**\n * Enum for WebD...",
   "objectGroup": "edd24924-986b-4165-9dc4-baacfeec7af0",
   "serializationOptions": {
      "serialization": "deep"
   },
   "uniqueContextId": "-88754438306678378.-5366136884038128798"
}
[1766136399.763][DEBUG]: DevTools WebSocket Response: Runtime.callFunctionOn (id=674) (session_id=0AAA18818893BB4F6B34C271151FCEB6) 5DE497F544D78911CBD1B96C7216F4D3 {
   "result": {
      "className": "Array",
      "deepSerializedValue": {
         "type": "array",
         "value": [ {
            "type": "string",
            "value": "{\"status\":0,\"value\":\"上映\"}"
         } ]
      },
      "description": "Array(1)",
      "objectId": "1667652473473659487.1.188",
      "subtype": "array",
      "type": "object"
   }
}
[1766136399.763][DEBUG]: DevTools WebSocket Command: Runtime.releaseObjectGroup (id=675) (session_id=0AAA18818893BB4F6B34C271151FCEB6) 5DE497F544D78911CBD1B96C7216F4D3 {
   "objectGroup": "edd24924-986b-4165-9dc4-baacfeec7af0"
}
[1766136399.763][INFO]: Waiting for pending navigations...
[1766136399.763][DEBUG]: DevTools WebSocket Command: Runtime.evaluate (id=676) (session_id=0AAA18818893BB4F6B34C271151FCEB6) 5DE497F544D78911CBD1B96C7216F4D3 {
   "expression": "1"
}
[1766136399.763][DEBUG]: DevTools WebSocket Response: Runtime.releaseObjectGroup (id=675) (session_id=0AAA18818893BB4F6B34C271151FCEB6) 5DE497F544D78911CBD1B96C7216F4D3 {
}
[1766136399.763][DEBUG]: DevTools WebSocket Response: Runtime.evaluate (id=676) (session_id=0AAA18818893BB4F6B34C271151FCEB6) 5DE497F544D78911CBD1B96C7216F4D3 {
   "result": {
      "description": "1",
      "type": "number",
      "value": 1
   }
}
[1766136399.763][INFO]: Done waiting for pending navigations. Status: ok
[1766136399.763][INFO]: [8cac16ba8b44337f2ba68d6c6e00a2d1] RESPONSE GetElementText "上映"
[1766136399.764][INFO]: [8cac16ba8b44337f2ba68d6c6e00a2d1] COMMAND FindChildElement {
   "id": "f.5DE497F544D78911CBD1B96C7216F4D3.d.5017C2A040EE4D9953D9F7C6D2E8BB92.e.17",
   "using": "css selector",
   "value": ".score"
}
[1766136399.764][INFO]: Waiting for pending navigations...
[1766136399.764][DEBUG]: DevTools WebSocket Command: Runtime.evaluate (id=677) (session_id=0AAA18818893BB4F6B34C271151FCEB6) 5DE497F544D78911CBD1B96C7216F4D3 {
   "expression": "1"
}
[1766136399.764][DEBUG]: DevTools WebSocket Response: Runtime.evaluate (id=677) (session_id=0AAA18818893BB4F6B34C271151FCEB6) 5DE497F544D78911CBD1B96C7216F4D3 {
   "result": {
      "description": "1",
      "type": "number",
      "value": 1
   }
}
[1766136399.765][INFO]: Done waiting for pending navigations. Status: ok
[1766136399.765][DEBUG]: DevTools WebSocket Command: Page.getFrameTree (id=678) (session_id=0AAA18818893BB4F6B34C271151FCEB6) 5DE497F544D78911CBD1B96C7216F4D3 {
}
[1766136399.765][DEBUG]: DevTools WebSocket Response: Page.getFrameTree (id=678) (session_id=0AAA18818893BB4F6B34C271151FCEB6) 5DE497F544D78911CBD1B96C7216F4D3 {
   "frameTree": {
      "frame": {
         "adFrameStatus": {
            "adFrameType": "none"
         },
         "crossOriginIsolatedContextType": "NotIsolated",
         "domainAndRegistry": "scrape.center",
         "gatedAPIFeatures": [  ],
         "id": "5DE497F544D78911CBD1B96C7216F4D3",
         "loaderId": "5017C2A040EE4D9953D9F7C6D2E8BB92",
         "mimeType": "text/html",
         "secureContextType": "Secure",
         "securityOrigin": "https://spa1.scrape.center",
         "securityOriginDetails": {
            "isLocalhost": false
         },
         "url": "https://spa1.scrape.center/"
      }
   }
}
[1766136399.765][DEBUG]: DevTools WebSocket Command: DOM.resolveNode (id=679) (session_id=0AAA18818893BB4F6B34C271151FCEB6) 5DE497F544D78911CBD1B96C7216F4D3 {
   "backendNodeId": 17,
   "objectGroup": "6ceaa33a-2f0b-491e-a17e-5a0de14ea5f4"
}
[1766136399.765][DEBUG]: DevTools WebSocket Response: DOM.resolveNode (id=679) (session_id=0AAA18818893BB4F6B34C271151FCEB6) 5DE497F544D78911CBD1B96C7216F4D3 {
   "object": {
      "className": "HTMLDivElement",
      "description": "div.el-card__body",
      "objectId": "1667652473473659487.1.189",
      "subtype": "node",
      "type": "object"
   }
}
[1766136399.765][DEBUG]: DevTools WebSocket Command: Page.getFrameTree (id=680) (session_id=0AAA18818893BB4F6B34C271151FCEB6) 5DE497F544D78911CBD1B96C7216F4D3 {
}
[1766136399.766][DEBUG]: DevTools WebSocket Response: Page.getFrameTree (id=680) (session_id=0AAA18818893BB4F6B34C271151FCEB6) 5DE497F544D78911CBD1B96C7216F4D3 {
   "frameTree": {
      "frame": {
         "adFrameStatus": {
            "adFrameType": "none"
         },
         "crossOriginIsolatedContextType": "NotIsolated",
         "domainAndRegistry": "scrape.center",
         "gatedAPIFeatures": [  ],
         "id": "5DE497F544D78911CBD1B96C7216F4D3",
         "loaderId": "5017C2A040EE4D9953D9F7C6D2E8BB92",
         "mimeType": "text/html",
         "secureContextType": "Secure",
         "securityOrigin": "https://spa1.scrape.center",
         "securityOriginDetails": {
            "isLocalhost": false
         },
         "url": "https://spa1.scrape.center/"
      }
   }
}
[1766136399.766][DEBUG]: DevTools WebSocket Command: Runtime.callFunctionOn (id=681) (session_id=0AAA18818893BB4F6B34C271151FCEB6) 5DE497F544D78911CBD1B96C7216F4D3 {
   "arguments": [ {
      "objectId": "1667652473473659487.1.189"
   } ],
   "awaitPromise": true,
   "functionDeclaration": "function(){ return (function() { // Copyright 2012 The Chromium Authors\n// Use of this source code is governed by a BSD-style license that can be\n// found in the LICENSE file.\n\n/**\n * Enum for WebD...",
   "objectGroup": "6ceaa33a-2f0b-491e-a17e-5a0de14ea5f4",
   "serializationOptions": {
      "serialization": "deep"
   },
   "uniqueContextId": "-88754438306678378.-5366136884038128798"
}
[1766136399.768][DEBUG]: DevTools WebSocket Response: Runtime.callFunctionOn (id=681) (session_id=0AAA18818893BB4F6B34C271151FCEB6) 5DE497F544D78911CBD1B96C7216F4D3 {
   "result": {
      "className": "Array",
      "deepSerializedValue": {
         "type": "array",
         "value": [ {
            "type": "string",
            "value": "{\"status\":0,\"value\":{\"element-6066-11e4-a52e-4f735466cecf\":0}}"
         }, {
            "type": "node",
            "value": {
               "attributes": {
                  "class": "score m-t-md m-b-n-sm",
                  "data-v-1a647406": ""
               },
               "backendNodeId": 63,
               "childNodeCount": 1,
               "loaderId": "5017C2A040EE4D9953D9F7C6D2E8BB92",
               "localName": "p",
               "namespaceURI": "http://www.w3.org/1999/xhtml",
               "nodeType": 1,
               "shadowRoot": null
            }
         } ]
      },
      "description": "Array(2)",
      "objectId": "1667652473473659487.1.190",
      "subtype": "array",
      "type": "object"
   }
}
[1766136399.768][DEBUG]: DevTools WebSocket Command: Runtime.releaseObjectGroup (id=682) (session_id=0AAA18818893BB4F6B34C271151FCEB6) 5DE497F544D78911CBD1B96C7216F4D3 {
   "objectGroup": "6ceaa33a-2f0b-491e-a17e-5a0de14ea5f4"
}
[1766136399.768][INFO]: Waiting for pending navigations...
[1766136399.768][DEBUG]: DevTools WebSocket Command: Runtime.evaluate (id=683) (session_id=0AAA18818893BB4F6B34C271151FCEB6) 5DE497F544D78911CBD1B96C7216F4D3 {
   "expression": "1"
}
[1766136399.768][DEBUG]: DevTools WebSocket Response: Runtime.releaseObjectGroup (id=682) (session_id=0AAA18818893BB4F6B34C271151FCEB6) 5DE497F544D78911CBD1B96C7216F4D3 {
}
[1766136399.769][DEBUG]: DevTools WebSocket Response: Runtime.evaluate (id=683) (session_id=0AAA18818893BB4F6B34C271151FCEB6) 5DE497F544D78911CBD1B96C7216F4D3 {
   "result": {
      "description": "1",
      "type": "number",
      "value": 1
   }
}
[1766136399.769][INFO]: Done waiting for pending navigations. Status: ok
[1766136399.769][INFO]: [8cac16ba8b44337f2ba68d6c6e00a2d1] RESPONSE FindChildElement {
   "element-6066-11e4-a52e-4f735466cecf": "f.5DE497F544D78911CBD1B96C7216F4D3.d.5017C2A040EE4D9953D9F7C6D2E8BB92.e.63"
}
[1766136399.769][INFO]: [8cac16ba8b44337f2ba68d6c6e00a2d1] COMMAND GetElementText {
   "id": "f.5DE497F544D78911CBD1B96C7216F4D3.d.5017C2A040EE4D9953D9F7C6D2E8BB92.e.63"
}
[1766136399.770][INFO]: Waiting for pending navigations...
[1766136399.770][DEBUG]: DevTools WebSocket Command: Runtime.evaluate (id=684) (session_id=0AAA18818893BB4F6B34C271151FCEB6) 5DE497F544D78911CBD1B96C7216F4D3 {
   "expression": "1"
}
[1766136399.770][DEBUG]: DevTools WebSocket Response: Runtime.evaluate (id=684) (session_id=0AAA18818893BB4F6B34C271151FCEB6) 5DE497F544D78911CBD1B96C7216F4D3 {
   "result": {
      "description": "1",
      "type": "number",
      "value": 1
   }
}
[1766136399.770][INFO]: Done waiting for pending navigations. Status: ok
[1766136399.770][DEBUG]: DevTools WebSocket Command: Page.getFrameTree (id=685) (session_id=0AAA18818893BB4F6B34C271151FCEB6) 5DE497F544D78911CBD1B96C7216F4D3 {
}
[1766136399.770][DEBUG]: DevTools WebSocket Response: Page.getFrameTree (id=685) (session_id=0AAA18818893BB4F6B34C271151FCEB6) 5DE497F544D78911CBD1B96C7216F4D3 {
   "frameTree": {
      "frame": {
         "adFrameStatus": {
            "adFrameType": "none"
         },
         "crossOriginIsolatedContextType": "NotIsolated",
         "domainAndRegistry": "scrape.center",
         "gatedAPIFeatures": [  ],
         "id": "5DE497F544D78911CBD1B96C7216F4D3",
         "loaderId": "5017C2A040EE4D9953D9F7C6D2E8BB92",
         "mimeType": "text/html",
         "secureContextType": "Secure",
         "securityOrigin": "https://spa1.scrape.center",
         "securityOriginDetails": {
            "isLocalhost": false
         },
         "url": "https://spa1.scrape.center/"
      }
   }
}
[1766136399.770][DEBUG]: DevTools WebSocket Command: DOM.resolveNode (id=686) (session_id=0AAA18818893BB4F6B34C271151FCEB6) 5DE497F544D78911CBD1B96C7216F4D3 {
   "backendNodeId": 63,
   "objectGroup": "caa74503-4083-499f-a968-4345456dfd2a"
}
[1766136399.771][DEBUG]: DevTools WebSocket Response: DOM.resolveNode (id=686) (session_id=0AAA18818893BB4F6B34C271151FCEB6) 5DE497F544D78911CBD1B96C7216F4D3 {
   "object": {
      "className": "HTMLParagraphElement",
      "description": "p.score.m-t-md.m-b-n-sm",
      "objectId": "1667652473473659487.1.191",
      "subtype": "node",
      "type": "object"
   }
}
[1766136399.771][DEBUG]: DevTools WebSocket Command: Page.getFrameTree (id=687) (session_id=0AAA18818893BB4F6B34C271151FCEB6) 5DE497F544D78911CBD1B96C7216F4D3 {
}
[1766136399.771][DEBUG]: DevTools WebSocket Response: Page.getFrameTree (id=687) (session_id=0AAA18818893BB4F6B34C271151FCEB6) 5DE497F544D78911CBD1B96C7216F4D3 {
   "frameTree": {
      "frame": {
         "adFrameStatus": {
            "adFrameType": "none"
         },
         "crossOriginIsolatedContextType": "NotIsolated",
         "domainAndRegistry": "scrape.center",
         "gatedAPIFeatures": [  ],
         "id": "5DE497F544D78911CBD1B96C7216F4D3",
         "loaderId": "5017C2A040EE4D9953D9F7C6D2E8BB92",
         "mimeType": "text/html",
         "secureContextType": "Secure",
         "securityOrigin": "https://spa1.scrape.center",
         "securityOriginDetails": {
            "isLocalhost": false
         },
         "url": "https://spa1.scrape.center/"
      }
   }
}
[1766136399.772][DEBUG]: DevTools WebSocket Command: Runtime.callFunctionOn (id=688) (session_id=0AAA18818893BB4F6B34C271151FCEB6) 5DE497F544D78911CBD1B96C7216F4D3 {
   "arguments": [ {
      "objectId": "1667652473473659487.1.191"
   } ],
   "awaitPromise": true,
   "functionDeclaration": "function(){ return (function() { // Copyright 2012 The Chromium Authors\n// Use of this source code is governed by a BSD-style license that can be\n// found in the LICENSE file.\n\n/**\n * Enum for WebD...",
   "objectGroup": "caa74503-4083-499f-a968-4345456dfd2a",
   "serializationOptions": {
      "serialization": "deep"
   },
   "uniqueContextId": "-88754438306678378.-5366136884038128798"
}
[1766136399.774][DEBUG]: DevTools WebSocket Response: Runtime.callFunctionOn (id=688) (session_id=0AAA18818893BB4F6B34C271151FCEB6) 5DE497F544D78911CBD1B96C7216F4D3 {
   "result": {
      "className": "Array",
      "deepSerializedValue": {
         "type": "array",
         "value": [ {
            "type": "string",
            "value": "{\"status\":0,\"value\":\"9.0\"}"
         } ]
      },
      "description": "Array(1)",
      "objectId": "1667652473473659487.1.192",
      "subtype": "array",
      "type": "object"
   }
}
[1766136399.774][DEBUG]: DevTools WebSocket Command: Runtime.releaseObjectGroup (id=689) (session_id=0AAA18818893BB4F6B34C271151FCEB6) 5DE497F544D78911CBD1B96C7216F4D3 {
   "objectGroup": "caa74503-4083-499f-a968-4345456dfd2a"
}
[1766136399.774][INFO]: Waiting for pending navigations...
[1766136399.774][DEBUG]: DevTools WebSocket Command: Runtime.evaluate (id=690) (session_id=0AAA18818893BB4F6B34C271151FCEB6) 5DE497F544D78911CBD1B96C7216F4D3 {
   "expression": "1"
}
[1766136399.775][DEBUG]: DevTools WebSocket Response: Runtime.releaseObjectGroup (id=689) (session_id=0AAA18818893BB4F6B34C271151FCEB6) 5DE497F544D78911CBD1B96C7216F4D3 {
}
[1766136399.775][DEBUG]: DevTools WebSocket Response: Runtime.evaluate (id=690) (session_id=0AAA18818893BB4F6B34C271151FCEB6) 5DE497F544D78911CBD1B96C7216F4D3 {
   "result": {
      "description": "1",
      "type": "number",
      "value": 1
   }
}
[1766136399.775][INFO]: Done waiting for pending navigations. Status: ok
[1766136399.775][INFO]: [8cac16ba8b44337f2ba68d6c6e00a2d1] RESPONSE GetElementText "9.0"
[1766136399.776][INFO]: [8cac16ba8b44337f2ba68d6c6e00a2d1] COMMAND FindChildElement {
   "id": "f.5DE497F544D78911CBD1B96C7216F4D3.d.5017C2A040EE4D9953D9F7C6D2E8BB92.e.18",
   "using": "css selector",
   "value": ".m-b-sm"
}
[1766136399.776][INFO]: Waiting for pending navigations...
[1766136399.776][DEBUG]: DevTools WebSocket Command: Runtime.evaluate (id=691) (session_id=0AAA18818893BB4F6B34C271151FCEB6) 5DE497F544D78911CBD1B96C7216F4D3 {
   "expression": "1"
}
[1766136399.776][DEBUG]: DevTools WebSocket Response: Runtime.evaluate (id=691) (session_id=0AAA18818893BB4F6B34C271151FCEB6) 5DE497F544D78911CBD1B96C7216F4D3 {
   "result": {
      "description": "1",
      "type": "number",
      "value": 1
   }
}
[1766136399.776][INFO]: Done waiting for pending navigations. Status: ok
[1766136399.776][DEBUG]: DevTools WebSocket Command: Page.getFrameTree (id=692) (session_id=0AAA18818893BB4F6B34C271151FCEB6) 5DE497F544D78911CBD1B96C7216F4D3 {
}
[1766136399.776][DEBUG]: DevTools WebSocket Response: Page.getFrameTree (id=692) (session_id=0AAA18818893BB4F6B34C271151FCEB6) 5DE497F544D78911CBD1B96C7216F4D3 {
   "frameTree": {
      "frame": {
         "adFrameStatus": {
            "adFrameType": "none"
         },
         "crossOriginIsolatedContextType": "NotIsolated",
         "domainAndRegistry": "scrape.center",
         "gatedAPIFeatures": [  ],
         "id": "5DE497F544D78911CBD1B96C7216F4D3",
         "loaderId": "5017C2A040EE4D9953D9F7C6D2E8BB92",
         "mimeType": "text/html",
         "secureContextType": "Secure",
         "securityOrigin": "https://spa1.scrape.center",
         "securityOriginDetails": {
            "isLocalhost": false
         },
         "url": "https://spa1.scrape.center/"
      }
   }
}
[1766136399.776][DEBUG]: DevTools WebSocket Command: DOM.resolveNode (id=693) (session_id=0AAA18818893BB4F6B34C271151FCEB6) 5DE497F544D78911CBD1B96C7216F4D3 {
   "backendNodeId": 18,
   "objectGroup": "aa8287c3-7747-4464-b93d-313a2e0ee9c6"
}
[1766136399.777][DEBUG]: DevTools WebSocket Response: DOM.resolveNode (id=693) (session_id=0AAA18818893BB4F6B34C271151FCEB6) 5DE497F544D78911CBD1B96C7216F4D3 {
   "object": {
      "className": "HTMLDivElement",
      "description": "div.el-card__body",
      "objectId": "1667652473473659487.1.193",
      "subtype": "node",
      "type": "object"
   }
}
[1766136399.777][DEBUG]: DevTools WebSocket Command: Page.getFrameTree (id=694) (session_id=0AAA18818893BB4F6B34C271151FCEB6) 5DE497F544D78911CBD1B96C7216F4D3 {
}
[1766136399.777][DEBUG]: DevTools WebSocket Response: Page.getFrameTree (id=694) (session_id=0AAA18818893BB4F6B34C271151FCEB6) 5DE497F544D78911CBD1B96C7216F4D3 {
   "frameTree": {
      "frame": {
         "adFrameStatus": {
            "adFrameType": "none"
         },
         "crossOriginIsolatedContextType": "NotIsolated",
         "domainAndRegistry": "scrape.center",
         "gatedAPIFeatures": [  ],
         "id": "5DE497F544D78911CBD1B96C7216F4D3",
         "loaderId": "5017C2A040EE4D9953D9F7C6D2E8BB92",
         "mimeType": "text/html",
         "secureContextType": "Secure",
         "securityOrigin": "https://spa1.scrape.center",
         "securityOriginDetails": {
            "isLocalhost": false
         },
         "url": "https://spa1.scrape.center/"
      }
   }
}
[1766136399.778][DEBUG]: DevTools WebSocket Command: Runtime.callFunctionOn (id=695) (session_id=0AAA18818893BB4F6B34C271151FCEB6) 5DE497F544D78911CBD1B96C7216F4D3 {
   "arguments": [ {
      "objectId": "1667652473473659487.1.193"
   } ],
   "awaitPromise": true,
   "functionDeclaration": "function(){ return (function() { // Copyright 2012 The Chromium Authors\n// Use of this source code is governed by a BSD-style license that can be\n// found in the LICENSE file.\n\n/**\n * Enum for WebD...",
   "objectGroup": "aa8287c3-7747-4464-b93d-313a2e0ee9c6",
   "serializationOptions": {
      "serialization": "deep"
   },
   "uniqueContextId": "-88754438306678378.-5366136884038128798"
}
[1766136399.779][DEBUG]: DevTools WebSocket Response: Runtime.callFunctionOn (id=695) (session_id=0AAA18818893BB4F6B34C271151FCEB6) 5DE497F544D78911CBD1B96C7216F4D3 {
   "result": {
      "className": "Array",
      "deepSerializedValue": {
         "type": "array",
         "value": [ {
            "type": "string",
            "value": "{\"status\":0,\"value\":{\"element-6066-11e4-a52e-4f735466cecf\":0}}"
         }, {
            "type": "node",
            "value": {
               "attributes": {
                  "class": "m-b-sm",
                  "data-v-1a647406": ""
               },
               "backendNodeId": 64,
               "childNodeCount": 1,
               "loaderId": "5017C2A040EE4D9953D9F7C6D2E8BB92",
               "localName": "h2",
               "namespaceURI": "http://www.w3.org/1999/xhtml",
               "nodeType": 1,
               "shadowRoot": null
            }
         } ]
      },
      "description": "Array(2)",
      "objectId": "1667652473473659487.1.194",
      "subtype": "array",
      "type": "object"
   }
}
[1766136399.779][DEBUG]: DevTools WebSocket Command: Runtime.releaseObjectGroup (id=696) (session_id=0AAA18818893BB4F6B34C271151FCEB6) 5DE497F544D78911CBD1B96C7216F4D3 {
   "objectGroup": "aa8287c3-7747-4464-b93d-313a2e0ee9c6"
}
[1766136399.780][INFO]: Waiting for pending navigations...
[1766136399.780][DEBUG]: DevTools WebSocket Command: Runtime.evaluate (id=697) (session_id=0AAA18818893BB4F6B34C271151FCEB6) 5DE497F544D78911CBD1B96C7216F4D3 {
   "expression": "1"
}
[1766136399.780][DEBUG]: DevTools WebSocket Response: Runtime.releaseObjectGroup (id=696) (session_id=0AAA18818893BB4F6B34C271151FCEB6) 5DE497F544D78911CBD1B96C7216F4D3 {
}
[1766136399.780][DEBUG]: DevTools WebSocket Response: Runtime.evaluate (id=697) (session_id=0AAA18818893BB4F6B34C271151FCEB6) 5DE497F544D78911CBD1B96C7216F4D3 {
   "result": {
      "description": "1",
      "type": "number",
      "value": 1
   }
}
[1766136399.780][INFO]: Done waiting for pending navigations. Status: ok
[1766136399.780][INFO]: [8cac16ba8b44337f2ba68d6c6e00a2d1] RESPONSE FindChildElement {
   "element-6066-11e4-a52e-4f735466cecf": "f.5DE497F544D78911CBD1B96C7216F4D3.d.5017C2A040EE4D9953D9F7C6D2E8BB92.e.64"
}
[1766136399.781][INFO]: [8cac16ba8b44337f2ba68d6c6e00a2d1] COMMAND GetElementText {
   "id": "f.5DE497F544D78911CBD1B96C7216F4D3.d.5017C2A040EE4D9953D9F7C6D2E8BB92.e.64"
}
[1766136399.781][INFO]: Waiting for pending navigations...
[1766136399.781][DEBUG]: DevTools WebSocket Command: Runtime.evaluate (id=698) (session_id=0AAA18818893BB4F6B34C271151FCEB6) 5DE497F544D78911CBD1B96C7216F4D3 {
   "expression": "1"
}
[1766136399.781][DEBUG]: DevTools WebSocket Response: Runtime.evaluate (id=698) (session_id=0AAA18818893BB4F6B34C271151FCEB6) 5DE497F544D78911CBD1B96C7216F4D3 {
   "result": {
      "description": "1",
      "type": "number",
      "value": 1
   }
}
[1766136399.781][INFO]: Done waiting for pending navigations. Status: ok
[1766136399.781][DEBUG]: DevTools WebSocket Command: Page.getFrameTree (id=699) (session_id=0AAA18818893BB4F6B34C271151FCEB6) 5DE497F544D78911CBD1B96C7216F4D3 {
}
[1766136399.782][DEBUG]: DevTools WebSocket Response: Page.getFrameTree (id=699) (session_id=0AAA18818893BB4F6B34C271151FCEB6) 5DE497F544D78911CBD1B96C7216F4D3 {
   "frameTree": {
      "frame": {
         "adFrameStatus": {
            "adFrameType": "none"
         },
         "crossOriginIsolatedContextType": "NotIsolated",
         "domainAndRegistry": "scrape.center",
         "gatedAPIFeatures": [  ],
         "id": "5DE497F544D78911CBD1B96C7216F4D3",
         "loaderId": "5017C2A040EE4D9953D9F7C6D2E8BB92",
         "mimeType": "text/html",
         "secureContextType": "Secure",
         "securityOrigin": "https://spa1.scrape.center",
         "securityOriginDetails": {
            "isLocalhost": false
         },
         "url": "https://spa1.scrape.center/"
      }
   }
}
[1766136399.782][DEBUG]: DevTools WebSocket Command: DOM.resolveNode (id=700) (session_id=0AAA18818893BB4F6B34C271151FCEB6) 5DE497F544D78911CBD1B96C7216F4D3 {
   "backendNodeId": 64,
   "objectGroup": "83264e9b-0e81-410b-be85-f30b5674864a"
}
[1766136399.782][DEBUG]: DevTools WebSocket Response: DOM.resolveNode (id=700) (session_id=0AAA18818893BB4F6B34C271151FCEB6) 5DE497F544D78911CBD1B96C7216F4D3 {
   "object": {
      "className": "HTMLHeadingElement",
      "description": "h2.m-b-sm",
      "objectId": "1667652473473659487.1.195",
      "subtype": "node",
      "type": "object"
   }
}
[1766136399.782][DEBUG]: DevTools WebSocket Command: Page.getFrameTree (id=701) (session_id=0AAA18818893BB4F6B34C271151FCEB6) 5DE497F544D78911CBD1B96C7216F4D3 {
}
[1766136399.782][DEBUG]: DevTools WebSocket Response: Page.getFrameTree (id=701) (session_id=0AAA18818893BB4F6B34C271151FCEB6) 5DE497F544D78911CBD1B96C7216F4D3 {
   "frameTree": {
      "frame": {
         "adFrameStatus": {
            "adFrameType": "none"
         },
         "crossOriginIsolatedContextType": "NotIsolated",
         "domainAndRegistry": "scrape.center",
         "gatedAPIFeatures": [  ],
         "id": "5DE497F544D78911CBD1B96C7216F4D3",
         "loaderId": "5017C2A040EE4D9953D9F7C6D2E8BB92",
         "mimeType": "text/html",
         "secureContextType": "Secure",
         "securityOrigin": "https://spa1.scrape.center",
         "securityOriginDetails": {
            "isLocalhost": false
         },
         "url": "https://spa1.scrape.center/"
      }
   }
}
[1766136399.784][DEBUG]: DevTools WebSocket Command: Runtime.callFunctionOn (id=702) (session_id=0AAA18818893BB4F6B34C271151FCEB6) 5DE497F544D78911CBD1B96C7216F4D3 {
   "arguments": [ {
      "objectId": "1667652473473659487.1.195"
   } ],
   "awaitPromise": true,
   "functionDeclaration": "function(){ return (function() { // Copyright 2012 The Chromium Authors\n// Use of this source code is governed by a BSD-style license that can be\n// found in the LICENSE file.\n\n/**\n * Enum for WebD...",
   "objectGroup": "83264e9b-0e81-410b-be85-f30b5674864a",
   "serializationOptions": {
      "serialization": "deep"
   },
   "uniqueContextId": "-88754438306678378.-5366136884038128798"
}
[1766136399.786][DEBUG]: DevTools WebSocket Response: Runtime.callFunctionOn (id=702) (session_id=0AAA18818893BB4F6B34C271151FCEB6) 5DE497F544D78911CBD1B96C7216F4D3 {
   "result": {
      "className": "Array",
      "deepSerializedValue": {
         "type": "array",
         "value": [ {
            "type": "string",
            "value": "{\"status\":0,\"value\":\"狮子王 - The Lion King\"}"
         } ]
      },
      "description": "Array(1)",
      "objectId": "1667652473473659487.1.196",
      "subtype": "array",
      "type": "object"
   }
}
[1766136399.786][DEBUG]: DevTools WebSocket Command: Runtime.releaseObjectGroup (id=703) (session_id=0AAA18818893BB4F6B34C271151FCEB6) 5DE497F544D78911CBD1B96C7216F4D3 {
   "objectGroup": "83264e9b-0e81-410b-be85-f30b5674864a"
}
[1766136399.786][INFO]: Waiting for pending navigations...
[1766136399.786][DEBUG]: DevTools WebSocket Command: Runtime.evaluate (id=704) (session_id=0AAA18818893BB4F6B34C271151FCEB6) 5DE497F544D78911CBD1B96C7216F4D3 {
   "expression": "1"
}
[1766136399.786][DEBUG]: DevTools WebSocket Response: Runtime.releaseObjectGroup (id=703) (session_id=0AAA18818893BB4F6B34C271151FCEB6) 5DE497F544D78911CBD1B96C7216F4D3 {
}
[1766136399.787][DEBUG]: DevTools WebSocket Response: Runtime.evaluate (id=704) (session_id=0AAA18818893BB4F6B34C271151FCEB6) 5DE497F544D78911CBD1B96C7216F4D3 {
   "result": {
      "description": "1",
      "type": "number",
      "value": 1
   }
}
[1766136399.787][INFO]: Done waiting for pending navigations. Status: ok
[1766136399.787][INFO]: [8cac16ba8b44337f2ba68d6c6e00a2d1] RESPONSE GetElementText "狮子王 - The Lion King"
[1766136399.787][INFO]: [8cac16ba8b44337f2ba68d6c6e00a2d1] COMMAND FindChildElement {
   "id": "f.5DE497F544D78911CBD1B96C7216F4D3.d.5017C2A040EE4D9953D9F7C6D2E8BB92.e.18",
   "using": "css selector",
   "value": "a[href*='/detail/']"
}
[1766136399.787][INFO]: Waiting for pending navigations...
[1766136399.787][DEBUG]: DevTools WebSocket Command: Runtime.evaluate (id=705) (session_id=0AAA18818893BB4F6B34C271151FCEB6) 5DE497F544D78911CBD1B96C7216F4D3 {
   "expression": "1"
}
[1766136399.788][DEBUG]: DevTools WebSocket Response: Runtime.evaluate (id=705) (session_id=0AAA18818893BB4F6B34C271151FCEB6) 5DE497F544D78911CBD1B96C7216F4D3 {
   "result": {
      "description": "1",
      "type": "number",
      "value": 1
   }
}
[1766136399.788][INFO]: Done waiting for pending navigations. Status: ok
[1766136399.788][DEBUG]: DevTools WebSocket Command: Page.getFrameTree (id=706) (session_id=0AAA18818893BB4F6B34C271151FCEB6) 5DE497F544D78911CBD1B96C7216F4D3 {
}
[1766136399.788][DEBUG]: DevTools WebSocket Response: Page.getFrameTree (id=706) (session_id=0AAA18818893BB4F6B34C271151FCEB6) 5DE497F544D78911CBD1B96C7216F4D3 {
   "frameTree": {
      "frame": {
         "adFrameStatus": {
            "adFrameType": "none"
         },
         "crossOriginIsolatedContextType": "NotIsolated",
         "domainAndRegistry": "scrape.center",
         "gatedAPIFeatures": [  ],
         "id": "5DE497F544D78911CBD1B96C7216F4D3",
         "loaderId": "5017C2A040EE4D9953D9F7C6D2E8BB92",
         "mimeType": "text/html",
         "secureContextType": "Secure",
         "securityOrigin": "https://spa1.scrape.center",
         "securityOriginDetails": {
            "isLocalhost": false
         },
         "url": "https://spa1.scrape.center/"
      }
   }
}
[1766136399.788][DEBUG]: DevTools WebSocket Command: DOM.resolveNode (id=707) (session_id=0AAA18818893BB4F6B34C271151FCEB6) 5DE497F544D78911CBD1B96C7216F4D3 {
   "backendNodeId": 18,
   "objectGroup": "83cfc8b1-df4d-4a1a-81cc-0d3a3f531a0c"
}
[1766136399.789][DEBUG]: DevTools WebSocket Response: DOM.resolveNode (id=707) (session_id=0AAA18818893BB4F6B34C271151FCEB6) 5DE497F544D78911CBD1B96C7216F4D3 {
   "object": {
      "className": "HTMLDivElement",
      "description": "div.el-card__body",
      "objectId": "1667652473473659487.1.197",
      "subtype": "node",
      "type": "object"
   }
}
[1766136399.789][DEBUG]: DevTools WebSocket Command: Page.getFrameTree (id=708) (session_id=0AAA18818893BB4F6B34C271151FCEB6) 5DE497F544D78911CBD1B96C7216F4D3 {
}
[1766136399.789][DEBUG]: DevTools WebSocket Response: Page.getFrameTree (id=708) (session_id=0AAA18818893BB4F6B34C271151FCEB6) 5DE497F544D78911CBD1B96C7216F4D3 {
   "frameTree": {
      "frame": {
         "adFrameStatus": {
            "adFrameType": "none"
         },
         "crossOriginIsolatedContextType": "NotIsolated",
         "domainAndRegistry": "scrape.center",
         "gatedAPIFeatures": [  ],
         "id": "5DE497F544D78911CBD1B96C7216F4D3",
         "loaderId": "5017C2A040EE4D9953D9F7C6D2E8BB92",
         "mimeType": "text/html",
         "secureContextType": "Secure",
         "securityOrigin": "https://spa1.scrape.center",
         "securityOriginDetails": {
            "isLocalhost": false
         },
         "url": "https://spa1.scrape.center/"
      }
   }
}
[1766136399.791][DEBUG]: DevTools WebSocket Command: Runtime.callFunctionOn (id=709) (session_id=0AAA18818893BB4F6B34C271151FCEB6) 5DE497F544D78911CBD1B96C7216F4D3 {
   "arguments": [ {
      "objectId": "1667652473473659487.1.197"
   } ],
   "awaitPromise": true,
   "functionDeclaration": "function(){ return (function() { // Copyright 2012 The Chromium Authors\n// Use of this source code is governed by a BSD-style license that can be\n// found in the LICENSE file.\n\n/**\n * Enum for WebD...",
   "objectGroup": "83cfc8b1-df4d-4a1a-81cc-0d3a3f531a0c",
   "serializationOptions": {
      "serialization": "deep"
   },
   "uniqueContextId": "-88754438306678378.-5366136884038128798"
}
[1766136399.793][DEBUG]: DevTools WebSocket Response: Runtime.callFunctionOn (id=709) (session_id=0AAA18818893BB4F6B34C271151FCEB6) 5DE497F544D78911CBD1B96C7216F4D3 {
   "result": {
      "className": "Array",
      "deepSerializedValue": {
         "type": "array",
         "value": [ {
            "type": "string",
            "value": "{\"status\":0,\"value\":{\"element-6066-11e4-a52e-4f735466cecf\":0}}"
         }, {
            "type": "node",
            "value": {
               "attributes": {
                  "class": "",
                  "data-v-1a647406": "",
                  "href": "/detail/10"
               },
               "backendNodeId": 65,
               "childNodeCount": 1,
               "loaderId": "5017C2A040EE4D9953D9F7C6D2E8BB92",
               "localName": "a",
               "namespaceURI": "http://www.w3.org/1999/xhtml",
               "nodeType": 1,
               "shadowRoot": null
            }
         } ]
      },
      "description": "Array(2)",
      "objectId": "1667652473473659487.1.198",
      "subtype": "array",
      "type": "object"
   }
}
[1766136399.793][DEBUG]: DevTools WebSocket Command: Runtime.releaseObjectGroup (id=710) (session_id=0AAA18818893BB4F6B34C271151FCEB6) 5DE497F544D78911CBD1B96C7216F4D3 {
   "objectGroup": "83cfc8b1-df4d-4a1a-81cc-0d3a3f531a0c"
}
[1766136399.793][INFO]: Waiting for pending navigations...
[1766136399.793][DEBUG]: DevTools WebSocket Command: Runtime.evaluate (id=711) (session_id=0AAA18818893BB4F6B34C271151FCEB6) 5DE497F544D78911CBD1B96C7216F4D3 {
   "expression": "1"
}
[1766136399.793][DEBUG]: DevTools WebSocket Response: Runtime.releaseObjectGroup (id=710) (session_id=0AAA18818893BB4F6B34C271151FCEB6) 5DE497F544D78911CBD1B96C7216F4D3 {
}
[1766136399.793][DEBUG]: DevTools WebSocket Response: Runtime.evaluate (id=711) (session_id=0AAA18818893BB4F6B34C271151FCEB6) 5DE497F544D78911CBD1B96C7216F4D3 {
   "result": {
      "description": "1",
      "type": "number",
      "value": 1
   }
}
[1766136399.793][INFO]: Done waiting for pending navigations. Status: ok
[1766136399.793][INFO]: [8cac16ba8b44337f2ba68d6c6e00a2d1] RESPONSE FindChildElement {
   "element-6066-11e4-a52e-4f735466cecf": "f.5DE497F544D78911CBD1B96C7216F4D3.d.5017C2A040EE4D9953D9F7C6D2E8BB92.e.65"
}
[1766136399.794][INFO]: [8cac16ba8b44337f2ba68d6c6e00a2d1] COMMAND ExecuteScript {
   "args": [ {
      "element-6066-11e4-a52e-4f735466cecf": "f.5DE497F544D78911CBD1B96C7216F4D3.d.5017C2A040EE4D9953D9F7C6D2E8BB92.e.65"
   }, "href" ],
   "script": "/* getAttribute */return (function(){return (function(){var d=this||self;function f(a,b){function c(){}c.prototype=b.prototype;a.prototype=new c;a.prototype.constructor=a};var h=Array.prototype.indexOf?function(a,b){return Array.prototype.indexOf.call(a,b,void 0)}:function(a,b){if(\"string\"===typeof a)return\"string\"!==typeof b||1!=b.length?-1:a.indexOf(b,0);for(var c=0;c\u003Ca.length;c++)if(c in a&&a[c]===b)return c;return-1},k=Array.prototype.forEach?function(a,b){Array.prototype.forEach.call(a,b,void 0)}:function(a,b){for(var c=a.length,e=\"string\"===typeof a?a.split(\"\"):a,g=0;g\u003Cc;g++)g in e&&b.call(void 0,e[g],g,a)};function l(a,b){this.code=a;this.a=m[a]||n;this.message=b||\"\";a=this.a.replace(/((?:^|\\s+)[a-z])/g,function(c){return c.toUpperCase().replace(/^[\\s\\xa0]+/g,\"\")});b=a.length-5;if(0>b||a.indexOf(\"Error\",b)!=b)a+=\"Error\";this.name=a;a=Error(this.message);a.name=this.name;this.stack=a.stack||\"\"}f(l,Error);var n=\"unknown error\",m={15:\"element not selectable\",11:\"element not visible\"};m[31]=n;m[30]=n;m[24]=\"invalid cookie domain\";m[29]=\"invalid element coordinates\";m[12]=\"invalid element state\";m[32]=\"invalid selector\";\nm[51]=\"invalid selector\";m[52]=\"invalid selector\";m[17]=\"javascript error\";m[405]=\"unsupported operation\";m[34]=\"move target out of bounds\";m[27]=\"no such alert\";m[7]=\"no such element\";m[8]=\"no such frame\";m[23]=\"no such window\";m[28]=\"script timeout\";m[33]=\"session not created\";m[10]=\"stale element reference\";m[21]=\"timeout\";m[25]=\"unable to set cookie\";m[26]=\"unexpected alert open\";m[13]=n;m[9]=\"unknown command\";var p;a:{var q=d.navigator;if(q){var r=q.userAgent;if(r){p=r;break a}}p=\"\"}function t(a){return-1!=p.indexOf(a)};function u(){return t(\"Firefox\")||t(\"FxiOS\")}function v(){return(t(\"Chrome\")||t(\"CriOS\"))&&!t(\"Edge\")};function w(){return t(\"iPhone\")&&!t(\"iPod\")&&!t(\"iPad\")};var y=t(\"Opera\"),z=t(\"Trident\")||t(\"MSIE\"),A=t(\"Edge\"),B=t(\"Gecko\")&&!(-1!=p.toLowerCase().indexOf(\"webkit\")&&!t(\"Edge\"))&&!(t(\"Trident\")||t(\"MSIE\"))&&!t(\"Edge\"),C=-1!=p.toLowerCase().indexOf(\"webkit\")&&!t(\"Edge\");function D(){var a=d.document;return a?a.documentMode:void 0}var E;\na:{var F=\"\",G=function(){var a=p;if(B)return/rv:([^\\);]+)(\\)|;)/.exec(a);if(A)return/Edge\\/([\\d\\.]+)/.exec(a);if(z)return/\\b(?:MSIE|rv)[: ]([^\\);]+)(\\)|;)/.exec(a);if(C)return/WebKit\\/(\\S+)/.exec(a);if(y)return/(?:Version)[ \\/]?(\\S+)/.exec(a)}();G&&(F=G?G[1]:\"\");if(z){var H=D();if(null!=H&&H>parseFloat(F)){E=String(H);break a}}E=F}var I;I=d.document&&z?D():void 0;var J=u(),K=w()||t(\"iPod\"),L=t(\"iPad\"),M=t(\"Android\")&&!(v()||u()||t(\"Opera\")||t(\"Silk\")),N=v(),aa=t(\"Safari\")&&!(v()||t(\"Coast\")||t(\"Opera\")||t(\"Edge\")||t(\"Edg/\")||t(\"OPR\")||u()||t(\"Silk\")||t(\"Android\"))&&!(w()||t(\"iPad\")||t(\"iPod\"));function O(a){return(a=a.exec(p))?a[1]:\"\"}(function(){if(J)return O(/Firefox\\/([0-9.]+)/);if(z||A||y)return E;if(N)return w()||t(\"iPad\")||t(\"iPod\")?O(/CriOS\\/([0-9.]+)/):O(/Chrome\\/([0-9.]+)/);if(aa&&!(w()||t(\"iPad\")||t(\"iPod\")))return O(/Version\\/([0-9.]+)/);if(K||L){var a=/Version\\/(\\S+).*Mobile\\/(\\S+)/.exec(p);if(a)return a[1]+\".\"+a[2]}else if(M)return(a=O(/Android\\s+([0-9.]+)/))?a:O(/Version\\/([0-9.]+)/);return\"\"})();var P=z&&!(8\u003C=Number(I)),ba=z&&!(9\u003C=Number(I));var ca={SCRIPT:1,STYLE:1,HEAD:1,IFRAME:1,OBJECT:1},Q={IMG:\" \",BR:\"\\n\"};function R(a,b,c){if(!(a.nodeName in ca))if(3==a.nodeType)c?b.push(String(a.nodeValue).replace(/(\\r\\n|\\r|\\n)/g,\"\")):b.push(a.nodeValue);else if(a.nodeName in Q)b.push(Q[a.nodeName]);else for(a=a.firstChild;a;)R(a,b,c),a=a.nextSibling};function S(a,b){b=b.toLowerCase();return\"style\"==b?da(a.style.cssText):P&&\"value\"==b&&T(a,\"INPUT\")?a.value:ba&&!0===a[b]?String(a.getAttribute(b)):(a=a.getAttributeNode(b))&&a.specified?a.value:null}var ea=/[;]+(?=(?:(?:[^\"]*\"){2})*[^\"]*$)(?=(?:(?:[^']*'){2})*[^']*$)(?=(?:[^()]*\\([^()]*\\))*[^()]*$)/;\nfunction da(a){var b=[];k(a.split(ea),function(c){var e=c.indexOf(\":\");0\u003Ce&&(c=[c.slice(0,e),c.slice(e+1)],2==c.length&&b.push(c[0].toLowerCase(),\":\",c[1],\";\"))});b=b.join(\"\");return b=\";\"==b.charAt(b.length-1)?b:b+\";\"}function U(a,b){P&&\"value\"==b&&T(a,\"OPTION\")&&null===S(a,\"value\")?(b=[],R(a,b,!1),a=b.join(\"\")):a=a[b];return a}\nfunction T(a,b){b&&\"string\"!==typeof b&&(b=b.toString());return a instanceof HTMLFormElement?!!a&&1==a.nodeType&&(!b||\"FORM\"==b):!!a&&1==a.nodeType&&(!b||a.tagName.toUpperCase()==b)}function V(a){return T(a,\"OPTION\")?!0:T(a,\"INPUT\")?(a=a.type.toLowerCase(),\"checkbox\"==a||\"radio\"==a):!1};var fa={\"class\":\"className\",readonly:\"readOnly\"},ha=\"allowfullscreen allowpaymentrequest allowusermedia async autofocus autoplay checked compact complete controls declare default defaultchecked defaultselected defer disabled ended formnovalidate hidden indeterminate iscontenteditable ismap itemscope loop multiple muted nohref nomodule noresize noshade novalidate nowrap open paused playsinline pubdate readonly required reversed scoped seamless seeking selected truespeed typemustmatch willvalidate\".split(\" \");function W(a,b){var c=null,e=b.toLowerCase();if(\"style\"==e)return(c=a.style)&&\"string\"!=typeof c&&(c=c.cssText),c;if((\"selected\"==e||\"checked\"==e)&&V(a)){if(!V(a))throw new l(15,\"Element is not selectable\");b=\"selected\";c=a.type&&a.type.toLowerCase();if(\"checkbox\"==c||\"radio\"==c)b=\"checked\";return U(a,b)?\"true\":null}var g=T(a,\"A\");if(T(a,\"IMG\")&&\"src\"==e||g&&\"href\"==e)return(c=S(a,e))&&(c=U(a,e)),c;if(\"spellcheck\"==e){c=S(a,e);if(null!==c){if(\"false\"==c.toLowerCase())return\"false\";if(\"true\"==c.toLowerCase())return\"true\"}return U(a,\ne)+\"\"}g=fa[b]||b;if(0\u003C=h(ha,e))return(c=null!==S(a,b)||U(a,g))?\"true\":null;try{var x=U(a,g)}catch(ia){}(e=null==x)||(e=typeof x,e=\"object\"==e&&null!=x||\"function\"==e);e?c=S(a,b):c=x;return null!=c?c.toString():null}var X=[\"se_exportedFunctionSymbol\"],Y=d;X[0]in Y||\"undefined\"==typeof Y.execScript||Y.execScript(\"var \"+X[0]);for(var Z;X.length&&(Z=X.shift());)X.length||void 0===W?Y[Z]&&Y[Z]!==Object.prototype[Z]?Y=Y[Z]:Y=Y[Z]={}:Y[Z]=W;; return this.se_exportedFunctionSymbol.apply(null,arguments);}).apply(window, arguments);}\n).apply(null, arguments);"
}
[1766136399.794][INFO]: Waiting for pending navigations...
[1766136399.794][DEBUG]: DevTools WebSocket Command: Runtime.evaluate (id=712) (session_id=0AAA18818893BB4F6B34C271151FCEB6) 5DE497F544D78911CBD1B96C7216F4D3 {
   "expression": "1"
}
[1766136399.794][DEBUG]: DevTools WebSocket Response: Runtime.evaluate (id=712) (session_id=0AAA18818893BB4F6B34C271151FCEB6) 5DE497F544D78911CBD1B96C7216F4D3 {
   "result": {
      "description": "1",
      "type": "number",
      "value": 1
   }
}
[1766136399.794][INFO]: Done waiting for pending navigations. Status: ok
[1766136399.795][DEBUG]: DevTools WebSocket Command: Page.getFrameTree (id=713) (session_id=0AAA18818893BB4F6B34C271151FCEB6) 5DE497F544D78911CBD1B96C7216F4D3 {
}
[1766136399.795][DEBUG]: DevTools WebSocket Response: Page.getFrameTree (id=713) (session_id=0AAA18818893BB4F6B34C271151FCEB6) 5DE497F544D78911CBD1B96C7216F4D3 {
   "frameTree": {
      "frame": {
         "adFrameStatus": {
            "adFrameType": "none"
         },
         "crossOriginIsolatedContextType": "NotIsolated",
         "domainAndRegistry": "scrape.center",
         "gatedAPIFeatures": [  ],
         "id": "5DE497F544D78911CBD1B96C7216F4D3",
         "loaderId": "5017C2A040EE4D9953D9F7C6D2E8BB92",
         "mimeType": "text/html",
         "secureContextType": "Secure",
         "securityOrigin": "https://spa1.scrape.center",
         "securityOriginDetails": {
            "isLocalhost": false
         },
         "url": "https://spa1.scrape.center/"
      }
   }
}
[1766136399.795][DEBUG]: DevTools WebSocket Command: DOM.resolveNode (id=714) (session_id=0AAA18818893BB4F6B34C271151FCEB6) 5DE497F544D78911CBD1B96C7216F4D3 {
   "backendNodeId": 65,
   "objectGroup": "e4e95d79-2aa1-4e60-b1f3-916370b3c5e8"
}
[1766136399.795][DEBUG]: DevTools WebSocket Response: DOM.resolveNode (id=714) (session_id=0AAA18818893BB4F6B34C271151FCEB6) 5DE497F544D78911CBD1B96C7216F4D3 {
   "object": {
      "className": "HTMLAnchorElement",
      "description": "a",
      "objectId": "1667652473473659487.1.199",
      "subtype": "node",
      "type": "object"
   }
}
[1766136399.795][DEBUG]: DevTools WebSocket Command: Page.getFrameTree (id=715) (session_id=0AAA18818893BB4F6B34C271151FCEB6) 5DE497F544D78911CBD1B96C7216F4D3 {
}
[1766136399.796][DEBUG]: DevTools WebSocket Response: Page.getFrameTree (id=715) (session_id=0AAA18818893BB4F6B34C271151FCEB6) 5DE497F544D78911CBD1B96C7216F4D3 {
   "frameTree": {
      "frame": {
         "adFrameStatus": {
            "adFrameType": "none"
         },
         "crossOriginIsolatedContextType": "NotIsolated",
         "domainAndRegistry": "scrape.center",
         "gatedAPIFeatures": [  ],
         "id": "5DE497F544D78911CBD1B96C7216F4D3",
         "loaderId": "5017C2A040EE4D9953D9F7C6D2E8BB92",
         "mimeType": "text/html",
         "secureContextType": "Secure",
         "securityOrigin": "https://spa1.scrape.center",
         "securityOriginDetails": {
            "isLocalhost": false
         },
         "url": "https://spa1.scrape.center/"
      }
   }
}
[1766136399.796][DEBUG]: DevTools WebSocket Command: Runtime.callFunctionOn (id=716) (session_id=0AAA18818893BB4F6B34C271151FCEB6) 5DE497F544D78911CBD1B96C7216F4D3 {
   "arguments": [ {
      "objectId": "1667652473473659487.1.199"
   } ],
   "awaitPromise": true,
   "functionDeclaration": "function(){ return (function() { // Copyright 2012 The Chromium Authors\n// Use of this source code is governed by a BSD-style license that can be\n// found in the LICENSE file.\n\n/**\n * Enum for WebD...",
   "objectGroup": "e4e95d79-2aa1-4e60-b1f3-916370b3c5e8",
   "serializationOptions": {
      "serialization": "deep"
   },
   "uniqueContextId": "-88754438306678378.-5366136884038128798"
}
[1766136399.797][DEBUG]: DevTools WebSocket Response: Runtime.callFunctionOn (id=716) (session_id=0AAA18818893BB4F6B34C271151FCEB6) 5DE497F544D78911CBD1B96C7216F4D3 {
   "result": {
      "className": "Array",
      "deepSerializedValue": {
         "type": "array",
         "value": [ {
            "type": "string",
            "value": "{\"status\":0,\"value\":\"https://spa1.scrape.center/detail/10\"}"
         } ]
      },
      "description": "Array(1)",
      "objectId": "1667652473473659487.1.200",
      "subtype": "array",
      "type": "object"
   }
}
[1766136399.797][DEBUG]: DevTools WebSocket Command: Runtime.releaseObjectGroup (id=717) (session_id=0AAA18818893BB4F6B34C271151FCEB6) 5DE497F544D78911CBD1B96C7216F4D3 {
   "objectGroup": "e4e95d79-2aa1-4e60-b1f3-916370b3c5e8"
}
[1766136399.797][INFO]: Waiting for pending navigations...
[1766136399.797][DEBUG]: DevTools WebSocket Command: Runtime.evaluate (id=718) (session_id=0AAA18818893BB4F6B34C271151FCEB6) 5DE497F544D78911CBD1B96C7216F4D3 {
   "expression": "1"
}
[1766136399.797][DEBUG]: DevTools WebSocket Response: Runtime.releaseObjectGroup (id=717) (session_id=0AAA18818893BB4F6B34C271151FCEB6) 5DE497F544D78911CBD1B96C7216F4D3 {
}
[1766136399.797][DEBUG]: DevTools WebSocket Response: Runtime.evaluate (id=718) (session_id=0AAA18818893BB4F6B34C271151FCEB6) 5DE497F544D78911CBD1B96C7216F4D3 {
   "result": {
      "description": "1",
      "type": "number",
      "value": 1
   }
}
[1766136399.797][INFO]: Done waiting for pending navigations. Status: ok
[1766136399.797][INFO]: [8cac16ba8b44337f2ba68d6c6e00a2d1] RESPONSE ExecuteScript "https://spa1.scrape.center/detail/10"
[1766136399.798][INFO]: [8cac16ba8b44337f2ba68d6c6e00a2d1] COMMAND FindChildElements {
   "id": "f.5DE497F544D78911CBD1B96C7216F4D3.d.5017C2A040EE4D9953D9F7C6D2E8BB92.e.18",
   "using": "css selector",
   "value": ".m-v-sm"
}
[1766136399.798][INFO]: Waiting for pending navigations...
[1766136399.798][DEBUG]: DevTools WebSocket Command: Runtime.evaluate (id=719) (session_id=0AAA18818893BB4F6B34C271151FCEB6) 5DE497F544D78911CBD1B96C7216F4D3 {
   "expression": "1"
}
[1766136399.798][DEBUG]: DevTools WebSocket Response: Runtime.evaluate (id=719) (session_id=0AAA18818893BB4F6B34C271151FCEB6) 5DE497F544D78911CBD1B96C7216F4D3 {
   "result": {
      "description": "1",
      "type": "number",
      "value": 1
   }
}
[1766136399.798][INFO]: Done waiting for pending navigations. Status: ok
[1766136399.798][DEBUG]: DevTools WebSocket Command: Page.getFrameTree (id=720) (session_id=0AAA18818893BB4F6B34C271151FCEB6) 5DE497F544D78911CBD1B96C7216F4D3 {
}
[1766136399.799][DEBUG]: DevTools WebSocket Response: Page.getFrameTree (id=720) (session_id=0AAA18818893BB4F6B34C271151FCEB6) 5DE497F544D78911CBD1B96C7216F4D3 {
   "frameTree": {
      "frame": {
         "adFrameStatus": {
            "adFrameType": "none"
         },
         "crossOriginIsolatedContextType": "NotIsolated",
         "domainAndRegistry": "scrape.center",
         "gatedAPIFeatures": [  ],
         "id": "5DE497F544D78911CBD1B96C7216F4D3",
         "loaderId": "5017C2A040EE4D9953D9F7C6D2E8BB92",
         "mimeType": "text/html",
         "secureContextType": "Secure",
         "securityOrigin": "https://spa1.scrape.center",
         "securityOriginDetails": {
            "isLocalhost": false
         },
         "url": "https://spa1.scrape.center/"
      }
   }
}
[1766136399.799][DEBUG]: DevTools WebSocket Command: DOM.resolveNode (id=721) (session_id=0AAA18818893BB4F6B34C271151FCEB6) 5DE497F544D78911CBD1B96C7216F4D3 {
   "backendNodeId": 18,
   "objectGroup": "bb3e0791-ec7a-4eda-9a6d-2b74e7de21ad"
}
[1766136399.799][DEBUG]: DevTools WebSocket Response: DOM.resolveNode (id=721) (session_id=0AAA18818893BB4F6B34C271151FCEB6) 5DE497F544D78911CBD1B96C7216F4D3 {
   "object": {
      "className": "HTMLDivElement",
      "description": "div.el-card__body",
      "objectId": "1667652473473659487.1.201",
      "subtype": "node",
      "type": "object"
   }
}
[1766136399.799][DEBUG]: DevTools WebSocket Command: Page.getFrameTree (id=722) (session_id=0AAA18818893BB4F6B34C271151FCEB6) 5DE497F544D78911CBD1B96C7216F4D3 {
}
[1766136399.799][DEBUG]: DevTools WebSocket Response: Page.getFrameTree (id=722) (session_id=0AAA18818893BB4F6B34C271151FCEB6) 5DE497F544D78911CBD1B96C7216F4D3 {
   "frameTree": {
      "frame": {
         "adFrameStatus": {
            "adFrameType": "none"
         },
         "crossOriginIsolatedContextType": "NotIsolated",
         "domainAndRegistry": "scrape.center",
         "gatedAPIFeatures": [  ],
         "id": "5DE497F544D78911CBD1B96C7216F4D3",
         "loaderId": "5017C2A040EE4D9953D9F7C6D2E8BB92",
         "mimeType": "text/html",
         "secureContextType": "Secure",
         "securityOrigin": "https://spa1.scrape.center",
         "securityOriginDetails": {
            "isLocalhost": false
         },
         "url": "https://spa1.scrape.center/"
      }
   }
}
[1766136399.801][DEBUG]: DevTools WebSocket Command: Runtime.callFunctionOn (id=723) (session_id=0AAA18818893BB4F6B34C271151FCEB6) 5DE497F544D78911CBD1B96C7216F4D3 {
   "arguments": [ {
      "objectId": "1667652473473659487.1.201"
   } ],
   "awaitPromise": true,
   "functionDeclaration": "function(){ return (function() { // Copyright 2012 The Chromium Authors\n// Use of this source code is governed by a BSD-style license that can be\n// found in the LICENSE file.\n\n/**\n * Enum for WebD...",
   "objectGroup": "bb3e0791-ec7a-4eda-9a6d-2b74e7de21ad",
   "serializationOptions": {
      "serialization": "deep"
   },
   "uniqueContextId": "-88754438306678378.-5366136884038128798"
}
[1766136399.803][DEBUG]: DevTools WebSocket Response: Runtime.callFunctionOn (id=723) (session_id=0AAA18818893BB4F6B34C271151FCEB6) 5DE497F544D78911CBD1B96C7216F4D3 {
   "result": {
      "className": "Array",
      "deepSerializedValue": {
         "type": "array",
         "value": [ {
            "type": "string",
            "value": "{\"status\":0,\"value\":[{\"element-6066-11e4-a52e-4f735466cecf\":0},{\"element-6066-11e4-a52e-4f735466cecf\":1}]}"
         }, {
            "type": "node",
            "value": {
               "attributes": {
                  "class": "m-v-sm info",
                  "data-v-1a647406": ""
               },
               "backendNodeId": 66,
               "childNodeCount": 3,
               "loaderId": "5017C2A040EE4D9953D9F7C6D2E8BB92",
               "localName": "div",
               "namespaceURI": "http://www.w3.org/1999/xhtml",
               "nodeType": 1,
               "shadowRoot": null
            }
         }, {
            "type": "node",
            "value": {
               "attributes": {
                  "class": "m-v-sm info",
                  "data-v-1a647406": ""
               },
               "backendNodeId": 67,
               "childNodeCount": 1,
               "loaderId": "5017C2A040EE4D9953D9F7C6D2E8BB92",
               "localName": "div",
               "namespaceURI": "http://www.w3.org/1999/xhtml",
               "nodeType": 1,
               "shadowRoot": null
            }
         } ]
      },
      "description": "Array(3)",
      "objectId": "1667652473473659487.1.202",
      "subtype": "array",
      "type": "object"
   }
}
[1766136399.803][DEBUG]: DevTools WebSocket Command: Runtime.releaseObjectGroup (id=724) (session_id=0AAA18818893BB4F6B34C271151FCEB6) 5DE497F544D78911CBD1B96C7216F4D3 {
   "objectGroup": "bb3e0791-ec7a-4eda-9a6d-2b74e7de21ad"
}
[1766136399.803][INFO]: Waiting for pending navigations...
[1766136399.803][DEBUG]: DevTools WebSocket Command: Runtime.evaluate (id=725) (session_id=0AAA18818893BB4F6B34C271151FCEB6) 5DE497F544D78911CBD1B96C7216F4D3 {
   "expression": "1"
}
[1766136399.803][DEBUG]: DevTools WebSocket Response: Runtime.releaseObjectGroup (id=724) (session_id=0AAA18818893BB4F6B34C271151FCEB6) 5DE497F544D78911CBD1B96C7216F4D3 {
}
[1766136399.803][DEBUG]: DevTools WebSocket Response: Runtime.evaluate (id=725) (session_id=0AAA18818893BB4F6B34C271151FCEB6) 5DE497F544D78911CBD1B96C7216F4D3 {
   "result": {
      "description": "1",
      "type": "number",
      "value": 1
   }
}
[1766136399.803][INFO]: Done waiting for pending navigations. Status: ok
[1766136399.803][INFO]: [8cac16ba8b44337f2ba68d6c6e00a2d1] RESPONSE FindChildElements [ {
   "element-6066-11e4-a52e-4f735466cecf": "f.5DE497F544D78911CBD1B96C7216F4D3.d.5017C2A040EE4D9953D9F7C6D2E8BB92.e.66"
}, {
   "element-6066-11e4-a52e-4f735466cecf": "f.5DE497F544D78911CBD1B96C7216F4D3.d.5017C2A040EE4D9953D9F7C6D2E8BB92.e.67"
} ]
[1766136399.804][INFO]: [8cac16ba8b44337f2ba68d6c6e00a2d1] COMMAND GetElementText {
   "id": "f.5DE497F544D78911CBD1B96C7216F4D3.d.5017C2A040EE4D9953D9F7C6D2E8BB92.e.66"
}
[1766136399.804][INFO]: Waiting for pending navigations...
[1766136399.804][DEBUG]: DevTools WebSocket Command: Runtime.evaluate (id=726) (session_id=0AAA18818893BB4F6B34C271151FCEB6) 5DE497F544D78911CBD1B96C7216F4D3 {
   "expression": "1"
}
[1766136399.805][DEBUG]: DevTools WebSocket Response: Runtime.evaluate (id=726) (session_id=0AAA18818893BB4F6B34C271151FCEB6) 5DE497F544D78911CBD1B96C7216F4D3 {
   "result": {
      "description": "1",
      "type": "number",
      "value": 1
   }
}
[1766136399.805][INFO]: Done waiting for pending navigations. Status: ok
[1766136399.805][DEBUG]: DevTools WebSocket Command: Page.getFrameTree (id=727) (session_id=0AAA18818893BB4F6B34C271151FCEB6) 5DE497F544D78911CBD1B96C7216F4D3 {
}
[1766136399.805][DEBUG]: DevTools WebSocket Response: Page.getFrameTree (id=727) (session_id=0AAA18818893BB4F6B34C271151FCEB6) 5DE497F544D78911CBD1B96C7216F4D3 {
   "frameTree": {
      "frame": {
         "adFrameStatus": {
            "adFrameType": "none"
         },
         "crossOriginIsolatedContextType": "NotIsolated",
         "domainAndRegistry": "scrape.center",
         "gatedAPIFeatures": [  ],
         "id": "5DE497F544D78911CBD1B96C7216F4D3",
         "loaderId": "5017C2A040EE4D9953D9F7C6D2E8BB92",
         "mimeType": "text/html",
         "secureContextType": "Secure",
         "securityOrigin": "https://spa1.scrape.center",
         "securityOriginDetails": {
            "isLocalhost": false
         },
         "url": "https://spa1.scrape.center/"
      }
   }
}
[1766136399.805][DEBUG]: DevTools WebSocket Command: DOM.resolveNode (id=728) (session_id=0AAA18818893BB4F6B34C271151FCEB6) 5DE497F544D78911CBD1B96C7216F4D3 {
   "backendNodeId": 66,
   "objectGroup": "a327f4b6-943f-41ea-bca8-6514f6a32618"
}
[1766136399.805][DEBUG]: DevTools WebSocket Response: DOM.resolveNode (id=728) (session_id=0AAA18818893BB4F6B34C271151FCEB6) 5DE497F544D78911CBD1B96C7216F4D3 {
   "object": {
      "className": "HTMLDivElement",
      "description": "div.m-v-sm.info",
      "objectId": "1667652473473659487.1.203",
      "subtype": "node",
      "type": "object"
   }
}
[1766136399.805][DEBUG]: DevTools WebSocket Command: Page.getFrameTree (id=729) (session_id=0AAA18818893BB4F6B34C271151FCEB6) 5DE497F544D78911CBD1B96C7216F4D3 {
}
[1766136399.806][DEBUG]: DevTools WebSocket Response: Page.getFrameTree (id=729) (session_id=0AAA18818893BB4F6B34C271151FCEB6) 5DE497F544D78911CBD1B96C7216F4D3 {
   "frameTree": {
      "frame": {
         "adFrameStatus": {
            "adFrameType": "none"
         },
         "crossOriginIsolatedContextType": "NotIsolated",
         "domainAndRegistry": "scrape.center",
         "gatedAPIFeatures": [  ],
         "id": "5DE497F544D78911CBD1B96C7216F4D3",
         "loaderId": "5017C2A040EE4D9953D9F7C6D2E8BB92",
         "mimeType": "text/html",
         "secureContextType": "Secure",
         "securityOrigin": "https://spa1.scrape.center",
         "securityOriginDetails": {
            "isLocalhost": false
         },
         "url": "https://spa1.scrape.center/"
      }
   }
}
[1766136399.807][DEBUG]: DevTools WebSocket Command: Runtime.callFunctionOn (id=730) (session_id=0AAA18818893BB4F6B34C271151FCEB6) 5DE497F544D78911CBD1B96C7216F4D3 {
   "arguments": [ {
      "objectId": "1667652473473659487.1.203"
   } ],
   "awaitPromise": true,
   "functionDeclaration": "function(){ return (function() { // Copyright 2012 The Chromium Authors\n// Use of this source code is governed by a BSD-style license that can be\n// found in the LICENSE file.\n\n/**\n * Enum for WebD...",
   "objectGroup": "a327f4b6-943f-41ea-bca8-6514f6a32618",
   "serializationOptions": {
      "serialization": "deep"
   },
   "uniqueContextId": "-88754438306678378.-5366136884038128798"
}
[1766136399.809][DEBUG]: DevTools WebSocket Response: Runtime.callFunctionOn (id=730) (session_id=0AAA18818893BB4F6B34C271151FCEB6) 5DE497F544D78911CBD1B96C7216F4D3 {
   "result": {
      "className": "Array",
      "deepSerializedValue": {
         "type": "array",
         "value": [ {
            "type": "string",
            "value": "{\"status\":0,\"value\":\"美国 / 89 分钟\"}"
         } ]
      },
      "description": "Array(1)",
      "objectId": "1667652473473659487.1.204",
      "subtype": "array",
      "type": "object"
   }
}
[1766136399.810][DEBUG]: DevTools WebSocket Command: Runtime.releaseObjectGroup (id=731) (session_id=0AAA18818893BB4F6B34C271151FCEB6) 5DE497F544D78911CBD1B96C7216F4D3 {
   "objectGroup": "a327f4b6-943f-41ea-bca8-6514f6a32618"
}
[1766136399.810][INFO]: Waiting for pending navigations...
[1766136399.810][DEBUG]: DevTools WebSocket Command: Runtime.evaluate (id=732) (session_id=0AAA18818893BB4F6B34C271151FCEB6) 5DE497F544D78911CBD1B96C7216F4D3 {
   "expression": "1"
}
[1766136399.810][DEBUG]: DevTools WebSocket Response: Runtime.releaseObjectGroup (id=731) (session_id=0AAA18818893BB4F6B34C271151FCEB6) 5DE497F544D78911CBD1B96C7216F4D3 {
}
[1766136399.810][DEBUG]: DevTools WebSocket Response: Runtime.evaluate (id=732) (session_id=0AAA18818893BB4F6B34C271151FCEB6) 5DE497F544D78911CBD1B96C7216F4D3 {
   "result": {
      "description": "1",
      "type": "number",
      "value": 1
   }
}
[1766136399.810][INFO]: Done waiting for pending navigations. Status: ok
[1766136399.810][INFO]: [8cac16ba8b44337f2ba68d6c6e00a2d1] RESPONSE GetElementText "美国 / 89 分钟"
[1766136399.811][INFO]: [8cac16ba8b44337f2ba68d6c6e00a2d1] COMMAND FindChildElements {
   "id": "f.5DE497F544D78911CBD1B96C7216F4D3.d.5017C2A040EE4D9953D9F7C6D2E8BB92.e.18",
   "using": "css selector",
   "value": ".m-v-sm"
}
[1766136399.811][INFO]: Waiting for pending navigations...
[1766136399.811][DEBUG]: DevTools WebSocket Command: Runtime.evaluate (id=733) (session_id=0AAA18818893BB4F6B34C271151FCEB6) 5DE497F544D78911CBD1B96C7216F4D3 {
   "expression": "1"
}
[1766136399.812][DEBUG]: DevTools WebSocket Response: Runtime.evaluate (id=733) (session_id=0AAA18818893BB4F6B34C271151FCEB6) 5DE497F544D78911CBD1B96C7216F4D3 {
   "result": {
      "description": "1",
      "type": "number",
      "value": 1
   }
}
[1766136399.812][INFO]: Done waiting for pending navigations. Status: ok
[1766136399.812][DEBUG]: DevTools WebSocket Command: Page.getFrameTree (id=734) (session_id=0AAA18818893BB4F6B34C271151FCEB6) 5DE497F544D78911CBD1B96C7216F4D3 {
}
[1766136399.812][DEBUG]: DevTools WebSocket Response: Page.getFrameTree (id=734) (session_id=0AAA18818893BB4F6B34C271151FCEB6) 5DE497F544D78911CBD1B96C7216F4D3 {
   "frameTree": {
      "frame": {
         "adFrameStatus": {
            "adFrameType": "none"
         },
         "crossOriginIsolatedContextType": "NotIsolated",
         "domainAndRegistry": "scrape.center",
         "gatedAPIFeatures": [  ],
         "id": "5DE497F544D78911CBD1B96C7216F4D3",
         "loaderId": "5017C2A040EE4D9953D9F7C6D2E8BB92",
         "mimeType": "text/html",
         "secureContextType": "Secure",
         "securityOrigin": "https://spa1.scrape.center",
         "securityOriginDetails": {
            "isLocalhost": false
         },
         "url": "https://spa1.scrape.center/"
      }
   }
}
[1766136399.812][DEBUG]: DevTools WebSocket Command: DOM.resolveNode (id=735) (session_id=0AAA18818893BB4F6B34C271151FCEB6) 5DE497F544D78911CBD1B96C7216F4D3 {
   "backendNodeId": 18,
   "objectGroup": "f5cbb0ee-7374-4297-85a0-4bec4dfe9f93"
}
[1766136399.812][DEBUG]: DevTools WebSocket Response: DOM.resolveNode (id=735) (session_id=0AAA18818893BB4F6B34C271151FCEB6) 5DE497F544D78911CBD1B96C7216F4D3 {
   "object": {
      "className": "HTMLDivElement",
      "description": "div.el-card__body",
      "objectId": "1667652473473659487.1.205",
      "subtype": "node",
      "type": "object"
   }
}
[1766136399.812][DEBUG]: DevTools WebSocket Command: Page.getFrameTree (id=736) (session_id=0AAA18818893BB4F6B34C271151FCEB6) 5DE497F544D78911CBD1B96C7216F4D3 {
}
[1766136399.813][DEBUG]: DevTools WebSocket Response: Page.getFrameTree (id=736) (session_id=0AAA18818893BB4F6B34C271151FCEB6) 5DE497F544D78911CBD1B96C7216F4D3 {
   "frameTree": {
      "frame": {
         "adFrameStatus": {
            "adFrameType": "none"
         },
         "crossOriginIsolatedContextType": "NotIsolated",
         "domainAndRegistry": "scrape.center",
         "gatedAPIFeatures": [  ],
         "id": "5DE497F544D78911CBD1B96C7216F4D3",
         "loaderId": "5017C2A040EE4D9953D9F7C6D2E8BB92",
         "mimeType": "text/html",
         "secureContextType": "Secure",
         "securityOrigin": "https://spa1.scrape.center",
         "securityOriginDetails": {
            "isLocalhost": false
         },
         "url": "https://spa1.scrape.center/"
      }
   }
}
[1766136399.814][DEBUG]: DevTools WebSocket Command: Runtime.callFunctionOn (id=737) (session_id=0AAA18818893BB4F6B34C271151FCEB6) 5DE497F544D78911CBD1B96C7216F4D3 {
   "arguments": [ {
      "objectId": "1667652473473659487.1.205"
   } ],
   "awaitPromise": true,
   "functionDeclaration": "function(){ return (function() { // Copyright 2012 The Chromium Authors\n// Use of this source code is governed by a BSD-style license that can be\n// found in the LICENSE file.\n\n/**\n * Enum for WebD...",
   "objectGroup": "f5cbb0ee-7374-4297-85a0-4bec4dfe9f93",
   "serializationOptions": {
      "serialization": "deep"
   },
   "uniqueContextId": "-88754438306678378.-5366136884038128798"
}
[1766136399.816][DEBUG]: DevTools WebSocket Response: Runtime.callFunctionOn (id=737) (session_id=0AAA18818893BB4F6B34C271151FCEB6) 5DE497F544D78911CBD1B96C7216F4D3 {
   "result": {
      "className": "Array",
      "deepSerializedValue": {
         "type": "array",
         "value": [ {
            "type": "string",
            "value": "{\"status\":0,\"value\":[{\"element-6066-11e4-a52e-4f735466cecf\":0},{\"element-6066-11e4-a52e-4f735466cecf\":1}]}"
         }, {
            "type": "node",
            "value": {
               "attributes": {
                  "class": "m-v-sm info",
                  "data-v-1a647406": ""
               },
               "backendNodeId": 66,
               "childNodeCount": 3,
               "loaderId": "5017C2A040EE4D9953D9F7C6D2E8BB92",
               "localName": "div",
               "namespaceURI": "http://www.w3.org/1999/xhtml",
               "nodeType": 1,
               "shadowRoot": null
            }
         }, {
            "type": "node",
            "value": {
               "attributes": {
                  "class": "m-v-sm info",
                  "data-v-1a647406": ""
               },
               "backendNodeId": 67,
               "childNodeCount": 1,
               "loaderId": "5017C2A040EE4D9953D9F7C6D2E8BB92",
               "localName": "div",
               "namespaceURI": "http://www.w3.org/1999/xhtml",
               "nodeType": 1,
               "shadowRoot": null
            }
         } ]
      },
      "description": "Array(3)",
      "objectId": "1667652473473659487.1.206",
      "subtype": "array",
      "type": "object"
   }
}
[1766136399.816][DEBUG]: DevTools WebSocket Command: Runtime.releaseObjectGroup (id=738) (session_id=0AAA18818893BB4F6B34C271151FCEB6) 5DE497F544D78911CBD1B96C7216F4D3 {
   "objectGroup": "f5cbb0ee-7374-4297-85a0-4bec4dfe9f93"
}
[1766136399.816][INFO]: Waiting for pending navigations...
[1766136399.816][DEBUG]: DevTools WebSocket Command: Runtime.evaluate (id=739) (session_id=0AAA18818893BB4F6B34C271151FCEB6) 5DE497F544D78911CBD1B96C7216F4D3 {
   "expression": "1"
}
[1766136399.816][DEBUG]: DevTools WebSocket Response: Runtime.releaseObjectGroup (id=738) (session_id=0AAA18818893BB4F6B34C271151FCEB6) 5DE497F544D78911CBD1B96C7216F4D3 {
}
[1766136399.816][DEBUG]: DevTools WebSocket Response: Runtime.evaluate (id=739) (session_id=0AAA18818893BB4F6B34C271151FCEB6) 5DE497F544D78911CBD1B96C7216F4D3 {
   "result": {
      "description": "1",
      "type": "number",
      "value": 1
   }
}
[1766136399.816][INFO]: Done waiting for pending navigations. Status: ok
[1766136399.816][INFO]: [8cac16ba8b44337f2ba68d6c6e00a2d1] RESPONSE FindChildElements [ {
   "element-6066-11e4-a52e-4f735466cecf": "f.5DE497F544D78911CBD1B96C7216F4D3.d.5017C2A040EE4D9953D9F7C6D2E8BB92.e.66"
}, {
   "element-6066-11e4-a52e-4f735466cecf": "f.5DE497F544D78911CBD1B96C7216F4D3.d.5017C2A040EE4D9953D9F7C6D2E8BB92.e.67"
} ]
[1766136399.817][INFO]: [8cac16ba8b44337f2ba68d6c6e00a2d1] COMMAND GetElementText {
   "id": "f.5DE497F544D78911CBD1B96C7216F4D3.d.5017C2A040EE4D9953D9F7C6D2E8BB92.e.67"
}
[1766136399.817][INFO]: Waiting for pending navigations...
[1766136399.817][DEBUG]: DevTools WebSocket Command: Runtime.evaluate (id=740) (session_id=0AAA18818893BB4F6B34C271151FCEB6) 5DE497F544D78911CBD1B96C7216F4D3 {
   "expression": "1"
}
[1766136399.817][DEBUG]: DevTools WebSocket Response: Runtime.evaluate (id=740) (session_id=0AAA18818893BB4F6B34C271151FCEB6) 5DE497F544D78911CBD1B96C7216F4D3 {
   "result": {
      "description": "1",
      "type": "number",
      "value": 1
   }
}
[1766136399.817][INFO]: Done waiting for pending navigations. Status: ok
[1766136399.817][DEBUG]: DevTools WebSocket Command: Page.getFrameTree (id=741) (session_id=0AAA18818893BB4F6B34C271151FCEB6) 5DE497F544D78911CBD1B96C7216F4D3 {
}
[1766136399.818][DEBUG]: DevTools WebSocket Response: Page.getFrameTree (id=741) (session_id=0AAA18818893BB4F6B34C271151FCEB6) 5DE497F544D78911CBD1B96C7216F4D3 {
   "frameTree": {
      "frame": {
         "adFrameStatus": {
            "adFrameType": "none"
         },
         "crossOriginIsolatedContextType": "NotIsolated",
         "domainAndRegistry": "scrape.center",
         "gatedAPIFeatures": [  ],
         "id": "5DE497F544D78911CBD1B96C7216F4D3",
         "loaderId": "5017C2A040EE4D9953D9F7C6D2E8BB92",
         "mimeType": "text/html",
         "secureContextType": "Secure",
         "securityOrigin": "https://spa1.scrape.center",
         "securityOriginDetails": {
            "isLocalhost": false
         },
         "url": "https://spa1.scrape.center/"
      }
   }
}
[1766136399.818][DEBUG]: DevTools WebSocket Command: DOM.resolveNode (id=742) (session_id=0AAA18818893BB4F6B34C271151FCEB6) 5DE497F544D78911CBD1B96C7216F4D3 {
   "backendNodeId": 67,
   "objectGroup": "25496136-ac12-412f-976a-3a6ceda17ca9"
}
[1766136399.818][DEBUG]: DevTools WebSocket Response: DOM.resolveNode (id=742) (session_id=0AAA18818893BB4F6B34C271151FCEB6) 5DE497F544D78911CBD1B96C7216F4D3 {
   "object": {
      "className": "HTMLDivElement",
      "description": "div.m-v-sm.info",
      "objectId": "1667652473473659487.1.207",
      "subtype": "node",
      "type": "object"
   }
}
[1766136399.818][DEBUG]: DevTools WebSocket Command: Page.getFrameTree (id=743) (session_id=0AAA18818893BB4F6B34C271151FCEB6) 5DE497F544D78911CBD1B96C7216F4D3 {
}
[1766136399.819][DEBUG]: DevTools WebSocket Response: Page.getFrameTree (id=743) (session_id=0AAA18818893BB4F6B34C271151FCEB6) 5DE497F544D78911CBD1B96C7216F4D3 {
   "frameTree": {
      "frame": {
         "adFrameStatus": {
            "adFrameType": "none"
         },
         "crossOriginIsolatedContextType": "NotIsolated",
         "domainAndRegistry": "scrape.center",
         "gatedAPIFeatures": [  ],
         "id": "5DE497F544D78911CBD1B96C7216F4D3",
         "loaderId": "5017C2A040EE4D9953D9F7C6D2E8BB92",
         "mimeType": "text/html",
         "secureContextType": "Secure",
         "securityOrigin": "https://spa1.scrape.center",
         "securityOriginDetails": {
            "isLocalhost": false
         },
         "url": "https://spa1.scrape.center/"
      }
   }
}
[1766136399.820][DEBUG]: DevTools WebSocket Command: Runtime.callFunctionOn (id=744) (session_id=0AAA18818893BB4F6B34C271151FCEB6) 5DE497F544D78911CBD1B96C7216F4D3 {
   "arguments": [ {
      "objectId": "1667652473473659487.1.207"
   } ],
   "awaitPromise": true,
   "functionDeclaration": "function(){ return (function() { // Copyright 2012 The Chromium Authors\n// Use of this source code is governed by a BSD-style license that can be\n// found in the LICENSE file.\n\n/**\n * Enum for WebD...",
   "objectGroup": "25496136-ac12-412f-976a-3a6ceda17ca9",
   "serializationOptions": {
      "serialization": "deep"
   },
   "uniqueContextId": "-88754438306678378.-5366136884038128798"
}
[1766136399.822][DEBUG]: DevTools WebSocket Response: Runtime.callFunctionOn (id=744) (session_id=0AAA18818893BB4F6B34C271151FCEB6) 5DE497F544D78911CBD1B96C7216F4D3 {
   "result": {
      "className": "Array",
      "deepSerializedValue": {
         "type": "array",
         "value": [ {
            "type": "string",
            "value": "{\"status\":0,\"value\":\"1995-07-15 上映\"}"
         } ]
      },
      "description": "Array(1)",
      "objectId": "1667652473473659487.1.208",
      "subtype": "array",
      "type": "object"
   }
}
[1766136399.822][DEBUG]: DevTools WebSocket Command: Runtime.releaseObjectGroup (id=745) (session_id=0AAA18818893BB4F6B34C271151FCEB6) 5DE497F544D78911CBD1B96C7216F4D3 {
   "objectGroup": "25496136-ac12-412f-976a-3a6ceda17ca9"
}
[1766136399.822][INFO]: Waiting for pending navigations...
[1766136399.822][DEBUG]: DevTools WebSocket Command: Runtime.evaluate (id=746) (session_id=0AAA18818893BB4F6B34C271151FCEB6) 5DE497F544D78911CBD1B96C7216F4D3 {
   "expression": "1"
}
[1766136399.823][DEBUG]: DevTools WebSocket Response: Runtime.releaseObjectGroup (id=745) (session_id=0AAA18818893BB4F6B34C271151FCEB6) 5DE497F544D78911CBD1B96C7216F4D3 {
}
[1766136399.823][DEBUG]: DevTools WebSocket Response: Runtime.evaluate (id=746) (session_id=0AAA18818893BB4F6B34C271151FCEB6) 5DE497F544D78911CBD1B96C7216F4D3 {
   "result": {
      "description": "1",
      "type": "number",
      "value": 1
   }
}
[1766136399.823][INFO]: Done waiting for pending navigations. Status: ok
[1766136399.823][INFO]: [8cac16ba8b44337f2ba68d6c6e00a2d1] RESPONSE GetElementText "1995-07-15 上映"
[1766136399.824][INFO]: [8cac16ba8b44337f2ba68d6c6e00a2d1] COMMAND FindChildElement {
   "id": "f.5DE497F544D78911CBD1B96C7216F4D3.d.5017C2A040EE4D9953D9F7C6D2E8BB92.e.18",
   "using": "css selector",
   "value": ".score"
}
[1766136399.824][INFO]: Waiting for pending navigations...
[1766136399.824][DEBUG]: DevTools WebSocket Command: Runtime.evaluate (id=747) (session_id=0AAA18818893BB4F6B34C271151FCEB6) 5DE497F544D78911CBD1B96C7216F4D3 {
   "expression": "1"
}
[1766136399.824][DEBUG]: DevTools WebSocket Response: Runtime.evaluate (id=747) (session_id=0AAA18818893BB4F6B34C271151FCEB6) 5DE497F544D78911CBD1B96C7216F4D3 {
   "result": {
      "description": "1",
      "type": "number",
      "value": 1
   }
}
[1766136399.824][INFO]: Done waiting for pending navigations. Status: ok
[1766136399.824][DEBUG]: DevTools WebSocket Command: Page.getFrameTree (id=748) (session_id=0AAA18818893BB4F6B34C271151FCEB6) 5DE497F544D78911CBD1B96C7216F4D3 {
}
[1766136399.824][DEBUG]: DevTools WebSocket Response: Page.getFrameTree (id=748) (session_id=0AAA18818893BB4F6B34C271151FCEB6) 5DE497F544D78911CBD1B96C7216F4D3 {
   "frameTree": {
      "frame": {
         "adFrameStatus": {
            "adFrameType": "none"
         },
         "crossOriginIsolatedContextType": "NotIsolated",
         "domainAndRegistry": "scrape.center",
         "gatedAPIFeatures": [  ],
         "id": "5DE497F544D78911CBD1B96C7216F4D3",
         "loaderId": "5017C2A040EE4D9953D9F7C6D2E8BB92",
         "mimeType": "text/html",
         "secureContextType": "Secure",
         "securityOrigin": "https://spa1.scrape.center",
         "securityOriginDetails": {
            "isLocalhost": false
         },
         "url": "https://spa1.scrape.center/"
      }
   }
}
[1766136399.824][DEBUG]: DevTools WebSocket Command: DOM.resolveNode (id=749) (session_id=0AAA18818893BB4F6B34C271151FCEB6) 5DE497F544D78911CBD1B96C7216F4D3 {
   "backendNodeId": 18,
   "objectGroup": "75513059-564e-477a-aa5f-42dcd0c1734f"
}
[1766136399.825][DEBUG]: DevTools WebSocket Response: DOM.resolveNode (id=749) (session_id=0AAA18818893BB4F6B34C271151FCEB6) 5DE497F544D78911CBD1B96C7216F4D3 {
   "object": {
      "className": "HTMLDivElement",
      "description": "div.el-card__body",
      "objectId": "1667652473473659487.1.209",
      "subtype": "node",
      "type": "object"
   }
}
[1766136399.825][DEBUG]: DevTools WebSocket Command: Page.getFrameTree (id=750) (session_id=0AAA18818893BB4F6B34C271151FCEB6) 5DE497F544D78911CBD1B96C7216F4D3 {
}
[1766136399.825][DEBUG]: DevTools WebSocket Response: Page.getFrameTree (id=750) (session_id=0AAA18818893BB4F6B34C271151FCEB6) 5DE497F544D78911CBD1B96C7216F4D3 {
   "frameTree": {
      "frame": {
         "adFrameStatus": {
            "adFrameType": "none"
         },
         "crossOriginIsolatedContextType": "NotIsolated",
         "domainAndRegistry": "scrape.center",
         "gatedAPIFeatures": [  ],
         "id": "5DE497F544D78911CBD1B96C7216F4D3",
         "loaderId": "5017C2A040EE4D9953D9F7C6D2E8BB92",
         "mimeType": "text/html",
         "secureContextType": "Secure",
         "securityOrigin": "https://spa1.scrape.center",
         "securityOriginDetails": {
            "isLocalhost": false
         },
         "url": "https://spa1.scrape.center/"
      }
   }
}
[1766136399.826][DEBUG]: DevTools WebSocket Command: Runtime.callFunctionOn (id=751) (session_id=0AAA18818893BB4F6B34C271151FCEB6) 5DE497F544D78911CBD1B96C7216F4D3 {
   "arguments": [ {
      "objectId": "1667652473473659487.1.209"
   } ],
   "awaitPromise": true,
   "functionDeclaration": "function(){ return (function() { // Copyright 2012 The Chromium Authors\n// Use of this source code is governed by a BSD-style license that can be\n// found in the LICENSE file.\n\n/**\n * Enum for WebD...",
   "objectGroup": "75513059-564e-477a-aa5f-42dcd0c1734f",
   "serializationOptions": {
      "serialization": "deep"
   },
   "uniqueContextId": "-88754438306678378.-5366136884038128798"
}
[1766136399.828][DEBUG]: DevTools WebSocket Response: Runtime.callFunctionOn (id=751) (session_id=0AAA18818893BB4F6B34C271151FCEB6) 5DE497F544D78911CBD1B96C7216F4D3 {
   "result": {
      "className": "Array",
      "deepSerializedValue": {
         "type": "array",
         "value": [ {
            "type": "string",
            "value": "{\"status\":0,\"value\":{\"element-6066-11e4-a52e-4f735466cecf\":0}}"
         }, {
            "type": "node",
            "value": {
               "attributes": {
                  "class": "score m-t-md m-b-n-sm",
                  "data-v-1a647406": ""
               },
               "backendNodeId": 68,
               "childNodeCount": 1,
               "loaderId": "5017C2A040EE4D9953D9F7C6D2E8BB92",
               "localName": "p",
               "namespaceURI": "http://www.w3.org/1999/xhtml",
               "nodeType": 1,
               "shadowRoot": null
            }
         } ]
      },
      "description": "Array(2)",
      "objectId": "1667652473473659487.1.210",
      "subtype": "array",
      "type": "object"
   }
}
[1766136399.828][DEBUG]: DevTools WebSocket Command: Runtime.releaseObjectGroup (id=752) (session_id=0AAA18818893BB4F6B34C271151FCEB6) 5DE497F544D78911CBD1B96C7216F4D3 {
   "objectGroup": "75513059-564e-477a-aa5f-42dcd0c1734f"
}
[1766136399.828][INFO]: Waiting for pending navigations...
[1766136399.829][DEBUG]: DevTools WebSocket Command: Runtime.evaluate (id=753) (session_id=0AAA18818893BB4F6B34C271151FCEB6) 5DE497F544D78911CBD1B96C7216F4D3 {
   "expression": "1"
}
[1766136399.829][DEBUG]: DevTools WebSocket Response: Runtime.releaseObjectGroup (id=752) (session_id=0AAA18818893BB4F6B34C271151FCEB6) 5DE497F544D78911CBD1B96C7216F4D3 {
}
[1766136399.829][DEBUG]: DevTools WebSocket Response: Runtime.evaluate (id=753) (session_id=0AAA18818893BB4F6B34C271151FCEB6) 5DE497F544D78911CBD1B96C7216F4D3 {
   "result": {
      "description": "1",
      "type": "number",
      "value": 1
   }
}
[1766136399.829][INFO]: Done waiting for pending navigations. Status: ok
[1766136399.829][INFO]: [8cac16ba8b44337f2ba68d6c6e00a2d1] RESPONSE FindChildElement {
   "element-6066-11e4-a52e-4f735466cecf": "f.5DE497F544D78911CBD1B96C7216F4D3.d.5017C2A040EE4D9953D9F7C6D2E8BB92.e.68"
}
[1766136399.830][INFO]: [8cac16ba8b44337f2ba68d6c6e00a2d1] COMMAND GetElementText {
   "id": "f.5DE497F544D78911CBD1B96C7216F4D3.d.5017C2A040EE4D9953D9F7C6D2E8BB92.e.68"
}
[1766136399.830][INFO]: Waiting for pending navigations...
[1766136399.830][DEBUG]: DevTools WebSocket Command: Runtime.evaluate (id=754) (session_id=0AAA18818893BB4F6B34C271151FCEB6) 5DE497F544D78911CBD1B96C7216F4D3 {
   "expression": "1"
}
[1766136399.830][DEBUG]: DevTools WebSocket Response: Runtime.evaluate (id=754) (session_id=0AAA18818893BB4F6B34C271151FCEB6) 5DE497F544D78911CBD1B96C7216F4D3 {
   "result": {
      "description": "1",
      "type": "number",
      "value": 1
   }
}
[1766136399.830][INFO]: Done waiting for pending navigations. Status: ok
[1766136399.830][DEBUG]: DevTools WebSocket Command: Page.getFrameTree (id=755) (session_id=0AAA18818893BB4F6B34C271151FCEB6) 5DE497F544D78911CBD1B96C7216F4D3 {
}
[1766136399.830][DEBUG]: DevTools WebSocket Response: Page.getFrameTree (id=755) (session_id=0AAA18818893BB4F6B34C271151FCEB6) 5DE497F544D78911CBD1B96C7216F4D3 {
   "frameTree": {
      "frame": {
         "adFrameStatus": {
            "adFrameType": "none"
         },
         "crossOriginIsolatedContextType": "NotIsolated",
         "domainAndRegistry": "scrape.center",
         "gatedAPIFeatures": [  ],
         "id": "5DE497F544D78911CBD1B96C7216F4D3",
         "loaderId": "5017C2A040EE4D9953D9F7C6D2E8BB92",
         "mimeType": "text/html",
         "secureContextType": "Secure",
         "securityOrigin": "https://spa1.scrape.center",
         "securityOriginDetails": {
            "isLocalhost": false
         },
         "url": "https://spa1.scrape.center/"
      }
   }
}
[1766136399.830][DEBUG]: DevTools WebSocket Command: DOM.resolveNode (id=756) (session_id=0AAA18818893BB4F6B34C271151FCEB6) 5DE497F544D78911CBD1B96C7216F4D3 {
   "backendNodeId": 68,
   "objectGroup": "87d41b71-b53e-4464-b861-3f1b040ad17e"
}
[1766136399.831][DEBUG]: DevTools WebSocket Response: DOM.resolveNode (id=756) (session_id=0AAA18818893BB4F6B34C271151FCEB6) 5DE497F544D78911CBD1B96C7216F4D3 {
   "object": {
      "className": "HTMLParagraphElement",
      "description": "p.score.m-t-md.m-b-n-sm",
      "objectId": "1667652473473659487.1.211",
      "subtype": "node",
      "type": "object"
   }
}
[1766136399.831][DEBUG]: DevTools WebSocket Command: Page.getFrameTree (id=757) (session_id=0AAA18818893BB4F6B34C271151FCEB6) 5DE497F544D78911CBD1B96C7216F4D3 {
}
[1766136399.831][DEBUG]: DevTools WebSocket Response: Page.getFrameTree (id=757) (session_id=0AAA18818893BB4F6B34C271151FCEB6) 5DE497F544D78911CBD1B96C7216F4D3 {
   "frameTree": {
      "frame": {
         "adFrameStatus": {
            "adFrameType": "none"
         },
         "crossOriginIsolatedContextType": "NotIsolated",
         "domainAndRegistry": "scrape.center",
         "gatedAPIFeatures": [  ],
         "id": "5DE497F544D78911CBD1B96C7216F4D3",
         "loaderId": "5017C2A040EE4D9953D9F7C6D2E8BB92",
         "mimeType": "text/html",
         "secureContextType": "Secure",
         "securityOrigin": "https://spa1.scrape.center",
         "securityOriginDetails": {
            "isLocalhost": false
         },
         "url": "https://spa1.scrape.center/"
      }
   }
}
[1766136399.832][DEBUG]: DevTools WebSocket Command: Runtime.callFunctionOn (id=758) (session_id=0AAA18818893BB4F6B34C271151FCEB6) 5DE497F544D78911CBD1B96C7216F4D3 {
   "arguments": [ {
      "objectId": "1667652473473659487.1.211"
   } ],
   "awaitPromise": true,
   "functionDeclaration": "function(){ return (function() { // Copyright 2012 The Chromium Authors\n// Use of this source code is governed by a BSD-style license that can be\n// found in the LICENSE file.\n\n/**\n * Enum for WebD...",
   "objectGroup": "87d41b71-b53e-4464-b861-3f1b040ad17e",
   "serializationOptions": {
      "serialization": "deep"
   },
   "uniqueContextId": "-88754438306678378.-5366136884038128798"
}
[1766136399.834][DEBUG]: DevTools WebSocket Response: Runtime.callFunctionOn (id=758) (session_id=0AAA18818893BB4F6B34C271151FCEB6) 5DE497F544D78911CBD1B96C7216F4D3 {
   "result": {
      "className": "Array",
      "deepSerializedValue": {
         "type": "array",
         "value": [ {
            "type": "string",
            "value": "{\"status\":0,\"value\":\"9.0\"}"
         } ]
      },
      "description": "Array(1)",
      "objectId": "1667652473473659487.1.212",
      "subtype": "array",
      "type": "object"
   }
}
[1766136399.835][DEBUG]: DevTools WebSocket Command: Runtime.releaseObjectGroup (id=759) (session_id=0AAA18818893BB4F6B34C271151FCEB6) 5DE497F544D78911CBD1B96C7216F4D3 {
   "objectGroup": "87d41b71-b53e-4464-b861-3f1b040ad17e"
}
[1766136399.835][INFO]: Waiting for pending navigations...
[1766136399.835][DEBUG]: DevTools WebSocket Command: Runtime.evaluate (id=760) (session_id=0AAA18818893BB4F6B34C271151FCEB6) 5DE497F544D78911CBD1B96C7216F4D3 {
   "expression": "1"
}
[1766136399.835][DEBUG]: DevTools WebSocket Response: Runtime.releaseObjectGroup (id=759) (session_id=0AAA18818893BB4F6B34C271151FCEB6) 5DE497F544D78911CBD1B96C7216F4D3 {
}
[1766136399.835][DEBUG]: DevTools WebSocket Response: Runtime.evaluate (id=760) (session_id=0AAA18818893BB4F6B34C271151FCEB6) 5DE497F544D78911CBD1B96C7216F4D3 {
   "result": {
      "description": "1",
      "type": "number",
      "value": 1
   }
}
[1766136399.835][INFO]: Done waiting for pending navigations. Status: ok
[1766136399.835][INFO]: [8cac16ba8b44337f2ba68d6c6e00a2d1] RESPONSE GetElementText "9.0"
[1766136399.836][INFO]: [8cac16ba8b44337f2ba68d6c6e00a2d1] COMMAND Quit {
}
[1766136399.884][INFO]: [8cac16ba8b44337f2ba68d6c6e00a2d1] RESPONSE Quit
[1766136399.884][DEBUG]: Log type 'driver' lost 0 entries on destruction
[1766136399.884][DEBUG]: Log type 'browser' lost 0 entries on destruction
